#
# There is insufficient memory for the Java Runtime Environment to continue.
# Native memory allocation (mmap) failed to map 499122176 bytes for G1 virtual space
# Possible reasons:
#   The system is out of physical RAM or swap space
#   The process is running with CompressedOops enabled, and the Java Heap may be blocking the growth of the native heap
# Possible solutions:
#   Reduce memory load on the system
#   Increase physical memory or swap space
#   Check if swap backing store is full
#   Decrease Java heap size (-Xmx/-Xms)
#   Decrease number of Java threads
#   Decrease Java thread stack sizes (-Xss)
#   Set larger code cache with -XX:ReservedCodeCacheSize=
#   JVM is running with Unscaled Compressed Oops mode in which the Java heap is
#     placed in the first 4GB address space. The Java Heap base address is the
#     maximum limit for the native heap growth. Please use -XX:HeapBaseMinAddress
#     to set the Java Heap base and to place the Java Heap above 4GB virtual address.
# This output file may be truncated or incomplete.
#
#  Out of Memory Error (os_windows.cpp:3527), pid=8948, tid=26600
#
# JRE version: Java(TM) SE Runtime Environment (19.0.1+10) (build 19.0.1+10-21)
# Java VM: Java HotSpot(TM) 64-Bit Server VM (19.0.1+10-21, mixed mode, sharing, tiered, compressed oops, compressed class ptrs, g1 gc, windows-amd64)
# No core dump will be written. Minidumps are not enabled by default on client versions of Windows
#

---------------  S U M M A R Y ------------

Command Line: --add-opens=java.base/java.lang=ALL-UNNAMED --add-opens=java.base/java.lang.invoke=ALL-UNNAMED --add-opens=java.base/java.util=ALL-UNNAMED --add-opens=java.prefs/java.util.prefs=ALL-UNNAMED --add-exports=jdk.compiler/com.sun.tools.javac.api=ALL-UNNAMED --add-exports=jdk.compiler/com.sun.tools.javac.util=ALL-UNNAMED --add-opens=java.base/java.util=ALL-UNNAMED --add-opens=java.prefs/java.util.prefs=ALL-UNNAMED --add-opens=java.base/java.nio.charset=ALL-UNNAMED --add-opens=java.base/java.net=ALL-UNNAMED --add-opens=java.base/java.util.concurrent=ALL-UNNAMED --add-opens=java.base/java.util.concurrent.atomic=ALL-UNNAMED --add-opens=java.xml/javax.xml.namespace=ALL-UNNAMED --add-opens=java.base/java.time=ALL-UNNAMED -XX:MaxMetaspaceSize=512m -Xmx2048m -Dfile.encoding=UTF-8 -Duser.country=US -Duser.language=en -Duser.variant -javaagent:C:\Users\JONATHAN\.gradle\wrapper\dists\gradle-9.4.1-bin\arn2x92ynaizyzdaamcbpbhtj\gradle-9.4.1\lib\agents\gradle-instrumentation-agent-9.4.1.jar org.gradle.launcher.daemon.bootstrap.GradleDaemon 9.4.1

Host: Intel(R) Core(TM) i7-9750H CPU @ 2.60GHz, 12 cores, 15G,  Windows 11 , 64 bit Build 26100 (10.0.26100.9444)
Time: Fri Sep 18 10:23:22 2026 Egypt Daylight Time elapsed time: 53219.613850 seconds (0d 14h 46m 59s)

---------------  T H R E A D  ---------------

Current thread (0x0000023957809be0):  VMThread "VM Thread" [stack: 0x0000004d5df00000,0x0000004d5e000000] [id=26600]

Stack: [0x0000004d5df00000,0x0000004d5e000000]
Native frames: (J=compiled Java code, j=interpreted, Vv=VM code, C=native code)
V  [jvm.dll+0x6ee8fa]
V  [jvm.dll+0x857a1e]
V  [jvm.dll+0x85940e]
V  [jvm.dll+0x859ac3]
V  [jvm.dll+0x28291f]
V  [jvm.dll+0x6eb6e9]
V  [jvm.dll+0x6e028a]
V  [jvm.dll+0x357136]
V  [jvm.dll+0x35eb96]
V  [jvm.dll+0x3b555e]
V  [jvm.dll+0x3b578f]
V  [jvm.dll+0x32c6ea]
V  [jvm.dll+0x32c797]
V  [jvm.dll+0x374b52]
V  [jvm.dll+0x37328f]
V  [jvm.dll+0x32bf10]
V  [jvm.dll+0x37282b]
V  [jvm.dll+0x85ef83]
V  [jvm.dll+0x85fd49]
V  [jvm.dll+0x86027d]
V  [jvm.dll+0x86070b]
V  [jvm.dll+0x8607c7]
V  [jvm.dll+0x8015fa]
V  [jvm.dll+0x6ed5eb]
C  [ucrtbase.dll+0x2cd30]
C  [KERNEL32.DLL+0x2cd87]
C  [ntdll.dll+0xacaec]

VM_Operation (0x0000004d619f9bd0): G1CollectForAllocation, mode: safepoint, requested by thread 0x000002397aa0a520


---------------  P R O C E S S  ---------------

Threads class SMR info:
_java_thread_list=0x00000239781d0bb0, length=98, elements={
0x0000023939586fb0, 0x000002395782a440, 0x000002395782ad70, 0x000002395782d6e0,
0x0000023957830f90, 0x0000023957831cf0, 0x0000023957837230, 0x000002395783a730,
0x000002395783ba50, 0x000002395783cf70, 0x000002395a47e770, 0x000002395a616870,
0x0000023960ce5cd0, 0x0000023960ca7020, 0x000002396079e830, 0x0000023960690640,
0x0000023960690b90, 0x0000023960692620, 0x0000023960f2ff60, 0x0000023960f319f0,
0x0000023960f33f20, 0x0000023960f34f10, 0x0000023963c02460, 0x000002396552c940,
0x000002396552d930, 0x000002396552b950, 0x000002396552a960, 0x000002396552d3e0,
0x000002395f93e860, 0x000002395f93cdd0, 0x000002395f93fda0, 0x000002395f93d870,
0x000002395f942d70, 0x000002395f943810, 0x0000023966e3b380, 0x000002396cfa2900,
0x000002396cfa68c0, 0x000002396cfa8df0, 0x000002396cfa7e00, 0x000002395a573260,
0x000002395a573d00, 0x000002395a574cf0, 0x000002395a5747a0, 0x000002395a575790,
0x000002395f940d90, 0x000002396e187030, 0x000002396dea3020, 0x0000023960f31f40,
0x0000023963c08950, 0x0000023966e398f0, 0x000002396552c3f0, 0x000002395a56fd40,
0x000002396e185050, 0x000002397aa1e140, 0x000002397aa19190, 0x000002396dea0af0,
0x000002397aa16c60, 0x00000239670e1bc0, 0x000002397aa1b6c0, 0x0000023964742560,
0x000002397aa565a0, 0x000002397aa555b0, 0x0000023964742010, 0x000002397aa55b00,
0x000002397aa55060, 0x000002397aa56050, 0x0000023963d06b00, 0x0000023963d08ae0,
0x0000023963d075a0, 0x0000023963d09030, 0x0000023963d09580, 0x00000239635b7b20,
0x0000023979e00920, 0x0000023979e01e60, 0x0000023979e00e70, 0x0000023979e013c0,
0x0000023966dc7320, 0x0000023966dc6880, 0x0000023979e01910, 0x000002396dea0050,
0x0000023964743550, 0x0000023964742ab0, 0x000002397aa08fe0, 0x000002397aa0a520,
0x00000239635b85c0, 0x00000239635b8070, 0x0000023963d06060, 0x0000023964743000,
0x000002396bfdc590, 0x000002395a5975b0, 0x000002395a597b00, 0x000002397aa0aa70,
0x0000023963d065b0, 0x00000239635b7080, 0x00000239635b75d0, 0x0000023966fd1ee0,
0x000002396dea1040, 0x000002396dea2580
}

Java Threads: ( => current thread )
  0x0000023939586fb0 JavaThread "main" [_thread_blocked, id=440, stack(0x0000004d5d900000,0x0000004d5da00000)]
  0x000002395782a440 JavaThread "Reference Handler" daemon [_thread_blocked, id=22340, stack(0x0000004d5e000000,0x0000004d5e100000)]
  0x000002395782ad70 JavaThread "Finalizer" daemon [_thread_blocked, id=18484, stack(0x0000004d5e100000,0x0000004d5e200000)]
  0x000002395782d6e0 JavaThread "Signal Dispatcher" daemon [_thread_blocked, id=3808, stack(0x0000004d5e200000,0x0000004d5e300000)]
  0x0000023957830f90 JavaThread "Attach Listener" daemon [_thread_blocked, id=19656, stack(0x0000004d5e300000,0x0000004d5e400000)]
  0x0000023957831cf0 JavaThread "Service Thread" daemon [_thread_blocked, id=1784, stack(0x0000004d5e400000,0x0000004d5e500000)]
  0x0000023957837230 JavaThread "Monitor Deflation Thread" daemon [_thread_blocked, id=23948, stack(0x0000004d5e500000,0x0000004d5e600000)]
  0x000002395783a730 JavaThread "C2 CompilerThread0" daemon [_thread_blocked, id=26512, stack(0x0000004d5e600000,0x0000004d5e700000)]
  0x000002395783ba50 JavaThread "C1 CompilerThread0" daemon [_thread_blocked, id=26032, stack(0x0000004d5e700000,0x0000004d5e800000)]
  0x000002395783cf70 JavaThread "Sweeper thread" daemon [_thread_blocked, id=25284, stack(0x0000004d5e800000,0x0000004d5e900000)]
  0x000002395a47e770 JavaThread "Common-Cleaner" daemon [_thread_blocked, id=1200, stack(0x0000004d5e900000,0x0000004d5ea00000)]
  0x000002395a616870 JavaThread "Notification Thread" daemon [_thread_blocked, id=24396, stack(0x0000004d5ea00000,0x0000004d5eb00000)]
  0x0000023960ce5cd0 JavaThread "Daemon health stats" [_thread_blocked, id=22536, stack(0x0000004d5f300000,0x0000004d5f400000)]
  0x0000023960ca7020 JavaThread "Incoming local TCP Connector on port 54706" [_thread_in_native, id=11212, stack(0x0000004d5ed00000,0x0000004d5ee00000)]
  0x000002396079e830 JavaThread "Daemon periodic checks" [_thread_blocked, id=23084, stack(0x0000004d5f400000,0x0000004d5f500000)]
  0x0000023960690640 JavaThread "Cache worker for journal cache (C:\Users\JONATHAN\.gradle\caches\journal-1)" [_thread_blocked, id=6744, stack(0x0000004d5fc00000,0x0000004d5fd00000)]
  0x0000023960690b90 JavaThread "File lock request listener" [_thread_in_native, id=25452, stack(0x0000004d5fd00000,0x0000004d5fe00000)]
  0x0000023960692620 JavaThread "Cache worker for file hash cache (C:\Users\JONATHAN\.gradle\caches\9.4.1\fileHashes)" [_thread_blocked, id=6568, stack(0x0000004d5fe00000,0x0000004d5ff00000)]
  0x0000023960f2ff60 JavaThread "File watcher server" daemon [_thread_blocked, id=23000, stack(0x0000004d60800000,0x0000004d60900000)]
  0x0000023960f319f0 JavaThread "File watcher consumer" daemon [_thread_blocked, id=19840, stack(0x0000004d60900000,0x0000004d60a00000)]
  0x0000023960f33f20 JavaThread "Cache worker for file content cache (C:\Users\JONATHAN\.gradle\caches\9.4.1\fileContent)" [_thread_blocked, id=26328, stack(0x0000004d60a00000,0x0000004d60b00000)]
  0x0000023960f34f10 JavaThread "jar transforms" [_thread_blocked, id=2956, stack(0x0000004d60e00000,0x0000004d60f00000)]
  0x0000023963c02460 JavaThread "Memory manager" [_thread_blocked, id=24836, stack(0x0000004d61200000,0x0000004d61300000)]
  0x000002396552c940 JavaThread "jar transforms Thread 2" [_thread_blocked, id=19888, stack(0x0000004d62500000,0x0000004d62600000)]
  0x000002396552d930 JavaThread "jar transforms Thread 3" [_thread_blocked, id=23780, stack(0x0000004d62600000,0x0000004d62700000)]
  0x000002396552b950 JavaThread "jar transforms Thread 4" [_thread_blocked, id=26612, stack(0x0000004d62700000,0x0000004d62800000)]
  0x000002396552a960 JavaThread "jar transforms Thread 5" [_thread_blocked, id=23288, stack(0x0000004d62800000,0x0000004d62900000)]
  0x000002396552d3e0 JavaThread "jar transforms Thread 6" [_thread_blocked, id=25908, stack(0x0000004d62900000,0x0000004d62a00000)]
  0x000002395f93e860 JavaThread "jar transforms Thread 7" [_thread_blocked, id=6884, stack(0x0000004d62b00000,0x0000004d62c00000)]
  0x000002395f93cdd0 JavaThread "jar transforms Thread 8" [_thread_blocked, id=4288, stack(0x0000004d62d00000,0x0000004d62e00000)]
  0x000002395f93fda0 JavaThread "jar transforms Thread 9" [_thread_blocked, id=25572, stack(0x0000004d62e00000,0x0000004d62f00000)]
  0x000002395f93d870 JavaThread "jar transforms Thread 10" [_thread_blocked, id=20824, stack(0x0000004d63000000,0x0000004d63100000)]
  0x000002395f942d70 JavaThread "jar transforms Thread 11" [_thread_blocked, id=25404, stack(0x0000004d63100000,0x0000004d63200000)]
  0x000002395f943810 JavaThread "jar transforms Thread 12" [_thread_blocked, id=22540, stack(0x0000004d63200000,0x0000004d63300000)]
  0x0000023966e3b380 JavaThread "pool-3-thread-1" [_thread_blocked, id=8896, stack(0x0000004d63800000,0x0000004d63900000)]
  0x000002396cfa2900 JavaThread "pool-6-thread-1" [_thread_blocked, id=7236, stack(0x0000004d62400000,0x0000004d62500000)]
  0x000002396cfa68c0 JavaThread "RMI Scheduler(0)" daemon [_thread_blocked, id=24648, stack(0x0000004d63400000,0x0000004d63500000)]
  0x000002396cfa8df0 JavaThread "RMI TCP Accept-0" daemon [_thread_in_native, id=22976, stack(0x0000004d63900000,0x0000004d63a00000)]
  0x000002396cfa7e00 JavaThread "Cache worker for Java compile cache (C:\Users\JONATHAN\.gradle\caches\9.4.1\javaCompile)" [_thread_blocked, id=13552, stack(0x0000004d64000000,0x0000004d64100000)]
  0x000002395a573260 JavaThread "DefaultDispatcher-worker-1" daemon [_thread_blocked, id=23012, stack(0x0000004d64200000,0x0000004d64300000)]
  0x000002395a573d00 JavaThread "DefaultDispatcher-worker-2" daemon [_thread_blocked, id=24232, stack(0x0000004d64300000,0x0000004d64400000)]
  0x000002395a574cf0 JavaThread "DefaultDispatcher-worker-3" daemon [_thread_blocked, id=13448, stack(0x0000004d64500000,0x0000004d64600000)]
  0x000002395a5747a0 JavaThread "Periodic tasks thread" daemon [_thread_blocked, id=20220, stack(0x0000004d62f00000,0x0000004d63000000)]
  0x000002395a575790 JavaThread "ApplicationImpl pooled thread 1" [_thread_blocked, id=23924, stack(0x0000004d64600000,0x0000004d64700000)]
  0x000002395f940d90 JavaThread "Java2D Disposer" daemon [_thread_blocked, id=26300, stack(0x0000004d64800000,0x0000004d64900000)]
  0x000002396e187030 JavaThread "AWT-Windows" daemon [_thread_in_native, id=4196, stack(0x0000004d64a00000,0x0000004d64b00000)]
  0x000002396dea3020 JavaThread "ApplicationImpl pooled thread 2" [_thread_blocked, id=24636, stack(0x0000004d60f00000,0x0000004d61000000)]
  0x0000023960f31f40 JavaThread "pool-12-thread-1" [_thread_blocked, id=26128, stack(0x0000004d62c00000,0x0000004d62d00000)]
  0x0000023963c08950 JavaThread "pool-15-thread-1" [_thread_blocked, id=23176, stack(0x0000004d63700000,0x0000004d63800000)]
  0x0000023966e398f0 JavaThread "pool-18-thread-1" [_thread_blocked, id=13988, stack(0x0000004d63300000,0x0000004d63400000)]
  0x000002396552c3f0 JavaThread "pool-23-thread-1" [_thread_blocked, id=15596, stack(0x0000004d62300000,0x0000004d62400000)]
  0x000002395a56fd40 JavaThread "pool-28-thread-1" [_thread_blocked, id=22712, stack(0x0000004d63600000,0x0000004d63700000)]
  0x000002396e185050 JavaThread "pool-31-thread-1" [_thread_blocked, id=12172, stack(0x0000004d62200000,0x0000004d62300000)]
  0x000002397aa1e140 JavaThread "pool-36-thread-1" [_thread_blocked, id=22780, stack(0x0000004d62a00000,0x0000004d62b00000)]
  0x000002397aa19190 JavaThread "pool-39-thread-1" [_thread_blocked, id=23016, stack(0x0000004d63500000,0x0000004d63600000)]
  0x000002396dea0af0 JavaThread "pool-42-thread-1" [_thread_blocked, id=2676, stack(0x0000004d63c00000,0x0000004d63d00000)]
  0x000002397aa16c60 JavaThread "pool-45-thread-1" [_thread_blocked, id=18256, stack(0x0000004d63d00000,0x0000004d63e00000)]
  0x00000239670e1bc0 JavaThread "pool-48-thread-1" [_thread_blocked, id=25236, stack(0x0000004d63b00000,0x0000004d63c00000)]
  0x000002397aa1b6c0 JavaThread "pool-51-thread-1" [_thread_blocked, id=8296, stack(0x0000004d63e00000,0x0000004d63f00000)]
  0x0000023964742560 JavaThread "Daemon Thread 12" [_thread_blocked, id=27380, stack(0x0000004d5d600000,0x0000004d5d700000)]
  0x000002397aa565a0 JavaThread "Handler for socket connection from /127.0.0.1:54706 to /127.0.0.1:58968" [_thread_in_native, id=3216, stack(0x0000004d5d700000,0x0000004d5d800000)]
  0x000002397aa555b0 JavaThread "Cancel handler" [_thread_blocked, id=3884, stack(0x0000004d5d800000,0x0000004d5d900000)]
  0x0000023964742010 JavaThread "Daemon worker Thread 13" [_thread_blocked, id=27756, stack(0x0000004d5ec00000,0x0000004d5ed00000)]
  0x000002397aa55b00 JavaThread "Asynchronous log dispatcher for DefaultDaemonConnection: socket connection from /127.0.0.1:54706 to /127.0.0.1:58968" [_thread_blocked, id=28504, stack(0x0000004d5f500000,0x0000004d5f600000)]
  0x000002397aa55060 JavaThread "Stdin handler" [_thread_blocked, id=28632, stack(0x0000004d5f600000,0x0000004d5f700000)]
  0x000002397aa56050 JavaThread "Daemon client event forwarder" [_thread_blocked, id=18292, stack(0x0000004d5f700000,0x0000004d5f800000)]
  0x0000023963d06b00 JavaThread "Cache worker for file hash cache (D:\Qodum\android\.gradle\9.4.1\fileHashes)" [_thread_blocked, id=18528, stack(0x0000004d5f800000,0x0000004d5f900000)]
  0x0000023963d08ae0 JavaThread "Cache worker for Build Output Cleanup Cache (D:\Qodum\android\.gradle\buildOutputCleanup)" [_thread_blocked, id=4444, stack(0x0000004d5f900000,0x0000004d5fa00000)]
  0x0000023963d075a0 JavaThread "Cache worker for checksums cache (D:\Qodum\android\.gradle\9.4.1\checksums)" [_thread_blocked, id=26756, stack(0x0000004d5fa00000,0x0000004d5fb00000)]
  0x0000023963d09030 JavaThread "Cache worker for cache directory md-supplier (C:\Users\JONATHAN\.gradle\caches\9.4.1\md-supplier)" [_thread_blocked, id=19796, stack(0x0000004d5fb00000,0x0000004d5fc00000)]
  0x0000023963d09580 JavaThread "Cache worker for cache directory md-rule (C:\Users\JONATHAN\.gradle\caches\9.4.1\md-rule)" [_thread_blocked, id=5736, stack(0x0000004d5ff00000,0x0000004d60000000)]
  0x00000239635b7b20 JavaThread "Cache worker for Build Output Cleanup Cache (D:\Qodum\node_modules\@react-native\gradle-plugin\.gradle\buildOutputCleanup)" [_thread_blocked, id=11852, stack(0x0000004d60600000,0x0000004d60700000)]
  0x0000023979e00920 JavaThread "Build operations" [_thread_blocked, id=13468, stack(0x0000004d60700000,0x0000004d60800000)]
  0x0000023979e01e60 JavaThread "Build operations Thread 2" [_thread_blocked, id=13780, stack(0x0000004d60b00000,0x0000004d60c00000)]
  0x0000023979e00e70 JavaThread "build event listener" [_thread_blocked, id=18200, stack(0x0000004d60c00000,0x0000004d60d00000)]
  0x0000023979e013c0 JavaThread "ForkJoinPool.commonPool-worker-102" daemon [_thread_blocked, id=18600, stack(0x0000004d60d00000,0x0000004d60e00000)]
  0x0000023966dc7320 JavaThread "ForkJoinPool.commonPool-worker-103" daemon [_thread_blocked, id=18872, stack(0x0000004d61000000,0x0000004d61100000)]
  0x0000023966dc6880 JavaThread "ForkJoinPool.commonPool-worker-104" daemon [_thread_blocked, id=19276, stack(0x0000004d61100000,0x0000004d61200000)]
  0x0000023979e01910 JavaThread "ForkJoinPool.commonPool-worker-105" daemon [_thread_blocked, id=25632, stack(0x0000004d61300000,0x0000004d61400000)]
  0x000002396dea0050 JavaThread "ForkJoinPool.commonPool-worker-106" daemon [_thread_blocked, id=28104, stack(0x0000004d61400000,0x0000004d61500000)]
  0x0000023964743550 JavaThread "ForkJoinPool.commonPool-worker-108" daemon [_thread_blocked, id=12580, stack(0x0000004d61600000,0x0000004d61700000)]
  0x0000023964742ab0 JavaThread "ForkJoinPool.commonPool-worker-110" daemon [_thread_blocked, id=13048, stack(0x0000004d61700000,0x0000004d61800000)]
  0x000002397aa08fe0 JavaThread "ForkJoinPool.commonPool-worker-109" daemon [_thread_blocked, id=24840, stack(0x0000004d61800000,0x0000004d61900000)]
  0x000002397aa0a520 JavaThread "included builds" [_thread_blocked, id=14152, stack(0x0000004d61900000,0x0000004d61a00000)]
  0x00000239635b85c0 JavaThread "Execution worker" [_thread_blocked, id=8464, stack(0x0000004d61a00000,0x0000004d61b00000)]
  0x00000239635b8070 JavaThread "Cache worker for execution history cache (D:\Qodum\node_modules\@react-native\gradle-plugin\.gradle\9.4.1\executionHistory)" [_thread_blocked, id=22648, stack(0x0000004d61b00000,0x0000004d61c00000)]
  0x0000023963d06060 JavaThread "Exec process Thread 44" [_thread_blocked, id=9180, stack(0x0000004d61c00000,0x0000004d61d00000)]
  0x0000023964743000 JavaThread "Exec process Thread 45" [_thread_blocked, id=23828, stack(0x0000004d61d00000,0x0000004d61e00000)]
  0x000002396bfdc590 JavaThread "Exec process Thread 46" [_thread_blocked, id=24620, stack(0x0000004d61e00000,0x0000004d61f00000)]
  0x000002395a5975b0 JavaThread "build event listener" [_thread_blocked, id=20244, stack(0x0000004d61f00000,0x0000004d62000000)]
  0x000002395a597b00 JavaThread "Problems report writer" [_thread_blocked, id=3968, stack(0x0000004d62000000,0x0000004d62100000)]
  0x000002397aa0aa70 JavaThread "ForkJoinPool.commonPool-worker-112" daemon [_thread_blocked, id=4668, stack(0x0000004d62100000,0x0000004d62200000)]
  0x0000023963d065b0 JavaThread "ForkJoinPool.commonPool-worker-111" daemon [_thread_blocked, id=6800, stack(0x0000004d63a00000,0x0000004d63b00000)]
  0x00000239635b7080 JavaThread "pool-54-thread-1" [_thread_blocked, id=23740, stack(0x0000004d63f00000,0x0000004d64000000)]
  0x00000239635b75d0 JavaThread "build event listener" [_thread_blocked, id=3800, stack(0x0000004d64100000,0x0000004d64200000)]
  0x0000023966fd1ee0 JavaThread "Cache worker for execution history cache (D:\Qodum\android\.gradle\9.4.1\executionHistory)" [_thread_blocked, id=6836, stack(0x0000004d64400000,0x0000004d64500000)]
  0x000002396dea1040 JavaThread "WorkerExecutor Queue" [_thread_blocked, id=20784, stack(0x0000004d64700000,0x0000004d64800000)]
  0x000002396dea2580 JavaThread "WorkerExecutor Queue Thread 3" [_thread_blocked, id=9440, stack(0x0000004d64b00000,0x0000004d64c00000)]

Other Threads:
=>0x0000023957809be0 VMThread "VM Thread" [stack: 0x0000004d5df00000,0x0000004d5e000000] [id=26600]
  0x0000023939587da0 WatcherThread "VM Periodic Task Thread" [stack: 0x0000004d5eb00000,0x0000004d5ec00000] [id=22936]
  0x00000239395e85d0 WorkerThread "GC Thread#0" [stack: 0x0000004d5da00000,0x0000004d5db00000] [id=7148]
  0x000002395f3fcae0 WorkerThread "GC Thread#1" [stack: 0x0000004d5ee00000,0x0000004d5ef00000] [id=21624]
  0x000002395f3fbcd0 WorkerThread "GC Thread#2" [stack: 0x0000004d5ef00000,0x0000004d5f000000] [id=18240]
  0x000002395f3fc540 WorkerThread "GC Thread#3" [stack: 0x0000004d5f000000,0x0000004d5f100000] [id=21660]
  0x000002395f3fc270 WorkerThread "GC Thread#4" [stack: 0x0000004d5f100000,0x0000004d5f200000] [id=3820]
  0x000002395f3fd080 WorkerThread "GC Thread#5" [stack: 0x0000004d5f200000,0x0000004d5f300000] [id=22912]
  0x0000023960a92ca0 WorkerThread "GC Thread#6" [stack: 0x0000004d60000000,0x0000004d60100000] [id=15044]
  0x0000023960a93510 WorkerThread "GC Thread#7" [stack: 0x0000004d60100000,0x0000004d60200000] [id=25436]
  0x0000023960a93ab0 WorkerThread "GC Thread#8" [stack: 0x0000004d60200000,0x0000004d60300000] [id=6820]
  0x0000023960a93d80 WorkerThread "GC Thread#9" [stack: 0x0000004d60300000,0x0000004d60400000] [id=2668]
  0x0000023939639020 ConcurrentGCThread "G1 Main Marker" [stack: 0x0000004d5db00000,0x0000004d5dc00000] [id=25676]
  0x000002393963c110 WorkerThread "G1 Conc#0" [stack: 0x0000004d5dc00000,0x0000004d5dd00000] [id=15876]
  0x0000023960a94320 WorkerThread "G1 Conc#1" [stack: 0x0000004d60400000,0x0000004d60500000] [id=7188]
  0x0000023960a945f0 WorkerThread "G1 Conc#2" [stack: 0x0000004d60500000,0x0000004d60600000] [id=22308]
  0x0000023957740180 ConcurrentGCThread "G1 Refine#0" [stack: 0x0000004d5dd00000,0x0000004d5de00000] [id=9276]
  0x000002396e6b0a10 ConcurrentGCThread "G1 Refine#1" [stack: 0x0000004d65700000,0x0000004d65800000] [id=14532]
  0x000002396e6af010 ConcurrentGCThread "G1 Refine#2" [stack: 0x0000004d65800000,0x0000004d65900000] [id=26200]
  0x000002396e6af350 ConcurrentGCThread "G1 Refine#3" [stack: 0x0000004d65900000,0x0000004d65a00000] [id=21004]
  0x000002396e6b0d50 ConcurrentGCThread "G1 Refine#4" [stack: 0x0000004d65a00000,0x0000004d65b00000] [id=23744]
  0x000002396e6b13d0 ConcurrentGCThread "G1 Refine#5" [stack: 0x0000004d65b00000,0x0000004d65c00000] [id=24032]
  0x000002396e6af9d0 ConcurrentGCThread "G1 Refine#6" [stack: 0x0000004d65c00000,0x0000004d65d00000] [id=14564]
  0x000002396e6adc90 ConcurrentGCThread "G1 Refine#7" [stack: 0x0000004d65d00000,0x0000004d65e00000] [id=25244]
  0x000002396e6b1710 ConcurrentGCThread "G1 Refine#8" [stack: 0x0000004d65e00000,0x0000004d65f00000] [id=21744]
  0x000002396e6adfd0 ConcurrentGCThread "G1 Refine#9" [stack: 0x0000004d65f00000,0x0000004d66000000] [id=9328]
  0x0000023957740ad0 ConcurrentGCThread "G1 Service" [stack: 0x0000004d5de00000,0x0000004d5df00000] [id=26244]

Threads with active compile tasks:

VM state: at safepoint (normal execution)

VM Mutex/Monitor currently owned by a thread:  ([mutex/lock_event])
[0x0000023939584580] Threads_lock - owner thread: 0x0000023957809be0
[0x0000023939585e40] Heap_lock - owner thread: 0x000002397aa0a520

Heap address: 0x0000000080000000, size: 2048 MB, Compressed Oops mode: 32-bit

CDS archive(s) mapped at: [0x0000000800000000-0x0000000800c40000-0x0000000800c40000), size 12845056, SharedBaseAddress: 0x0000000800000000, ArchiveRelocationMode: 0.
Compressed class space mapped at: 0x0000000801000000-0x000000081ac00000, reserved size: 432013312
Narrow klass base: 0x0000000800000000, Narrow klass shift: 0, Narrow klass range: 0x100000000

GC Precious Log:
 CardTable entry size: 512
 Card Set container configuration: InlinePtr #cards 5 size 8 Array Of Cards #cards 12 size 40 Howl #buckets 4 coarsen threshold 1843 Howl Bitmap #cards 512 size 80 coarsen threshold 460 Card regions per heap region 1 cards per card region 2048
 CPUs: 12 total, 12 available
 Memory: 16195M
 Large Page Support: Disabled
 NUMA Support: Disabled
 Compressed Oops: Enabled (32-bit)
 Heap Region Size: 1M
 Heap Min Capacity: 8M
 Heap Initial Capacity: 254M
 Heap Max Capacity: 2G
 Pre-touch: Disabled
 Parallel Workers: 10
 Concurrent Workers: 3
 Concurrent Refinement Workers: 10
 Periodic GC: Disabled

Heap:
 garbage-first heap   total 880640K, used 368270K [0x0000000080000000, 0x0000000100000000)
  region size 1024K, 2 young (2048K), 2 survivors (2048K)
 Metaspace       used 298233K, committed 301376K, reserved 749568K
  class space    used 36343K, committed 37952K, reserved 421888K

Heap Regions: E=young(eden), S=young(survivor), O=old, HS=humongous(starts), HC=humongous(continues), CS=collection set, F=free, OA=open archive, CA=closed archive, TAMS=top-at-mark-start (previous, next)
|   0|0x0000000080000000, 0x0000000080100000, 0x0000000080100000|100%|HS|  |TAMS 0x0000000080100000, 0x0000000080100000| Complete 
|   1|0x0000000080100000, 0x0000000080200000, 0x0000000080200000|100%|HC|  |TAMS 0x0000000080200000, 0x0000000080200000| Complete 
|   2|0x0000000080200000, 0x0000000080300000, 0x0000000080300000|100%|HC|  |TAMS 0x0000000080300000, 0x0000000080300000| Complete 
|   3|0x0000000080300000, 0x0000000080400000, 0x0000000080400000|100%|HC|  |TAMS 0x0000000080400000, 0x0000000080400000| Complete 
|   4|0x0000000080400000, 0x00000000804fffe0, 0x0000000080500000| 99%| O|  |TAMS 0x00000000804fffe0, 0x00000000804fffe0| Untracked 
|   5|0x0000000080500000, 0x00000000805ffff0, 0x0000000080600000| 99%| O|  |TAMS 0x00000000805ffff0, 0x00000000805ffff0| Untracked 
|   6|0x0000000080600000, 0x0000000080700000, 0x0000000080700000|100%| O|  |TAMS 0x0000000080700000, 0x0000000080700000| Untracked 
|   7|0x0000000080700000, 0x00000000807fffe8, 0x0000000080800000| 99%| O|  |TAMS 0x00000000807fffe8, 0x00000000807fffe8| Untracked 
|   8|0x0000000080800000, 0x0000000080900000, 0x0000000080900000|100%|HS|  |TAMS 0x0000000080900000, 0x0000000080900000| Complete 
|   9|0x0000000080900000, 0x0000000080a00000, 0x0000000080a00000|100%| O|  |TAMS 0x0000000080a00000, 0x0000000080a00000| Untracked 
|  10|0x0000000080a00000, 0x0000000080affff8, 0x0000000080b00000| 99%| O|  |TAMS 0x0000000080affff8, 0x0000000080affff8| Untracked 
|  11|0x0000000080b00000, 0x0000000080c00000, 0x0000000080c00000|100%| O|  |TAMS 0x0000000080c00000, 0x0000000080c00000| Untracked 
|  12|0x0000000080c00000, 0x0000000080cffff8, 0x0000000080d00000| 99%| O|  |TAMS 0x0000000080cffff8, 0x0000000080cffff8| Untracked 
|  13|0x0000000080d00000, 0x0000000080e00000, 0x0000000080e00000|100%| O|  |TAMS 0x0000000080e00000, 0x0000000080e00000| Untracked 
|  14|0x0000000080e00000, 0x0000000080effff0, 0x0000000080f00000| 99%| O|  |TAMS 0x0000000080effff0, 0x0000000080effff0| Untracked 
|  15|0x0000000080f00000, 0x0000000080fffff8, 0x0000000081000000| 99%| O|  |TAMS 0x0000000080fffff8, 0x0000000080fffff8| Untracked 
|  16|0x0000000081000000, 0x00000000810ffff0, 0x0000000081100000| 99%| O|  |TAMS 0x00000000810ffff0, 0x00000000810ffff0| Untracked 
|  17|0x0000000081100000, 0x00000000811ffff8, 0x0000000081200000| 99%| O|  |TAMS 0x00000000811ffff8, 0x00000000811ffff8| Untracked 
|  18|0x0000000081200000, 0x00000000812ffff0, 0x0000000081300000| 99%| O|  |TAMS 0x00000000812ffff0, 0x00000000812ffff0| Untracked 
|  19|0x0000000081300000, 0x00000000813ffff8, 0x0000000081400000| 99%| O|  |TAMS 0x00000000813ffff8, 0x00000000813ffff8| Untracked 
|  20|0x0000000081400000, 0x0000000081500000, 0x0000000081500000|100%| O|  |TAMS 0x0000000081500000, 0x0000000081500000| Untracked 
|  21|0x0000000081500000, 0x0000000081600000, 0x0000000081600000|100%| O|  |TAMS 0x0000000081600000, 0x0000000081600000| Untracked 
|  22|0x0000000081600000, 0x00000000816f90e8, 0x0000000081700000| 97%| O|  |TAMS 0x00000000816f90e8, 0x00000000816f90e8| Untracked 
|  23|0x0000000081700000, 0x00000000817fff48, 0x0000000081800000| 99%| O|  |TAMS 0x00000000817fff48, 0x00000000817fff48| Untracked 
|  24|0x0000000081800000, 0x00000000818ffff0, 0x0000000081900000| 99%| O|  |TAMS 0x00000000818ffff0, 0x00000000818ffff0| Untracked 
|  25|0x0000000081900000, 0x00000000819ffff0, 0x0000000081a00000| 99%| O|  |TAMS 0x00000000819ffff0, 0x00000000819ffff0| Untracked 
|  26|0x0000000081a00000, 0x0000000081b00000, 0x0000000081b00000|100%| O|  |TAMS 0x0000000081b00000, 0x0000000081b00000| Untracked 
|  27|0x0000000081b00000, 0x0000000081bffff0, 0x0000000081c00000| 99%| O|  |TAMS 0x0000000081bffff0, 0x0000000081bffff0| Untracked 
|  28|0x0000000081c00000, 0x0000000081cfffe0, 0x0000000081d00000| 99%| O|  |TAMS 0x0000000081cfffe0, 0x0000000081cfffe0| Untracked 
|  29|0x0000000081d00000, 0x0000000081dffff8, 0x0000000081e00000| 99%| O|  |TAMS 0x0000000081dffff8, 0x0000000081dffff8| Untracked 
|  30|0x0000000081e00000, 0x0000000081effff8, 0x0000000081f00000| 99%| O|  |TAMS 0x0000000081effff8, 0x0000000081effff8| Untracked 
|  31|0x0000000081f00000, 0x0000000081fffff8, 0x0000000082000000| 99%| O|  |TAMS 0x0000000081fffff8, 0x0000000081fffff8| Untracked 
|  32|0x0000000082000000, 0x00000000820ffff0, 0x0000000082100000| 99%| O|  |TAMS 0x00000000820ffff0, 0x00000000820ffff0| Untracked 
|  33|0x0000000082100000, 0x0000000082200000, 0x0000000082200000|100%| O|  |TAMS 0x0000000082200000, 0x0000000082200000| Untracked 
|  34|0x0000000082200000, 0x0000000082300000, 0x0000000082300000|100%| O|  |TAMS 0x0000000082300000, 0x0000000082300000| Untracked 
|  35|0x0000000082300000, 0x00000000823fffd8, 0x0000000082400000| 99%| O|  |TAMS 0x00000000823fffd8, 0x00000000823fffd8| Untracked 
|  36|0x0000000082400000, 0x00000000824fff10, 0x0000000082500000| 99%| O|  |TAMS 0x00000000824fff10, 0x00000000824fff10| Untracked 
|  37|0x0000000082500000, 0x0000000082600000, 0x0000000082600000|100%| O|  |TAMS 0x0000000082600000, 0x0000000082600000| Untracked 
|  38|0x0000000082600000, 0x00000000826ffff8, 0x0000000082700000| 99%| O|  |TAMS 0x00000000826ffff8, 0x00000000826ffff8| Untracked 
|  39|0x0000000082700000, 0x0000000082800000, 0x0000000082800000|100%|HS|  |TAMS 0x0000000082800000, 0x0000000082800000| Complete 
|  40|0x0000000082800000, 0x0000000082900000, 0x0000000082900000|100%|HC|  |TAMS 0x0000000082900000, 0x0000000082900000| Complete 
|  41|0x0000000082900000, 0x0000000082a00000, 0x0000000082a00000|100%|HS|  |TAMS 0x0000000082a00000, 0x0000000082a00000| Complete 
|  42|0x0000000082a00000, 0x0000000082b00000, 0x0000000082b00000|100%|HC|  |TAMS 0x0000000082b00000, 0x0000000082b00000| Complete 
|  43|0x0000000082b00000, 0x0000000082bfffe8, 0x0000000082c00000| 99%| O|  |TAMS 0x0000000082bfffe8, 0x0000000082bfffe8| Untracked 
|  44|0x0000000082c00000, 0x0000000082cffff8, 0x0000000082d00000| 99%| O|  |TAMS 0x0000000082cffff8, 0x0000000082cffff8| Untracked 
|  45|0x0000000082d00000, 0x0000000082dffff8, 0x0000000082e00000| 99%| O|  |TAMS 0x0000000082dffff8, 0x0000000082dffff8| Untracked 
|  46|0x0000000082e00000, 0x0000000082f00000, 0x0000000082f00000|100%| O|  |TAMS 0x0000000082f00000, 0x0000000082f00000| Untracked 
|  47|0x0000000082f00000, 0x0000000082fffa50, 0x0000000083000000| 99%| O|  |TAMS 0x0000000082fffa50, 0x0000000082fffa50| Untracked 
|  48|0x0000000083000000, 0x00000000830ffff0, 0x0000000083100000| 99%| O|  |TAMS 0x00000000830ffff0, 0x00000000830ffff0| Untracked 
|  49|0x0000000083100000, 0x00000000831fffd8, 0x0000000083200000| 99%| O|  |TAMS 0x00000000831fffd8, 0x00000000831fffd8| Untracked 
|  50|0x0000000083200000, 0x00000000832eba70, 0x0000000083300000| 92%| O|  |TAMS 0x00000000832eba70, 0x00000000832eba70| Untracked 
|  51|0x0000000083300000, 0x00000000833fffd0, 0x0000000083400000| 99%| O|  |TAMS 0x00000000833fffd0, 0x00000000833fffd0| Untracked 
|  52|0x0000000083400000, 0x00000000834ffb78, 0x0000000083500000| 99%| O|  |TAMS 0x00000000834ffb78, 0x00000000834ffb78| Untracked 
|  53|0x0000000083500000, 0x00000000835f50c0, 0x0000000083600000| 95%| O|  |TAMS 0x00000000835f50c0, 0x00000000835f50c0| Untracked 
|  54|0x0000000083600000, 0x0000000083700000, 0x0000000083700000|100%| O|  |TAMS 0x0000000083700000, 0x0000000083700000| Untracked 
|  55|0x0000000083700000, 0x00000000837fe800, 0x0000000083800000| 99%| O|  |TAMS 0x00000000837fe800, 0x00000000837fe800| Untracked 
|  56|0x0000000083800000, 0x00000000838ff848, 0x0000000083900000| 99%| O|  |TAMS 0x00000000838ff848, 0x00000000838ff848| Untracked 
|  57|0x0000000083900000, 0x00000000839fffd8, 0x0000000083a00000| 99%| O|  |TAMS 0x00000000839fffd8, 0x00000000839fffd8| Untracked 
|  58|0x0000000083a00000, 0x0000000083afffa8, 0x0000000083b00000| 99%| O|  |TAMS 0x0000000083afffa8, 0x0000000083afffa8| Untracked 
|  59|0x0000000083b00000, 0x0000000083c00000, 0x0000000083c00000|100%| O|  |TAMS 0x0000000083c00000, 0x0000000083c00000| Untracked 
|  60|0x0000000083c00000, 0x0000000083cffff8, 0x0000000083d00000| 99%| O|  |TAMS 0x0000000083cffff8, 0x0000000083cffff8| Untracked 
|  61|0x0000000083d00000, 0x0000000083dfffe8, 0x0000000083e00000| 99%| O|  |TAMS 0x0000000083dfffe8, 0x0000000083dfffe8| Untracked 
|  62|0x0000000083e00000, 0x0000000083effff0, 0x0000000083f00000| 99%| O|  |TAMS 0x0000000083effff0, 0x0000000083effff0| Untracked 
|  63|0x0000000083f00000, 0x0000000083ffffd0, 0x0000000084000000| 99%| O|  |TAMS 0x0000000083ffffd0, 0x0000000083ffffd0| Untracked 
|  64|0x0000000084000000, 0x00000000840fffe8, 0x0000000084100000| 99%| O|  |TAMS 0x00000000840fffe8, 0x00000000840fffe8| Untracked 
|  65|0x0000000084100000, 0x00000000841fdb80, 0x0000000084200000| 99%| O|  |TAMS 0x00000000841fdb80, 0x00000000841fdb80| Untracked 
|  66|0x0000000084200000, 0x00000000842ffff0, 0x0000000084300000| 99%| O|  |TAMS 0x00000000842ffff0, 0x00000000842ffff0| Untracked 
|  67|0x0000000084300000, 0x00000000843ffff0, 0x0000000084400000| 99%| O|  |TAMS 0x00000000843ffff0, 0x00000000843ffff0| Untracked 
|  68|0x0000000084400000, 0x00000000844fffe8, 0x0000000084500000| 99%| O|  |TAMS 0x00000000844fffe8, 0x00000000844fffe8| Untracked 
|  69|0x0000000084500000, 0x00000000845fda68, 0x0000000084600000| 99%| O|  |TAMS 0x00000000845fda68, 0x00000000845fda68| Untracked 
|  70|0x0000000084600000, 0x00000000846fffd8, 0x0000000084700000| 99%| O|  |TAMS 0x00000000846fffd8, 0x00000000846fffd8| Untracked 
|  71|0x0000000084700000, 0x00000000847fe2d0, 0x0000000084800000| 99%| O|  |TAMS 0x00000000847fe2d0, 0x00000000847fe2d0| Untracked 
|  72|0x0000000084800000, 0x0000000084900000, 0x0000000084900000|100%|HS|  |TAMS 0x0000000084900000, 0x0000000084900000| Complete 
|  73|0x0000000084900000, 0x0000000084a00000, 0x0000000084a00000|100%|HS|  |TAMS 0x0000000084a00000, 0x0000000084a00000| Complete 
|  74|0x0000000084a00000, 0x0000000084b00000, 0x0000000084b00000|100%|HC|  |TAMS 0x0000000084b00000, 0x0000000084b00000| Complete 
|  75|0x0000000084b00000, 0x0000000084c00000, 0x0000000084c00000|100%|HS|  |TAMS 0x0000000084c00000, 0x0000000084c00000| Complete 
|  76|0x0000000084c00000, 0x0000000084d00000, 0x0000000084d00000|100%|HS|  |TAMS 0x0000000084d00000, 0x0000000084d00000| Complete 
|  77|0x0000000084d00000, 0x0000000084e00000, 0x0000000084e00000|100%|HS|  |TAMS 0x0000000084e00000, 0x0000000084e00000| Complete 
|  78|0x0000000084e00000, 0x0000000084f00000, 0x0000000084f00000|100%|HS|  |TAMS 0x0000000084f00000, 0x0000000084f00000| Complete 
|  79|0x0000000084f00000, 0x0000000085000000, 0x0000000085000000|100%|HS|  |TAMS 0x0000000085000000, 0x0000000085000000| Complete 
|  80|0x0000000085000000, 0x0000000085100000, 0x0000000085100000|100%| O|  |TAMS 0x0000000085100000, 0x0000000085100000| Untracked 
|  81|0x0000000085100000, 0x0000000085200000, 0x0000000085200000|100%| O|  |TAMS 0x0000000085200000, 0x0000000085200000| Untracked 
|  82|0x0000000085200000, 0x00000000852fffe8, 0x0000000085300000| 99%| O|  |TAMS 0x00000000852fffe8, 0x00000000852fffe8| Untracked 
|  83|0x0000000085300000, 0x00000000853fffe8, 0x0000000085400000| 99%| O|  |TAMS 0x00000000853fffe8, 0x00000000853fffe8| Untracked 
|  84|0x0000000085400000, 0x0000000085500000, 0x0000000085500000|100%| O|  |TAMS 0x0000000085500000, 0x0000000085500000| Untracked 
|  85|0x0000000085500000, 0x0000000085600000, 0x0000000085600000|100%| O|  |TAMS 0x0000000085600000, 0x0000000085600000| Untracked 
|  86|0x0000000085600000, 0x00000000856ffff0, 0x0000000085700000| 99%| O|  |TAMS 0x00000000856ffff0, 0x00000000856ffff0| Untracked 
|  87|0x0000000085700000, 0x0000000085800000, 0x0000000085800000|100%| O|  |TAMS 0x0000000085800000, 0x0000000085800000| Untracked 
|  88|0x0000000085800000, 0x0000000085900000, 0x0000000085900000|100%| O|  |TAMS 0x0000000085900000, 0x0000000085900000| Untracked 
|  89|0x0000000085900000, 0x00000000859fffc0, 0x0000000085a00000| 99%| O|  |TAMS 0x00000000859fffc0, 0x00000000859fffc0| Untracked 
|  90|0x0000000085a00000, 0x0000000085affff0, 0x0000000085b00000| 99%| O|  |TAMS 0x0000000085affff0, 0x0000000085affff0| Untracked 
|  91|0x0000000085b00000, 0x0000000085bfffb8, 0x0000000085c00000| 99%| O|  |TAMS 0x0000000085bfffb8, 0x0000000085bfffb8| Untracked 
|  92|0x0000000085c00000, 0x0000000085cffff8, 0x0000000085d00000| 99%| O|  |TAMS 0x0000000085cffff8, 0x0000000085cffff8| Untracked 
|  93|0x0000000085d00000, 0x0000000085e00000, 0x0000000085e00000|100%| O|  |TAMS 0x0000000085e00000, 0x0000000085e00000| Untracked 
|  94|0x0000000085e00000, 0x0000000085f00000, 0x0000000085f00000|100%| O|  |TAMS 0x0000000085f00000, 0x0000000085f00000| Untracked 
|  95|0x0000000085f00000, 0x0000000086000000, 0x0000000086000000|100%|HS|  |TAMS 0x0000000086000000, 0x0000000086000000| Complete 
|  96|0x0000000086000000, 0x00000000860fff60, 0x0000000086100000| 99%| O|  |TAMS 0x00000000860fff60, 0x00000000860fff60| Untracked 
|  97|0x0000000086100000, 0x0000000086200000, 0x0000000086200000|100%|HS|  |TAMS 0x0000000086200000, 0x0000000086200000| Complete 
|  98|0x0000000086200000, 0x0000000086300000, 0x0000000086300000|100%|HC|  |TAMS 0x0000000086300000, 0x0000000086300000| Complete 
|  99|0x0000000086300000, 0x00000000863fffd8, 0x0000000086400000| 99%| O|  |TAMS 0x00000000863fffd8, 0x00000000863fffd8| Untracked 
| 100|0x0000000086400000, 0x00000000864ffff8, 0x0000000086500000| 99%| O|  |TAMS 0x00000000864ffff8, 0x00000000864ffff8| Untracked 
| 101|0x0000000086500000, 0x00000000865fff70, 0x0000000086600000| 99%| O|  |TAMS 0x00000000865fff70, 0x00000000865fff70| Untracked 
| 102|0x0000000086600000, 0x0000000086700000, 0x0000000086700000|100%| O|  |TAMS 0x0000000086700000, 0x0000000086700000| Untracked 
| 103|0x0000000086700000, 0x0000000086800000, 0x0000000086800000|100%| O|  |TAMS 0x0000000086800000, 0x0000000086800000| Untracked 
| 104|0x0000000086800000, 0x00000000868fffc8, 0x0000000086900000| 99%| O|  |TAMS 0x00000000868fffc8, 0x00000000868fffc8| Untracked 
| 105|0x0000000086900000, 0x00000000869fffc0, 0x0000000086a00000| 99%| O|  |TAMS 0x00000000869fffc0, 0x00000000869fffc0| Untracked 
| 106|0x0000000086a00000, 0x0000000086afffd8, 0x0000000086b00000| 99%| O|  |TAMS 0x0000000086afffd8, 0x0000000086afffd8| Untracked 
| 107|0x0000000086b00000, 0x0000000086c00000, 0x0000000086c00000|100%| O|  |TAMS 0x0000000086c00000, 0x0000000086c00000| Untracked 
| 108|0x0000000086c00000, 0x0000000086d00000, 0x0000000086d00000|100%| O|  |TAMS 0x0000000086d00000, 0x0000000086d00000| Untracked 
| 109|0x0000000086d00000, 0x0000000086dfd898, 0x0000000086e00000| 99%| O|  |TAMS 0x0000000086dfd898, 0x0000000086dfd898| Untracked 
| 110|0x0000000086e00000, 0x0000000086effff8, 0x0000000086f00000| 99%| O|  |TAMS 0x0000000086effff8, 0x0000000086effff8| Untracked 
| 111|0x0000000086f00000, 0x0000000086ffffe0, 0x0000000087000000| 99%| O|  |TAMS 0x0000000086ffffe0, 0x0000000086ffffe0| Untracked 
| 112|0x0000000087000000, 0x0000000087100000, 0x0000000087100000|100%| O|  |TAMS 0x0000000087100000, 0x0000000087100000| Untracked 
| 113|0x0000000087100000, 0x0000000087200000, 0x0000000087200000|100%| O|  |TAMS 0x0000000087200000, 0x0000000087200000| Untracked 
| 114|0x0000000087200000, 0x00000000872ff260, 0x0000000087300000| 99%| O|  |TAMS 0x00000000872ff260, 0x00000000872ff260| Untracked 
| 115|0x0000000087300000, 0x00000000873ffff0, 0x0000000087400000| 99%| O|  |TAMS 0x00000000873ffff0, 0x00000000873ffff0| Untracked 
| 116|0x0000000087400000, 0x00000000874fffb8, 0x0000000087500000| 99%| O|  |TAMS 0x00000000874fffb8, 0x00000000874fffb8| Untracked 
| 117|0x0000000087500000, 0x00000000875ffff0, 0x0000000087600000| 99%| O|  |TAMS 0x00000000875ffff0, 0x00000000875ffff0| Untracked 
| 118|0x0000000087600000, 0x00000000876ffff0, 0x0000000087700000| 99%| O|  |TAMS 0x00000000876ffff0, 0x00000000876ffff0| Untracked 
| 119|0x0000000087700000, 0x00000000877ffff8, 0x0000000087800000| 99%| O|  |TAMS 0x00000000877ffff8, 0x00000000877ffff8| Untracked 
| 120|0x0000000087800000, 0x00000000878fffe8, 0x0000000087900000| 99%| O|  |TAMS 0x00000000878fffe8, 0x00000000878fffe8| Untracked 
| 121|0x0000000087900000, 0x0000000087a00000, 0x0000000087a00000|100%|HS|  |TAMS 0x0000000087a00000, 0x0000000087a00000| Complete 
| 122|0x0000000087a00000, 0x0000000087b00000, 0x0000000087b00000|100%|HS|  |TAMS 0x0000000087b00000, 0x0000000087b00000| Complete 
| 123|0x0000000087b00000, 0x0000000087c00000, 0x0000000087c00000|100%|HS|  |TAMS 0x0000000087c00000, 0x0000000087c00000| Complete 
| 124|0x0000000087c00000, 0x0000000087d00000, 0x0000000087d00000|100%|HS|  |TAMS 0x0000000087d00000, 0x0000000087d00000| Complete 
| 125|0x0000000087d00000, 0x0000000087e00000, 0x0000000087e00000|100%| O|  |TAMS 0x0000000087e00000, 0x0000000087e00000| Untracked 
| 126|0x0000000087e00000, 0x0000000087efffe0, 0x0000000087f00000| 99%| O|  |TAMS 0x0000000087efffe0, 0x0000000087efffe0| Untracked 
| 127|0x0000000087f00000, 0x0000000088000000, 0x0000000088000000|100%| O|  |TAMS 0x0000000088000000, 0x0000000088000000| Untracked 
| 128|0x0000000088000000, 0x00000000880fffe0, 0x0000000088100000| 99%| O|  |TAMS 0x00000000880fffe0, 0x00000000880fffe0| Untracked 
| 129|0x0000000088100000, 0x0000000088200000, 0x0000000088200000|100%| O|  |TAMS 0x0000000088200000, 0x0000000088200000| Untracked 
| 130|0x0000000088200000, 0x00000000882ffff0, 0x0000000088300000| 99%| O|  |TAMS 0x00000000882ffff0, 0x00000000882ffff0| Untracked 
| 131|0x0000000088300000, 0x0000000088400000, 0x0000000088400000|100%| O|  |TAMS 0x0000000088400000, 0x0000000088400000| Untracked 
| 132|0x0000000088400000, 0x0000000088500000, 0x0000000088500000|100%| O|  |TAMS 0x0000000088500000, 0x0000000088500000| Untracked 
| 133|0x0000000088500000, 0x00000000885fd048, 0x0000000088600000| 98%| O|  |TAMS 0x00000000885fd048, 0x00000000885fd048| Untracked 
| 134|0x0000000088600000, 0x00000000886ffff0, 0x0000000088700000| 99%| O|  |TAMS 0x00000000886ffff0, 0x00000000886ffff0| Untracked 
| 135|0x0000000088700000, 0x00000000887ffef8, 0x0000000088800000| 99%| O|  |TAMS 0x00000000887ffef8, 0x00000000887ffef8| Untracked 
| 136|0x0000000088800000, 0x00000000888ffff0, 0x0000000088900000| 99%| O|  |TAMS 0x00000000888ffff0, 0x00000000888ffff0| Untracked 
| 137|0x0000000088900000, 0x00000000889fffc0, 0x0000000088a00000| 99%| O|  |TAMS 0x00000000889fffc0, 0x00000000889fffc0| Untracked 
| 138|0x0000000088a00000, 0x0000000088b00000, 0x0000000088b00000|100%| O|  |TAMS 0x0000000088b00000, 0x0000000088b00000| Untracked 
| 139|0x0000000088b00000, 0x0000000088bfff68, 0x0000000088c00000| 99%| O|  |TAMS 0x0000000088bfff68, 0x0000000088bfff68| Untracked 
| 140|0x0000000088c00000, 0x0000000088cffcc0, 0x0000000088d00000| 99%| O|  |TAMS 0x0000000088cffcc0, 0x0000000088cffcc0| Untracked 
| 141|0x0000000088d00000, 0x0000000088dfffd0, 0x0000000088e00000| 99%| O|  |TAMS 0x0000000088dfffd0, 0x0000000088dfffd0| Untracked 
| 142|0x0000000088e00000, 0x0000000088effe20, 0x0000000088f00000| 99%| O|  |TAMS 0x0000000088effe20, 0x0000000088effe20| Untracked 
| 143|0x0000000088f00000, 0x0000000088fffe28, 0x0000000089000000| 99%| O|  |TAMS 0x0000000088fffe28, 0x0000000088fffe28| Untracked 
| 144|0x0000000089000000, 0x00000000890fdca8, 0x0000000089100000| 99%| O|  |TAMS 0x00000000890fdca8, 0x00000000890fdca8| Untracked 
| 145|0x0000000089100000, 0x00000000891fffa0, 0x0000000089200000| 99%| O|  |TAMS 0x00000000891fffa0, 0x00000000891fffa0| Untracked 
| 146|0x0000000089200000, 0x0000000089300000, 0x0000000089300000|100%| O|  |TAMS 0x0000000089300000, 0x0000000089300000| Untracked 
| 147|0x0000000089300000, 0x00000000893fff88, 0x0000000089400000| 99%| O|  |TAMS 0x00000000893fff88, 0x00000000893fff88| Untracked 
| 148|0x0000000089400000, 0x00000000894ffff0, 0x0000000089500000| 99%| O|  |TAMS 0x00000000894ffff0, 0x00000000894ffff0| Untracked 
| 149|0x0000000089500000, 0x00000000895ffff8, 0x0000000089600000| 99%| O|  |TAMS 0x00000000895ffff8, 0x00000000895ffff8| Untracked 
| 150|0x0000000089600000, 0x00000000896ffff8, 0x0000000089700000| 99%| O|  |TAMS 0x00000000896ffff8, 0x00000000896ffff8| Untracked 
| 151|0x0000000089700000, 0x00000000897ffff0, 0x0000000089800000| 99%| O|  |TAMS 0x00000000897ffff0, 0x00000000897ffff0| Untracked 
| 152|0x0000000089800000, 0x00000000898ffff8, 0x0000000089900000| 99%| O|  |TAMS 0x00000000898ffff8, 0x00000000898ffff8| Untracked 
| 153|0x0000000089900000, 0x00000000899e4230, 0x0000000089a00000| 89%| O|  |TAMS 0x00000000899e4230, 0x00000000899e4230| Untracked 
| 154|0x0000000089a00000, 0x0000000089affff0, 0x0000000089b00000| 99%| O|  |TAMS 0x0000000089affff0, 0x0000000089affff0| Untracked 
| 155|0x0000000089b00000, 0x0000000089bfffb0, 0x0000000089c00000| 99%| O|  |TAMS 0x0000000089bfffb0, 0x0000000089bfffb0| Untracked 
| 156|0x0000000089c00000, 0x0000000089cfffe0, 0x0000000089d00000| 99%| O|  |TAMS 0x0000000089cfffe0, 0x0000000089cfffe0| Untracked 
| 157|0x0000000089d00000, 0x0000000089dfff08, 0x0000000089e00000| 99%| O|  |TAMS 0x0000000089dfff08, 0x0000000089dfff08| Untracked 
| 158|0x0000000089e00000, 0x0000000089ee71f0, 0x0000000089f00000| 90%| O|  |TAMS 0x0000000089ee71f0, 0x0000000089ee71f0| Untracked 
| 159|0x0000000089f00000, 0x0000000089fffff8, 0x000000008a000000| 99%| O|  |TAMS 0x0000000089fffff8, 0x0000000089fffff8| Untracked 
| 160|0x000000008a000000, 0x000000008a0ffff8, 0x000000008a100000| 99%| O|  |TAMS 0x000000008a0ffff8, 0x000000008a0ffff8| Untracked 
| 161|0x000000008a100000, 0x000000008a1fffd8, 0x000000008a200000| 99%| O|  |TAMS 0x000000008a1fffd8, 0x000000008a1fffd8| Untracked 
| 162|0x000000008a200000, 0x000000008a300000, 0x000000008a300000|100%| O|  |TAMS 0x000000008a300000, 0x000000008a300000| Untracked 
| 163|0x000000008a300000, 0x000000008a3fff90, 0x000000008a400000| 99%| O|  |TAMS 0x000000008a3fff90, 0x000000008a3fff90| Untracked 
| 164|0x000000008a400000, 0x000000008a4fffe0, 0x000000008a500000| 99%| O|  |TAMS 0x000000008a4fffe0, 0x000000008a4fffe0| Untracked 
| 165|0x000000008a500000, 0x000000008a600000, 0x000000008a600000|100%|HS|  |TAMS 0x000000008a600000, 0x000000008a600000| Complete 
| 166|0x000000008a600000, 0x000000008a700000, 0x000000008a700000|100%|HC|  |TAMS 0x000000008a700000, 0x000000008a700000| Complete 
| 167|0x000000008a700000, 0x000000008a7fffe0, 0x000000008a800000| 99%| O|  |TAMS 0x000000008a7fffe0, 0x000000008a7fffe0| Untracked 
| 168|0x000000008a800000, 0x000000008a8ffff8, 0x000000008a900000| 99%| O|  |TAMS 0x000000008a8ffff8, 0x000000008a8ffff8| Untracked 
| 169|0x000000008a900000, 0x000000008aa00000, 0x000000008aa00000|100%| O|  |TAMS 0x000000008aa00000, 0x000000008aa00000| Untracked 
| 170|0x000000008aa00000, 0x000000008aaffff8, 0x000000008ab00000| 99%| O|  |TAMS 0x000000008aaffff8, 0x000000008aaffff8| Untracked 
| 171|0x000000008ab00000, 0x000000008ac00000, 0x000000008ac00000|100%|HS|  |TAMS 0x000000008ac00000, 0x000000008ac00000| Complete 
| 172|0x000000008ac00000, 0x000000008acffff0, 0x000000008ad00000| 99%| O|  |TAMS 0x000000008acffff0, 0x000000008acffff0| Untracked 
| 173|0x000000008ad00000, 0x000000008adfffd0, 0x000000008ae00000| 99%| O|  |TAMS 0x000000008adfffd0, 0x000000008adfffd0| Untracked 
| 174|0x000000008ae00000, 0x000000008aefffd8, 0x000000008af00000| 99%| O|  |TAMS 0x000000008aefffd8, 0x000000008aefffd8| Untracked 
| 175|0x000000008af00000, 0x000000008b000000, 0x000000008b000000|100%| O|  |TAMS 0x000000008b000000, 0x000000008b000000| Untracked 
| 176|0x000000008b000000, 0x000000008b0ffff8, 0x000000008b100000| 99%| O|  |TAMS 0x000000008b0ffff8, 0x000000008b0ffff8| Untracked 
| 177|0x000000008b100000, 0x000000008b200000, 0x000000008b200000|100%|HS|  |TAMS 0x000000008b200000, 0x000000008b200000| Complete 
| 178|0x000000008b200000, 0x000000008b300000, 0x000000008b300000|100%|HC|  |TAMS 0x000000008b300000, 0x000000008b300000| Complete 
| 179|0x000000008b300000, 0x000000008b400000, 0x000000008b400000|100%|HC|  |TAMS 0x000000008b400000, 0x000000008b400000| Complete 
| 180|0x000000008b400000, 0x000000008b4fffd0, 0x000000008b500000| 99%| O|  |TAMS 0x000000008b4fffd0, 0x000000008b4fffd0| Untracked 
| 181|0x000000008b500000, 0x000000008b5fffe0, 0x000000008b600000| 99%| O|  |TAMS 0x000000008b5fffe0, 0x000000008b5fffe0| Untracked 
| 182|0x000000008b600000, 0x000000008b700000, 0x000000008b700000|100%| O|  |TAMS 0x000000008b700000, 0x000000008b700000| Untracked 
| 183|0x000000008b700000, 0x000000008b7e1430, 0x000000008b800000| 87%| O|  |TAMS 0x000000008b7e1430, 0x000000008b7e1430| Untracked 
| 184|0x000000008b800000, 0x000000008b8ffff0, 0x000000008b900000| 99%| O|  |TAMS 0x000000008b8ffff0, 0x000000008b8ffff0| Untracked 
| 185|0x000000008b900000, 0x000000008ba00000, 0x000000008ba00000|100%| O|  |TAMS 0x000000008ba00000, 0x000000008ba00000| Untracked 
| 186|0x000000008ba00000, 0x000000008bb00000, 0x000000008bb00000|100%| O|  |TAMS 0x000000008bb00000, 0x000000008bb00000| Untracked 
| 187|0x000000008bb00000, 0x000000008bbfff98, 0x000000008bc00000| 99%| O|  |TAMS 0x000000008bbfff98, 0x000000008bbfff98| Untracked 
| 188|0x000000008bc00000, 0x000000008bd00000, 0x000000008bd00000|100%| O|  |TAMS 0x000000008bd00000, 0x000000008bd00000| Untracked 
| 189|0x000000008bd00000, 0x000000008bdffff0, 0x000000008be00000| 99%| O|  |TAMS 0x000000008bdffff0, 0x000000008bdffff0| Untracked 
| 190|0x000000008be00000, 0x000000008befffd0, 0x000000008bf00000| 99%| O|  |TAMS 0x000000008befffd0, 0x000000008befffd0| Untracked 
| 191|0x000000008bf00000, 0x000000008c000000, 0x000000008c000000|100%| O|  |TAMS 0x000000008c000000, 0x000000008c000000| Untracked 
| 192|0x000000008c000000, 0x000000008c100000, 0x000000008c100000|100%| O|  |TAMS 0x000000008c100000, 0x000000008c100000| Untracked 
| 193|0x000000008c100000, 0x000000008c1fffd8, 0x000000008c200000| 99%| O|  |TAMS 0x000000008c1fffd8, 0x000000008c1fffd8| Untracked 
| 194|0x000000008c200000, 0x000000008c300000, 0x000000008c300000|100%| O|  |TAMS 0x000000008c300000, 0x000000008c300000| Untracked 
| 195|0x000000008c300000, 0x000000008c3c7180, 0x000000008c400000| 77%| O|  |TAMS 0x000000008c3c7180, 0x000000008c3c7180| Untracked 
| 196|0x000000008c400000, 0x000000008c4fff80, 0x000000008c500000| 99%| O|  |TAMS 0x000000008c4fff80, 0x000000008c4fff80| Untracked 
| 197|0x000000008c500000, 0x000000008c5ffff0, 0x000000008c600000| 99%| O|  |TAMS 0x000000008c5ffff0, 0x000000008c5ffff0| Untracked 
| 198|0x000000008c600000, 0x000000008c700000, 0x000000008c700000|100%| O|  |TAMS 0x000000008c700000, 0x000000008c700000| Untracked 
| 199|0x000000008c700000, 0x000000008c7fdfa0, 0x000000008c800000| 99%| O|  |TAMS 0x000000008c7fdfa0, 0x000000008c7fdfa0| Untracked 
| 200|0x000000008c800000, 0x000000008c900000, 0x000000008c900000|100%| O|  |TAMS 0x000000008c900000, 0x000000008c900000| Untracked 
| 201|0x000000008c900000, 0x000000008ca00000, 0x000000008ca00000|100%| O|  |TAMS 0x000000008ca00000, 0x000000008ca00000| Untracked 
| 202|0x000000008ca00000, 0x000000008cafffd8, 0x000000008cb00000| 99%| O|  |TAMS 0x000000008cafffd8, 0x000000008cafffd8| Untracked 
| 203|0x000000008cb00000, 0x000000008cc00000, 0x000000008cc00000|100%| O|  |TAMS 0x000000008cc00000, 0x000000008cc00000| Untracked 
| 204|0x000000008cc00000, 0x000000008cc00000, 0x000000008cd00000|  0%| F|  |TAMS 0x000000008cc00000, 0x000000008cc00000| Untracked 
| 205|0x000000008cd00000, 0x000000008cdfffe8, 0x000000008ce00000| 99%| O|  |TAMS 0x000000008cdfffe8, 0x000000008cdfffe8| Untracked 
| 206|0x000000008ce00000, 0x000000008cf00000, 0x000000008cf00000|100%| O|  |TAMS 0x000000008cf00000, 0x000000008cf00000| Untracked 
| 207|0x000000008cf00000, 0x000000008d000000, 0x000000008d000000|100%| O|  |TAMS 0x000000008d000000, 0x000000008d000000| Untracked 
| 208|0x000000008d000000, 0x000000008d0ffff0, 0x000000008d100000| 99%| O|  |TAMS 0x000000008d0ffff0, 0x000000008d0ffff0| Untracked 
| 209|0x000000008d100000, 0x000000008d1a6648, 0x000000008d200000| 64%| O|  |TAMS 0x000000008d1a6648, 0x000000008d1a6648| Untracked 
| 210|0x000000008d200000, 0x000000008d300000, 0x000000008d300000|100%| O|  |TAMS 0x000000008d300000, 0x000000008d300000| Untracked 
| 211|0x000000008d300000, 0x000000008d400000, 0x000000008d400000|100%| O|  |TAMS 0x000000008d300000, 0x000000008d400000| Untracked 
| 212|0x000000008d400000, 0x000000008d4f4a58, 0x000000008d500000| 95%| O|  |TAMS 0x000000008d4f4a58, 0x000000008d4f4a58| Untracked 
| 213|0x000000008d500000, 0x000000008d5a4e18, 0x000000008d600000| 64%| O|  |TAMS 0x000000008d5a4e18, 0x000000008d5a4e18| Untracked 
| 214|0x000000008d600000, 0x000000008d700000, 0x000000008d700000|100%| O|  |TAMS 0x000000008d700000, 0x000000008d700000| Untracked 
| 215|0x000000008d700000, 0x000000008d7fffc0, 0x000000008d800000| 99%| O|  |TAMS 0x000000008d7fffc0, 0x000000008d7fffc0| Untracked 
| 216|0x000000008d800000, 0x000000008d800000, 0x000000008d900000|  0%| F|  |TAMS 0x000000008d800000, 0x000000008d800000| Untracked 
| 217|0x000000008d900000, 0x000000008d92b738, 0x000000008da00000| 16%| O|  |TAMS 0x000000008d92b738, 0x000000008d92b738| Untracked 
| 218|0x000000008da00000, 0x000000008db00000, 0x000000008db00000|100%| O|  |TAMS 0x000000008db00000, 0x000000008db00000| Untracked 
| 219|0x000000008db00000, 0x000000008dc00000, 0x000000008dc00000|100%| O|  |TAMS 0x000000008dc00000, 0x000000008dc00000| Untracked 
| 220|0x000000008dc00000, 0x000000008dd00000, 0x000000008dd00000|100%| O|  |TAMS 0x000000008dd00000, 0x000000008dd00000| Untracked 
| 221|0x000000008dd00000, 0x000000008de00000, 0x000000008de00000|100%| O|  |TAMS 0x000000008de00000, 0x000000008de00000| Untracked 
| 222|0x000000008de00000, 0x000000008df00000, 0x000000008df00000|100%| O|  |TAMS 0x000000008df00000, 0x000000008df00000| Untracked 
| 223|0x000000008df00000, 0x000000008e000000, 0x000000008e000000|100%| O|  |TAMS 0x000000008e000000, 0x000000008e000000| Untracked 
| 224|0x000000008e000000, 0x000000008e100000, 0x000000008e100000|100%| O|  |TAMS 0x000000008e100000, 0x000000008e100000| Untracked 
| 225|0x000000008e100000, 0x000000008e1ffff8, 0x000000008e200000| 99%| O|  |TAMS 0x000000008e1ffff8, 0x000000008e1ffff8| Untracked 
| 226|0x000000008e200000, 0x000000008e300000, 0x000000008e300000|100%| O|  |TAMS 0x000000008e300000, 0x000000008e300000| Untracked 
| 227|0x000000008e300000, 0x000000008e400000, 0x000000008e400000|100%| O|  |TAMS 0x000000008e400000, 0x000000008e400000| Untracked 
| 228|0x000000008e400000, 0x000000008e500000, 0x000000008e500000|100%| O|  |TAMS 0x000000008e500000, 0x000000008e500000| Untracked 
| 229|0x000000008e500000, 0x000000008e600000, 0x000000008e600000|100%| O|  |TAMS 0x000000008e600000, 0x000000008e600000| Untracked 
| 230|0x000000008e600000, 0x000000008e700000, 0x000000008e700000|100%| O|  |TAMS 0x000000008e700000, 0x000000008e700000| Untracked 
| 231|0x000000008e700000, 0x000000008e800000, 0x000000008e800000|100%| O|  |TAMS 0x000000008e800000, 0x000000008e800000| Untracked 
| 232|0x000000008e800000, 0x000000008e900000, 0x000000008e900000|100%| O|  |TAMS 0x000000008e900000, 0x000000008e900000| Untracked 
| 233|0x000000008e900000, 0x000000008ea00000, 0x000000008ea00000|100%| O|  |TAMS 0x000000008ea00000, 0x000000008ea00000| Untracked 
| 234|0x000000008ea00000, 0x000000008eb00000, 0x000000008eb00000|100%| O|  |TAMS 0x000000008eb00000, 0x000000008eb00000| Untracked 
| 235|0x000000008eb00000, 0x000000008ebfffe8, 0x000000008ec00000| 99%| O|  |TAMS 0x000000008ebfffe8, 0x000000008ebfffe8| Untracked 
| 236|0x000000008ec00000, 0x000000008ed00000, 0x000000008ed00000|100%| O|  |TAMS 0x000000008ed00000, 0x000000008ed00000| Untracked 
| 237|0x000000008ed00000, 0x000000008ee00000, 0x000000008ee00000|100%| O|  |TAMS 0x000000008ee00000, 0x000000008ee00000| Untracked 
| 238|0x000000008ee00000, 0x000000008ef00000, 0x000000008ef00000|100%| O|  |TAMS 0x000000008ef00000, 0x000000008ef00000| Untracked 
| 239|0x000000008ef00000, 0x000000008f000000, 0x000000008f000000|100%| O|  |TAMS 0x000000008f000000, 0x000000008f000000| Untracked 
| 240|0x000000008f000000, 0x000000008f100000, 0x000000008f100000|100%| O|  |TAMS 0x000000008f000000, 0x000000008f100000| Untracked 
| 241|0x000000008f100000, 0x000000008f200000, 0x000000008f200000|100%| O|  |TAMS 0x000000008f100000, 0x000000008f200000| Untracked 
| 242|0x000000008f200000, 0x000000008f300000, 0x000000008f300000|100%| O|  |TAMS 0x000000008f200000, 0x000000008f300000| Untracked 
| 243|0x000000008f300000, 0x000000008f400000, 0x000000008f400000|100%| O|  |TAMS 0x000000008f300000, 0x000000008f400000| Untracked 
| 244|0x000000008f400000, 0x000000008f500000, 0x000000008f500000|100%| O|  |TAMS 0x000000008f400000, 0x000000008f500000| Untracked 
| 245|0x000000008f500000, 0x000000008f5ffff8, 0x000000008f600000| 99%| O|  |TAMS 0x000000008f5ffff8, 0x000000008f5ffff8| Untracked 
| 246|0x000000008f600000, 0x000000008f700000, 0x000000008f700000|100%| O|  |TAMS 0x000000008f600000, 0x000000008f700000| Untracked 
| 247|0x000000008f700000, 0x000000008f800000, 0x000000008f800000|100%| O|  |TAMS 0x000000008f800000, 0x000000008f800000| Untracked 
| 248|0x000000008f800000, 0x000000008f900000, 0x000000008f900000|100%| O|  |TAMS 0x000000008f900000, 0x000000008f900000| Untracked 
| 249|0x000000008f900000, 0x000000008fa00000, 0x000000008fa00000|100%| O|  |TAMS 0x000000008fa00000, 0x000000008fa00000| Untracked 
| 250|0x000000008fa00000, 0x000000008fb00000, 0x000000008fb00000|100%| O|  |TAMS 0x000000008fb00000, 0x000000008fb00000| Untracked 
| 251|0x000000008fb00000, 0x000000008fc00000, 0x000000008fc00000|100%| O|  |TAMS 0x000000008fc00000, 0x000000008fc00000| Untracked 
| 252|0x000000008fc00000, 0x000000008fd00000, 0x000000008fd00000|100%| O|  |TAMS 0x000000008fd00000, 0x000000008fd00000| Untracked 
| 253|0x000000008fd00000, 0x000000008fe00000, 0x000000008fe00000|100%| O|  |TAMS 0x000000008fe00000, 0x000000008fe00000| Untracked 
| 254|0x000000008fe00000, 0x000000008ff00000, 0x000000008ff00000|100%| O|  |TAMS 0x000000008ff00000, 0x000000008ff00000| Untracked 
| 255|0x000000008ff00000, 0x0000000090000000, 0x0000000090000000|100%| O|  |TAMS 0x0000000090000000, 0x0000000090000000| Untracked 
| 256|0x0000000090000000, 0x0000000090100000, 0x0000000090100000|100%| O|  |TAMS 0x0000000090100000, 0x0000000090100000| Untracked 
| 257|0x0000000090100000, 0x0000000090200000, 0x0000000090200000|100%| O|  |TAMS 0x0000000090200000, 0x0000000090200000| Untracked 
| 258|0x0000000090200000, 0x0000000090300000, 0x0000000090300000|100%| O|  |TAMS 0x0000000090300000, 0x0000000090300000| Untracked 
| 259|0x0000000090300000, 0x0000000090400000, 0x0000000090400000|100%| O|  |TAMS 0x0000000090400000, 0x0000000090400000| Untracked 
| 260|0x0000000090400000, 0x0000000090500000, 0x0000000090500000|100%| O|  |TAMS 0x0000000090500000, 0x0000000090500000| Untracked 
| 261|0x0000000090500000, 0x0000000090600000, 0x0000000090600000|100%| O|  |TAMS 0x0000000090600000, 0x0000000090600000| Untracked 
| 262|0x0000000090600000, 0x0000000090700000, 0x0000000090700000|100%| O|  |TAMS 0x0000000090700000, 0x0000000090700000| Untracked 
| 263|0x0000000090700000, 0x0000000090800000, 0x0000000090800000|100%| O|  |TAMS 0x0000000090800000, 0x0000000090800000| Untracked 
| 264|0x0000000090800000, 0x0000000090800000, 0x0000000090900000|  0%| F|  |TAMS 0x0000000090800000, 0x0000000090800000| Untracked 
| 265|0x0000000090900000, 0x0000000090a00000, 0x0000000090a00000|100%| O|  |TAMS 0x0000000090900000, 0x0000000090a00000| Untracked 
| 266|0x0000000090a00000, 0x0000000090b00000, 0x0000000090b00000|100%| O|  |TAMS 0x0000000090a00000, 0x0000000090b00000| Untracked 
| 267|0x0000000090b00000, 0x0000000090b00000, 0x0000000090c00000|  0%| F|  |TAMS 0x0000000090b00000, 0x0000000090b00000| Untracked 
| 268|0x0000000090c00000, 0x0000000090d00000, 0x0000000090d00000|100%| O|  |TAMS 0x0000000090d00000, 0x0000000090d00000| Untracked 
| 269|0x0000000090d00000, 0x0000000090e00000, 0x0000000090e00000|100%| O|  |TAMS 0x0000000090e00000, 0x0000000090e00000| Untracked 
| 270|0x0000000090e00000, 0x0000000090f00000, 0x0000000090f00000|100%| O|  |TAMS 0x0000000090f00000, 0x0000000090f00000| Untracked 
| 271|0x0000000090f00000, 0x0000000091000000, 0x0000000091000000|100%| O|  |TAMS 0x0000000090f00000, 0x0000000091000000| Untracked 
| 272|0x0000000091000000, 0x0000000091100000, 0x0000000091100000|100%| O|  |TAMS 0x0000000091100000, 0x0000000091100000| Untracked 
| 273|0x0000000091100000, 0x0000000091200000, 0x0000000091200000|100%| O|  |TAMS 0x0000000091200000, 0x0000000091200000| Untracked 
| 274|0x0000000091200000, 0x0000000091300000, 0x0000000091300000|100%| O|  |TAMS 0x0000000091300000, 0x0000000091300000| Untracked 
| 275|0x0000000091300000, 0x0000000091400000, 0x0000000091400000|100%| O|  |TAMS 0x0000000091400000, 0x0000000091400000| Untracked 
| 276|0x0000000091400000, 0x0000000091500000, 0x0000000091500000|100%| O|  |TAMS 0x0000000091500000, 0x0000000091500000| Untracked 
| 277|0x0000000091500000, 0x0000000091600000, 0x0000000091600000|100%| O|  |TAMS 0x0000000091600000, 0x0000000091600000| Untracked 
| 278|0x0000000091600000, 0x0000000091600000, 0x0000000091700000|  0%| F|  |TAMS 0x0000000091600000, 0x0000000091600000| Untracked 
| 279|0x0000000091700000, 0x0000000091800000, 0x0000000091800000|100%| O|  |TAMS 0x0000000091700000, 0x0000000091800000| Untracked 
| 280|0x0000000091800000, 0x0000000091900000, 0x0000000091900000|100%| O|  |TAMS 0x0000000091800000, 0x0000000091900000| Untracked 
| 281|0x0000000091900000, 0x0000000091a00000, 0x0000000091a00000|100%| O|  |TAMS 0x0000000091a00000, 0x0000000091a00000| Untracked 
| 282|0x0000000091a00000, 0x0000000091b00000, 0x0000000091b00000|100%| O|  |TAMS 0x0000000091b00000, 0x0000000091b00000| Untracked 
| 283|0x0000000091b00000, 0x0000000091c00000, 0x0000000091c00000|100%| O|  |TAMS 0x0000000091c00000, 0x0000000091c00000| Untracked 
| 284|0x0000000091c00000, 0x0000000091d00000, 0x0000000091d00000|100%| O|  |TAMS 0x0000000091d00000, 0x0000000091d00000| Untracked 
| 285|0x0000000091d00000, 0x0000000091e00000, 0x0000000091e00000|100%| O|  |TAMS 0x0000000091d00000, 0x0000000091e00000| Untracked 
| 286|0x0000000091e00000, 0x0000000091f00000, 0x0000000091f00000|100%| O|  |TAMS 0x0000000091e00000, 0x0000000091f00000| Untracked 
| 287|0x0000000091f00000, 0x0000000092000000, 0x0000000092000000|100%| O|  |TAMS 0x0000000091f00000, 0x0000000092000000| Untracked 
| 288|0x0000000092000000, 0x0000000092100000, 0x0000000092100000|100%| O|  |TAMS 0x0000000092000000, 0x0000000092100000| Untracked 
| 289|0x0000000092100000, 0x0000000092200000, 0x0000000092200000|100%| O|  |TAMS 0x0000000092200000, 0x0000000092200000| Untracked 
| 290|0x0000000092200000, 0x0000000092300000, 0x0000000092300000|100%| O|  |TAMS 0x0000000092200000, 0x0000000092300000| Untracked 
| 291|0x0000000092300000, 0x0000000092400000, 0x0000000092400000|100%| O|  |TAMS 0x0000000092400000, 0x0000000092400000| Untracked 
| 292|0x0000000092400000, 0x0000000092500000, 0x0000000092500000|100%| O|  |TAMS 0x0000000092500000, 0x0000000092500000| Untracked 
| 293|0x0000000092500000, 0x0000000092600000, 0x0000000092600000|100%| O|  |TAMS 0x0000000092600000, 0x0000000092600000| Untracked 
| 294|0x0000000092600000, 0x0000000092700000, 0x0000000092700000|100%| O|  |TAMS 0x0000000092600000, 0x0000000092700000| Untracked 
| 295|0x0000000092700000, 0x0000000092800000, 0x0000000092800000|100%| O|  |TAMS 0x0000000092800000, 0x0000000092800000| Untracked 
| 296|0x0000000092800000, 0x0000000092900000, 0x0000000092900000|100%| O|  |TAMS 0x0000000092800000, 0x0000000092900000| Untracked 
| 297|0x0000000092900000, 0x0000000092a00000, 0x0000000092a00000|100%| O|  |TAMS 0x0000000092a00000, 0x0000000092a00000| Untracked 
| 298|0x0000000092a00000, 0x0000000092b00000, 0x0000000092b00000|100%| O|  |TAMS 0x0000000092a00000, 0x0000000092b00000| Untracked 
| 299|0x0000000092b00000, 0x0000000092c00000, 0x0000000092c00000|100%| O|  |TAMS 0x0000000092c00000, 0x0000000092c00000| Untracked 
| 300|0x0000000092c00000, 0x0000000092d00000, 0x0000000092d00000|100%| O|  |TAMS 0x0000000092c00000, 0x0000000092d00000| Untracked 
| 301|0x0000000092d00000, 0x0000000092e00000, 0x0000000092e00000|100%| O|  |TAMS 0x0000000092e00000, 0x0000000092e00000| Untracked 
| 302|0x0000000092e00000, 0x0000000092f00000, 0x0000000092f00000|100%| O|  |TAMS 0x0000000092f00000, 0x0000000092f00000| Untracked 
| 303|0x0000000092f00000, 0x0000000093000000, 0x0000000093000000|100%| O|  |TAMS 0x0000000093000000, 0x0000000093000000| Untracked 
| 304|0x0000000093000000, 0x0000000093100000, 0x0000000093100000|100%| O|  |TAMS 0x0000000093100000, 0x0000000093100000| Untracked 
| 305|0x0000000093100000, 0x0000000093200000, 0x0000000093200000|100%| O|  |TAMS 0x0000000093200000, 0x0000000093200000| Untracked 
| 306|0x0000000093200000, 0x0000000093200000, 0x0000000093300000|  0%| F|  |TAMS 0x0000000093200000, 0x0000000093200000| Untracked 
| 307|0x0000000093300000, 0x0000000093400000, 0x0000000093400000|100%| O|  |TAMS 0x0000000093400000, 0x0000000093400000| Untracked 
| 308|0x0000000093400000, 0x0000000093500000, 0x0000000093500000|100%| O|  |TAMS 0x0000000093400000, 0x0000000093500000| Untracked 
| 309|0x0000000093500000, 0x0000000093600000, 0x0000000093600000|100%| O|  |TAMS 0x0000000093500000, 0x0000000093600000| Untracked 
| 310|0x0000000093600000, 0x0000000093700000, 0x0000000093700000|100%| O|  |TAMS 0x0000000093700000, 0x0000000093700000| Untracked 
| 311|0x0000000093700000, 0x0000000093800000, 0x0000000093800000|100%| O|  |TAMS 0x0000000093800000, 0x0000000093800000| Untracked 
| 312|0x0000000093800000, 0x0000000093900000, 0x0000000093900000|100%| O|  |TAMS 0x0000000093900000, 0x0000000093900000| Untracked 
| 313|0x0000000093900000, 0x0000000093a00000, 0x0000000093a00000|100%| O|  |TAMS 0x0000000093a00000, 0x0000000093a00000| Untracked 
| 314|0x0000000093a00000, 0x0000000093b00000, 0x0000000093b00000|100%| O|  |TAMS 0x0000000093b00000, 0x0000000093b00000| Untracked 
| 315|0x0000000093b00000, 0x0000000093c00000, 0x0000000093c00000|100%| O|  |TAMS 0x0000000093c00000, 0x0000000093c00000| Untracked 
| 316|0x0000000093c00000, 0x0000000093d00000, 0x0000000093d00000|100%| O|  |TAMS 0x0000000093c00000, 0x0000000093d00000| Untracked 
| 317|0x0000000093d00000, 0x0000000093e00000, 0x0000000093e00000|100%| O|  |TAMS 0x0000000093e00000, 0x0000000093e00000| Untracked 
| 318|0x0000000093e00000, 0x0000000093f00000, 0x0000000093f00000|100%| O|  |TAMS 0x0000000093f00000, 0x0000000093f00000| Untracked 
| 319|0x0000000093f00000, 0x0000000093f00000, 0x0000000094000000|  0%| F|  |TAMS 0x0000000093f00000, 0x0000000093f00000| Untracked 
| 320|0x0000000094000000, 0x0000000094000000, 0x0000000094100000|  0%| F|  |TAMS 0x0000000094000000, 0x0000000094000000| Untracked 
| 321|0x0000000094100000, 0x0000000094200000, 0x0000000094200000|100%| O|  |TAMS 0x0000000094200000, 0x0000000094200000| Untracked 
| 322|0x0000000094200000, 0x0000000094300000, 0x0000000094300000|100%| O|  |TAMS 0x0000000094300000, 0x0000000094300000| Untracked 
| 323|0x0000000094300000, 0x0000000094300000, 0x0000000094400000|  0%| F|  |TAMS 0x0000000094300000, 0x0000000094300000| Untracked 
| 324|0x0000000094400000, 0x0000000094500000, 0x0000000094500000|100%| O|  |TAMS 0x0000000094500000, 0x0000000094500000| Untracked 
| 325|0x0000000094500000, 0x0000000094600000, 0x0000000094600000|100%| O|  |TAMS 0x0000000094600000, 0x0000000094600000| Untracked 
| 326|0x0000000094600000, 0x0000000094700000, 0x0000000094700000|100%| O|  |TAMS 0x0000000094700000, 0x0000000094700000| Untracked 
| 327|0x0000000094700000, 0x0000000094800000, 0x0000000094800000|100%| O|  |TAMS 0x0000000094800000, 0x0000000094800000| Untracked 
| 328|0x0000000094800000, 0x0000000094900000, 0x0000000094900000|100%| O|  |TAMS 0x0000000094800000, 0x0000000094900000| Untracked 
| 329|0x0000000094900000, 0x0000000094a00000, 0x0000000094a00000|100%| O|  |TAMS 0x0000000094900000, 0x0000000094a00000| Untracked 
| 330|0x0000000094a00000, 0x0000000094b00000, 0x0000000094b00000|100%| O|  |TAMS 0x0000000094a00000, 0x0000000094b00000| Untracked 
| 331|0x0000000094b00000, 0x0000000094c00000, 0x0000000094c00000|100%| O|  |TAMS 0x0000000094b00000, 0x0000000094c00000| Untracked 
| 332|0x0000000094c00000, 0x0000000094d00000, 0x0000000094d00000|100%|HS|  |TAMS 0x0000000094d00000, 0x0000000094d00000| Complete 
| 333|0x0000000094d00000, 0x0000000094e00000, 0x0000000094e00000|100%|HC|  |TAMS 0x0000000094e00000, 0x0000000094e00000| Complete 
| 334|0x0000000094e00000, 0x0000000094f00000, 0x0000000094f00000|100%|HC|  |TAMS 0x0000000094f00000, 0x0000000094f00000| Complete 
| 335|0x0000000094f00000, 0x0000000095000000, 0x0000000095000000|100%| O|  |TAMS 0x0000000094f00000, 0x0000000095000000| Untracked 
| 336|0x0000000095000000, 0x0000000095100000, 0x0000000095100000|100%| O|  |TAMS 0x0000000095000000, 0x0000000095100000| Untracked 
| 337|0x0000000095100000, 0x0000000095200000, 0x0000000095200000|100%| O|  |TAMS 0x0000000095100000, 0x0000000095200000| Untracked 
| 338|0x0000000095200000, 0x0000000095300000, 0x0000000095300000|100%| O|  |TAMS 0x0000000095200000, 0x0000000095300000| Untracked 
| 339|0x0000000095300000, 0x0000000095400000, 0x0000000095400000|100%| O|  |TAMS 0x0000000095300000, 0x0000000095400000| Untracked 
| 340|0x0000000095400000, 0x0000000095500000, 0x0000000095500000|100%| O|  |TAMS 0x0000000095400000, 0x0000000095500000| Untracked 
| 341|0x0000000095500000, 0x0000000095600000, 0x0000000095600000|100%| O|  |TAMS 0x0000000095500000, 0x0000000095600000| Untracked 
| 342|0x0000000095600000, 0x0000000095700000, 0x0000000095700000|100%| O|  |TAMS 0x0000000095600000, 0x0000000095700000| Untracked 
| 343|0x0000000095700000, 0x0000000095800000, 0x0000000095800000|100%| O|  |TAMS 0x0000000095700000, 0x0000000095800000| Untracked 
| 344|0x0000000095800000, 0x0000000095900000, 0x0000000095900000|100%| O|  |TAMS 0x0000000095800000, 0x0000000095900000| Untracked 
| 345|0x0000000095900000, 0x0000000095900000, 0x0000000095a00000|  0%| F|  |TAMS 0x0000000095900000, 0x0000000095900000| Untracked 
| 346|0x0000000095a00000, 0x0000000095b00000, 0x0000000095b00000|100%| O|  |TAMS 0x0000000095a00000, 0x0000000095b00000| Untracked 
| 347|0x0000000095b00000, 0x0000000095c00000, 0x0000000095c00000|100%| O|  |TAMS 0x0000000095b00000, 0x0000000095c00000| Untracked 
| 348|0x0000000095c00000, 0x0000000095d00000, 0x0000000095d00000|100%| O|  |TAMS 0x0000000095c00000, 0x0000000095d00000| Untracked 
| 349|0x0000000095d00000, 0x0000000095e00000, 0x0000000095e00000|100%| O|  |TAMS 0x0000000095d00000, 0x0000000095e00000| Untracked 
| 350|0x0000000095e00000, 0x0000000095f00000, 0x0000000095f00000|100%| O|  |TAMS 0x0000000095e00000, 0x0000000095f00000| Untracked 
| 351|0x0000000095f00000, 0x0000000096000000, 0x0000000096000000|100%| O|  |TAMS 0x0000000095f00000, 0x0000000096000000| Untracked 
| 352|0x0000000096000000, 0x0000000096100000, 0x0000000096100000|100%| O|  |TAMS 0x0000000096100000, 0x0000000096100000| Untracked 
| 353|0x0000000096100000, 0x0000000096200000, 0x0000000096200000|100%| O|  |TAMS 0x0000000096100000, 0x0000000096200000| Untracked 
| 354|0x0000000096200000, 0x0000000096300000, 0x0000000096300000|100%| O|  |TAMS 0x0000000096200000, 0x0000000096300000| Untracked 
| 355|0x0000000096300000, 0x0000000096400000, 0x0000000096400000|100%| O|  |TAMS 0x0000000096300000, 0x0000000096400000| Untracked 
| 356|0x0000000096400000, 0x0000000096500000, 0x0000000096500000|100%| O|  |TAMS 0x0000000096400000, 0x0000000096500000| Untracked 
| 357|0x0000000096500000, 0x0000000096600000, 0x0000000096600000|100%| O|  |TAMS 0x0000000096500000, 0x0000000096600000| Untracked 
| 358|0x0000000096600000, 0x0000000096700000, 0x0000000096700000|100%| O|  |TAMS 0x0000000096600000, 0x0000000096700000| Untracked 
| 359|0x0000000096700000, 0x0000000096800000, 0x0000000096800000|100%| O|  |TAMS 0x0000000096700000, 0x0000000096800000| Untracked 
| 360|0x0000000096800000, 0x0000000096900000, 0x0000000096900000|100%| O|  |TAMS 0x0000000096800000, 0x0000000096900000| Untracked 
| 361|0x0000000096900000, 0x0000000096a00000, 0x0000000096a00000|100%| O|  |TAMS 0x0000000096900000, 0x0000000096a00000| Untracked 
| 362|0x0000000096a00000, 0x0000000096b00000, 0x0000000096b00000|100%| O|  |TAMS 0x0000000096a00000, 0x0000000096b00000| Untracked 
| 363|0x0000000096b00000, 0x0000000096c00000, 0x0000000096c00000|100%| O|  |TAMS 0x0000000096b00000, 0x0000000096c00000| Untracked 
| 364|0x0000000096c00000, 0x0000000096d00000, 0x0000000096d00000|100%| O|  |TAMS 0x0000000096c00000, 0x0000000096d00000| Untracked 
| 365|0x0000000096d00000, 0x0000000096e00000, 0x0000000096e00000|100%| O|  |TAMS 0x0000000096d00000, 0x0000000096e00000| Untracked 
| 366|0x0000000096e00000, 0x0000000096f00000, 0x0000000096f00000|100%| O|  |TAMS 0x0000000096e00000, 0x0000000096f00000| Untracked 
| 367|0x0000000096f00000, 0x0000000097000000, 0x0000000097000000|100%| O|  |TAMS 0x0000000096f00000, 0x0000000097000000| Untracked 
| 368|0x0000000097000000, 0x0000000097100000, 0x0000000097100000|100%| O|  |TAMS 0x0000000097000000, 0x0000000097100000| Untracked 
| 369|0x0000000097100000, 0x0000000097200000, 0x0000000097200000|100%| O|  |TAMS 0x0000000097100000, 0x0000000097200000| Untracked 
| 370|0x0000000097200000, 0x0000000097200000, 0x0000000097300000|  0%| F|  |TAMS 0x0000000097200000, 0x0000000097200000| Untracked 
| 371|0x0000000097300000, 0x0000000097300000, 0x0000000097400000|  0%| F|  |TAMS 0x0000000097300000, 0x0000000097300000| Untracked 
| 372|0x0000000097400000, 0x0000000097400000, 0x0000000097500000|  0%| F|  |TAMS 0x0000000097400000, 0x0000000097400000| Untracked 
| 373|0x0000000097500000, 0x0000000097500000, 0x0000000097600000|  0%| F|  |TAMS 0x0000000097500000, 0x0000000097500000| Untracked 
| 374|0x0000000097600000, 0x0000000097600000, 0x0000000097700000|  0%| F|  |TAMS 0x0000000097600000, 0x0000000097600000| Untracked 
| 375|0x0000000097700000, 0x0000000097700000, 0x0000000097800000|  0%| F|  |TAMS 0x0000000097700000, 0x0000000097700000| Untracked 
| 376|0x0000000097800000, 0x0000000097800000, 0x0000000097900000|  0%| F|  |TAMS 0x0000000097800000, 0x0000000097800000| Untracked 
| 377|0x0000000097900000, 0x0000000097900000, 0x0000000097a00000|  0%| F|  |TAMS 0x0000000097900000, 0x0000000097900000| Untracked 
| 378|0x0000000097a00000, 0x0000000097a00000, 0x0000000097b00000|  0%| F|  |TAMS 0x0000000097a00000, 0x0000000097a00000| Untracked 
| 379|0x0000000097b00000, 0x0000000097b00000, 0x0000000097c00000|  0%| F|  |TAMS 0x0000000097b00000, 0x0000000097b00000| Untracked 
| 380|0x0000000097c00000, 0x0000000097c00000, 0x0000000097d00000|  0%| F|  |TAMS 0x0000000097c00000, 0x0000000097c00000| Untracked 
| 381|0x0000000097d00000, 0x0000000097d00000, 0x0000000097e00000|  0%| F|  |TAMS 0x0000000097d00000, 0x0000000097d00000| Untracked 
| 382|0x0000000097e00000, 0x0000000097e00000, 0x0000000097f00000|  0%| F|  |TAMS 0x0000000097e00000, 0x0000000097e00000| Untracked 
| 383|0x0000000097f00000, 0x0000000097f00000, 0x0000000098000000|  0%| F|  |TAMS 0x0000000097f00000, 0x0000000097f00000| Untracked 
| 384|0x0000000098000000, 0x0000000098000000, 0x0000000098100000|  0%| F|  |TAMS 0x0000000098000000, 0x0000000098000000| Untracked 
| 385|0x0000000098100000, 0x0000000098100000, 0x0000000098200000|  0%| F|  |TAMS 0x0000000098100000, 0x0000000098100000| Untracked 
| 386|0x0000000098200000, 0x0000000098200000, 0x0000000098300000|  0%| F|  |TAMS 0x0000000098200000, 0x0000000098200000| Untracked 
| 387|0x0000000098300000, 0x0000000098300000, 0x0000000098400000|  0%| F|  |TAMS 0x0000000098300000, 0x0000000098300000| Untracked 
| 388|0x0000000098400000, 0x0000000098400000, 0x0000000098500000|  0%| F|  |TAMS 0x0000000098400000, 0x0000000098400000| Untracked 
| 389|0x0000000098500000, 0x0000000098500000, 0x0000000098600000|  0%| F|  |TAMS 0x0000000098500000, 0x0000000098500000| Untracked 
| 390|0x0000000098600000, 0x0000000098600000, 0x0000000098700000|  0%| F|  |TAMS 0x0000000098600000, 0x0000000098600000| Untracked 
| 391|0x0000000098700000, 0x0000000098700000, 0x0000000098800000|  0%| F|  |TAMS 0x0000000098700000, 0x0000000098700000| Untracked 
| 392|0x0000000098800000, 0x0000000098800000, 0x0000000098900000|  0%| F|  |TAMS 0x0000000098800000, 0x0000000098800000| Untracked 
| 393|0x0000000098900000, 0x0000000098900000, 0x0000000098a00000|  0%| F|  |TAMS 0x0000000098900000, 0x0000000098900000| Untracked 
| 394|0x0000000098a00000, 0x0000000098a00000, 0x0000000098b00000|  0%| F|  |TAMS 0x0000000098a00000, 0x0000000098a00000| Untracked 
| 395|0x0000000098b00000, 0x0000000098b00000, 0x0000000098c00000|  0%| F|  |TAMS 0x0000000098b00000, 0x0000000098b00000| Untracked 
| 396|0x0000000098c00000, 0x0000000098c00000, 0x0000000098d00000|  0%| F|  |TAMS 0x0000000098c00000, 0x0000000098c00000| Untracked 
| 397|0x0000000098d00000, 0x0000000098d00000, 0x0000000098e00000|  0%| F|  |TAMS 0x0000000098d00000, 0x0000000098d00000| Untracked 
| 398|0x0000000098e00000, 0x0000000098e00000, 0x0000000098f00000|  0%| F|  |TAMS 0x0000000098e00000, 0x0000000098e00000| Untracked 
| 399|0x0000000098f00000, 0x0000000098f00000, 0x0000000099000000|  0%| F|  |TAMS 0x0000000098f00000, 0x0000000098f00000| Untracked 
| 400|0x0000000099000000, 0x0000000099000000, 0x0000000099100000|  0%| F|  |TAMS 0x0000000099000000, 0x0000000099000000| Untracked 
| 401|0x0000000099100000, 0x0000000099100000, 0x0000000099200000|  0%| F|  |TAMS 0x0000000099100000, 0x0000000099100000| Untracked 
| 402|0x0000000099200000, 0x0000000099200000, 0x0000000099300000|  0%| F|  |TAMS 0x0000000099200000, 0x0000000099200000| Untracked 
| 403|0x0000000099300000, 0x0000000099300000, 0x0000000099400000|  0%| F|  |TAMS 0x0000000099300000, 0x0000000099300000| Untracked 
| 404|0x0000000099400000, 0x0000000099400000, 0x0000000099500000|  0%| F|  |TAMS 0x0000000099400000, 0x0000000099400000| Untracked 
| 405|0x0000000099500000, 0x0000000099500000, 0x0000000099600000|  0%| F|  |TAMS 0x0000000099500000, 0x0000000099500000| Untracked 
| 406|0x0000000099600000, 0x0000000099600000, 0x0000000099700000|  0%| F|  |TAMS 0x0000000099600000, 0x0000000099600000| Untracked 
| 407|0x0000000099700000, 0x0000000099700000, 0x0000000099800000|  0%| F|  |TAMS 0x0000000099700000, 0x0000000099700000| Untracked 
| 408|0x0000000099800000, 0x0000000099800000, 0x0000000099900000|  0%| F|  |TAMS 0x0000000099800000, 0x0000000099800000| Untracked 
| 409|0x0000000099900000, 0x0000000099900000, 0x0000000099a00000|  0%| F|  |TAMS 0x0000000099900000, 0x0000000099900000| Untracked 
| 410|0x0000000099a00000, 0x0000000099a00000, 0x0000000099b00000|  0%| F|  |TAMS 0x0000000099a00000, 0x0000000099a00000| Untracked 
| 411|0x0000000099b00000, 0x0000000099b00000, 0x0000000099c00000|  0%| F|  |TAMS 0x0000000099b00000, 0x0000000099b00000| Untracked 
| 412|0x0000000099c00000, 0x0000000099c00000, 0x0000000099d00000|  0%| F|  |TAMS 0x0000000099c00000, 0x0000000099c00000| Untracked 
| 413|0x0000000099d00000, 0x0000000099d00000, 0x0000000099e00000|  0%| F|  |TAMS 0x0000000099d00000, 0x0000000099d00000| Untracked 
| 414|0x0000000099e00000, 0x0000000099e00000, 0x0000000099f00000|  0%| F|  |TAMS 0x0000000099e00000, 0x0000000099e00000| Untracked 
| 415|0x0000000099f00000, 0x0000000099f00000, 0x000000009a000000|  0%| F|  |TAMS 0x0000000099f00000, 0x0000000099f00000| Untracked 
| 416|0x000000009a000000, 0x000000009a000000, 0x000000009a100000|  0%| F|  |TAMS 0x000000009a000000, 0x000000009a000000| Untracked 
| 417|0x000000009a100000, 0x000000009a100000, 0x000000009a200000|  0%| F|  |TAMS 0x000000009a100000, 0x000000009a100000| Untracked 
| 418|0x000000009a200000, 0x000000009a200000, 0x000000009a300000|  0%| F|  |TAMS 0x000000009a200000, 0x000000009a200000| Untracked 
| 419|0x000000009a300000, 0x000000009a300000, 0x000000009a400000|  0%| F|  |TAMS 0x000000009a300000, 0x000000009a300000| Untracked 
| 420|0x000000009a400000, 0x000000009a400000, 0x000000009a500000|  0%| F|  |TAMS 0x000000009a400000, 0x000000009a400000| Untracked 
| 421|0x000000009a500000, 0x000000009a500000, 0x000000009a600000|  0%| F|  |TAMS 0x000000009a500000, 0x000000009a500000| Untracked 
| 422|0x000000009a600000, 0x000000009a600000, 0x000000009a700000|  0%| F|  |TAMS 0x000000009a600000, 0x000000009a600000| Untracked 
| 423|0x000000009a700000, 0x000000009a700000, 0x000000009a800000|  0%| F|  |TAMS 0x000000009a700000, 0x000000009a700000| Untracked 
| 424|0x000000009a800000, 0x000000009a800000, 0x000000009a900000|  0%| F|  |TAMS 0x000000009a800000, 0x000000009a800000| Untracked 
| 425|0x000000009a900000, 0x000000009a900000, 0x000000009aa00000|  0%| F|  |TAMS 0x000000009a900000, 0x000000009a900000| Untracked 
| 426|0x000000009aa00000, 0x000000009aa00000, 0x000000009ab00000|  0%| F|  |TAMS 0x000000009aa00000, 0x000000009aa00000| Untracked 
| 427|0x000000009ab00000, 0x000000009ab00000, 0x000000009ac00000|  0%| F|  |TAMS 0x000000009ab00000, 0x000000009ab00000| Untracked 
| 428|0x000000009ac00000, 0x000000009ac00000, 0x000000009ad00000|  0%| F|  |TAMS 0x000000009ac00000, 0x000000009ac00000| Untracked 
| 429|0x000000009ad00000, 0x000000009ad00000, 0x000000009ae00000|  0%| F|  |TAMS 0x000000009ad00000, 0x000000009ad00000| Untracked 
| 430|0x000000009ae00000, 0x000000009ae00000, 0x000000009af00000|  0%| F|  |TAMS 0x000000009ae00000, 0x000000009ae00000| Untracked 
| 431|0x000000009af00000, 0x000000009af00000, 0x000000009b000000|  0%| F|  |TAMS 0x000000009af00000, 0x000000009af00000| Untracked 
| 432|0x000000009b000000, 0x000000009b000000, 0x000000009b100000|  0%| F|  |TAMS 0x000000009b000000, 0x000000009b000000| Untracked 
| 433|0x000000009b100000, 0x000000009b100000, 0x000000009b200000|  0%| F|  |TAMS 0x000000009b100000, 0x000000009b100000| Untracked 
| 434|0x000000009b200000, 0x000000009b200000, 0x000000009b300000|  0%| F|  |TAMS 0x000000009b200000, 0x000000009b200000| Untracked 
| 435|0x000000009b300000, 0x000000009b300000, 0x000000009b400000|  0%| F|  |TAMS 0x000000009b300000, 0x000000009b300000| Untracked 
| 436|0x000000009b400000, 0x000000009b400000, 0x000000009b500000|  0%| F|  |TAMS 0x000000009b400000, 0x000000009b400000| Untracked 
| 437|0x000000009b500000, 0x000000009b500000, 0x000000009b600000|  0%| F|  |TAMS 0x000000009b500000, 0x000000009b500000| Untracked 
| 438|0x000000009b600000, 0x000000009b600000, 0x000000009b700000|  0%| F|  |TAMS 0x000000009b600000, 0x000000009b600000| Untracked 
| 439|0x000000009b700000, 0x000000009b700000, 0x000000009b800000|  0%| F|  |TAMS 0x000000009b700000, 0x000000009b700000| Untracked 
| 440|0x000000009b800000, 0x000000009b800000, 0x000000009b900000|  0%| F|  |TAMS 0x000000009b800000, 0x000000009b800000| Untracked 
| 441|0x000000009b900000, 0x000000009b900000, 0x000000009ba00000|  0%| F|  |TAMS 0x000000009b900000, 0x000000009b900000| Untracked 
| 442|0x000000009ba00000, 0x000000009ba00000, 0x000000009bb00000|  0%| F|  |TAMS 0x000000009ba00000, 0x000000009ba00000| Untracked 
| 443|0x000000009bb00000, 0x000000009bb00000, 0x000000009bc00000|  0%| F|  |TAMS 0x000000009bb00000, 0x000000009bb00000| Untracked 
| 444|0x000000009bc00000, 0x000000009bc00000, 0x000000009bd00000|  0%| F|  |TAMS 0x000000009bc00000, 0x000000009bc00000| Untracked 
| 445|0x000000009bd00000, 0x000000009bd00000, 0x000000009be00000|  0%| F|  |TAMS 0x000000009bd00000, 0x000000009bd00000| Untracked 
| 446|0x000000009be00000, 0x000000009be00000, 0x000000009bf00000|  0%| F|  |TAMS 0x000000009be00000, 0x000000009be00000| Untracked 
| 447|0x000000009bf00000, 0x000000009bf00000, 0x000000009c000000|  0%| F|  |TAMS 0x000000009bf00000, 0x000000009bf00000| Untracked 
| 448|0x000000009c000000, 0x000000009c000000, 0x000000009c100000|  0%| F|  |TAMS 0x000000009c000000, 0x000000009c000000| Untracked 
| 449|0x000000009c100000, 0x000000009c100000, 0x000000009c200000|  0%| F|  |TAMS 0x000000009c100000, 0x000000009c100000| Untracked 
| 450|0x000000009c200000, 0x000000009c200000, 0x000000009c300000|  0%| F|  |TAMS 0x000000009c200000, 0x000000009c200000| Untracked 
| 451|0x000000009c300000, 0x000000009c300000, 0x000000009c400000|  0%| F|  |TAMS 0x000000009c300000, 0x000000009c300000| Untracked 
| 452|0x000000009c400000, 0x000000009c400000, 0x000000009c500000|  0%| F|  |TAMS 0x000000009c400000, 0x000000009c400000| Untracked 
| 453|0x000000009c500000, 0x000000009c500000, 0x000000009c600000|  0%| F|  |TAMS 0x000000009c500000, 0x000000009c500000| Untracked 
| 454|0x000000009c600000, 0x000000009c600000, 0x000000009c700000|  0%| F|  |TAMS 0x000000009c600000, 0x000000009c600000| Untracked 
| 455|0x000000009c700000, 0x000000009c700000, 0x000000009c800000|  0%| F|  |TAMS 0x000000009c700000, 0x000000009c700000| Untracked 
| 456|0x000000009c800000, 0x000000009c800000, 0x000000009c900000|  0%| F|  |TAMS 0x000000009c800000, 0x000000009c800000| Untracked 
| 457|0x000000009c900000, 0x000000009c900000, 0x000000009ca00000|  0%| F|  |TAMS 0x000000009c900000, 0x000000009c900000| Untracked 
| 458|0x000000009ca00000, 0x000000009ca00000, 0x000000009cb00000|  0%| F|  |TAMS 0x000000009ca00000, 0x000000009ca00000| Untracked 
| 459|0x000000009cb00000, 0x000000009cb00000, 0x000000009cc00000|  0%| F|  |TAMS 0x000000009cb00000, 0x000000009cb00000| Untracked 
| 460|0x000000009cc00000, 0x000000009cc00000, 0x000000009cd00000|  0%| F|  |TAMS 0x000000009cc00000, 0x000000009cc00000| Untracked 
| 461|0x000000009cd00000, 0x000000009cd00000, 0x000000009ce00000|  0%| F|  |TAMS 0x000000009cd00000, 0x000000009cd00000| Untracked 
| 462|0x000000009ce00000, 0x000000009ce00000, 0x000000009cf00000|  0%| F|  |TAMS 0x000000009ce00000, 0x000000009ce00000| Untracked 
| 463|0x000000009cf00000, 0x000000009cf00000, 0x000000009d000000|  0%| F|  |TAMS 0x000000009cf00000, 0x000000009cf00000| Untracked 
| 464|0x000000009d000000, 0x000000009d000000, 0x000000009d100000|  0%| F|  |TAMS 0x000000009d000000, 0x000000009d000000| Untracked 
| 465|0x000000009d100000, 0x000000009d100000, 0x000000009d200000|  0%| F|  |TAMS 0x000000009d100000, 0x000000009d100000| Untracked 
| 466|0x000000009d200000, 0x000000009d200000, 0x000000009d300000|  0%| F|  |TAMS 0x000000009d200000, 0x000000009d200000| Untracked 
| 467|0x000000009d300000, 0x000000009d300000, 0x000000009d400000|  0%| F|  |TAMS 0x000000009d300000, 0x000000009d300000| Untracked 
| 468|0x000000009d400000, 0x000000009d400000, 0x000000009d500000|  0%| F|  |TAMS 0x000000009d400000, 0x000000009d400000| Untracked 
| 469|0x000000009d500000, 0x000000009d500000, 0x000000009d600000|  0%| F|  |TAMS 0x000000009d500000, 0x000000009d500000| Untracked 
| 470|0x000000009d600000, 0x000000009d600000, 0x000000009d700000|  0%| F|  |TAMS 0x000000009d600000, 0x000000009d600000| Untracked 
| 471|0x000000009d700000, 0x000000009d700000, 0x000000009d800000|  0%| F|  |TAMS 0x000000009d700000, 0x000000009d700000| Untracked 
| 472|0x000000009d800000, 0x000000009d800000, 0x000000009d900000|  0%| F|  |TAMS 0x000000009d800000, 0x000000009d800000| Untracked 
| 473|0x000000009d900000, 0x000000009d900000, 0x000000009da00000|  0%| F|  |TAMS 0x000000009d900000, 0x000000009d900000| Untracked 
| 474|0x000000009da00000, 0x000000009da00000, 0x000000009db00000|  0%| F|  |TAMS 0x000000009da00000, 0x000000009da00000| Untracked 
| 475|0x000000009db00000, 0x000000009db00000, 0x000000009dc00000|  0%| F|  |TAMS 0x000000009db00000, 0x000000009db00000| Untracked 
| 476|0x000000009dc00000, 0x000000009dc00000, 0x000000009dd00000|  0%| F|  |TAMS 0x000000009dc00000, 0x000000009dc00000| Untracked 
| 477|0x000000009dd00000, 0x000000009dd00000, 0x000000009de00000|  0%| F|  |TAMS 0x000000009dd00000, 0x000000009dd00000| Untracked 
| 478|0x000000009de00000, 0x000000009de00000, 0x000000009df00000|  0%| F|  |TAMS 0x000000009de00000, 0x000000009de00000| Untracked 
| 479|0x000000009df00000, 0x000000009df00000, 0x000000009e000000|  0%| F|  |TAMS 0x000000009df00000, 0x000000009df00000| Untracked 
| 480|0x000000009e000000, 0x000000009e000000, 0x000000009e100000|  0%| F|  |TAMS 0x000000009e000000, 0x000000009e000000| Untracked 
| 481|0x000000009e100000, 0x000000009e100000, 0x000000009e200000|  0%| F|  |TAMS 0x000000009e100000, 0x000000009e100000| Untracked 
| 482|0x000000009e200000, 0x000000009e200000, 0x000000009e300000|  0%| F|  |TAMS 0x000000009e200000, 0x000000009e200000| Untracked 
| 483|0x000000009e300000, 0x000000009e300000, 0x000000009e400000|  0%| F|  |TAMS 0x000000009e300000, 0x000000009e300000| Untracked 
| 484|0x000000009e400000, 0x000000009e400000, 0x000000009e500000|  0%| F|  |TAMS 0x000000009e400000, 0x000000009e400000| Untracked 
| 485|0x000000009e500000, 0x000000009e500000, 0x000000009e600000|  0%| F|  |TAMS 0x000000009e500000, 0x000000009e500000| Untracked 
| 486|0x000000009e600000, 0x000000009e600000, 0x000000009e700000|  0%| F|  |TAMS 0x000000009e600000, 0x000000009e600000| Untracked 
| 487|0x000000009e700000, 0x000000009e700000, 0x000000009e800000|  0%| F|  |TAMS 0x000000009e700000, 0x000000009e700000| Untracked 
| 488|0x000000009e800000, 0x000000009e800000, 0x000000009e900000|  0%| F|  |TAMS 0x000000009e800000, 0x000000009e800000| Untracked 
| 489|0x000000009e900000, 0x000000009e900000, 0x000000009ea00000|  0%| F|  |TAMS 0x000000009e900000, 0x000000009e900000| Untracked 
| 490|0x000000009ea00000, 0x000000009ea00000, 0x000000009eb00000|  0%| F|  |TAMS 0x000000009ea00000, 0x000000009ea00000| Untracked 
| 491|0x000000009eb00000, 0x000000009eb00000, 0x000000009ec00000|  0%| F|  |TAMS 0x000000009eb00000, 0x000000009eb00000| Untracked 
| 492|0x000000009ec00000, 0x000000009ec00000, 0x000000009ed00000|  0%| F|  |TAMS 0x000000009ec00000, 0x000000009ec00000| Untracked 
| 493|0x000000009ed00000, 0x000000009ed00000, 0x000000009ee00000|  0%| F|  |TAMS 0x000000009ed00000, 0x000000009ed00000| Untracked 
| 494|0x000000009ee00000, 0x000000009ee00000, 0x000000009ef00000|  0%| F|  |TAMS 0x000000009ee00000, 0x000000009ee00000| Untracked 
| 495|0x000000009ef00000, 0x000000009ef00000, 0x000000009f000000|  0%| F|  |TAMS 0x000000009ef00000, 0x000000009ef00000| Untracked 
| 496|0x000000009f000000, 0x000000009f000000, 0x000000009f100000|  0%| F|  |TAMS 0x000000009f000000, 0x000000009f000000| Untracked 
| 497|0x000000009f100000, 0x000000009f100000, 0x000000009f200000|  0%| F|  |TAMS 0x000000009f100000, 0x000000009f100000| Untracked 
| 498|0x000000009f200000, 0x000000009f200000, 0x000000009f300000|  0%| F|  |TAMS 0x000000009f200000, 0x000000009f200000| Untracked 
| 499|0x000000009f300000, 0x000000009f300000, 0x000000009f400000|  0%| F|  |TAMS 0x000000009f300000, 0x000000009f300000| Untracked 
| 500|0x000000009f400000, 0x000000009f400000, 0x000000009f500000|  0%| F|  |TAMS 0x000000009f400000, 0x000000009f400000| Untracked 
| 501|0x000000009f500000, 0x000000009f500000, 0x000000009f600000|  0%| F|  |TAMS 0x000000009f500000, 0x000000009f500000| Untracked 
| 502|0x000000009f600000, 0x000000009f600000, 0x000000009f700000|  0%| F|  |TAMS 0x000000009f600000, 0x000000009f600000| Untracked 
| 503|0x000000009f700000, 0x000000009f700000, 0x000000009f800000|  0%| F|  |TAMS 0x000000009f700000, 0x000000009f700000| Untracked 
| 504|0x000000009f800000, 0x000000009f800000, 0x000000009f900000|  0%| F|  |TAMS 0x000000009f800000, 0x000000009f800000| Untracked 
| 505|0x000000009f900000, 0x000000009f900000, 0x000000009fa00000|  0%| F|  |TAMS 0x000000009f900000, 0x000000009f900000| Untracked 
| 506|0x000000009fa00000, 0x000000009fa00000, 0x000000009fb00000|  0%| F|  |TAMS 0x000000009fa00000, 0x000000009fa00000| Untracked 
| 507|0x000000009fb00000, 0x000000009fb00000, 0x000000009fc00000|  0%| F|  |TAMS 0x000000009fb00000, 0x000000009fb00000| Untracked 
| 508|0x000000009fc00000, 0x000000009fc00000, 0x000000009fd00000|  0%| F|  |TAMS 0x000000009fc00000, 0x000000009fc00000| Untracked 
| 509|0x000000009fd00000, 0x000000009fd00000, 0x000000009fe00000|  0%| F|  |TAMS 0x000000009fd00000, 0x000000009fd00000| Untracked 
| 510|0x000000009fe00000, 0x000000009fe00000, 0x000000009ff00000|  0%| F|  |TAMS 0x000000009fe00000, 0x000000009fe00000| Untracked 
| 511|0x000000009ff00000, 0x000000009ff00000, 0x00000000a0000000|  0%| F|  |TAMS 0x000000009ff00000, 0x000000009ff00000| Untracked 
| 512|0x00000000a0000000, 0x00000000a0000000, 0x00000000a0100000|  0%| F|  |TAMS 0x00000000a0000000, 0x00000000a0000000| Untracked 
| 513|0x00000000a0100000, 0x00000000a0100000, 0x00000000a0200000|  0%| F|  |TAMS 0x00000000a0100000, 0x00000000a0100000| Untracked 
| 514|0x00000000a0200000, 0x00000000a0200000, 0x00000000a0300000|  0%| F|  |TAMS 0x00000000a0200000, 0x00000000a0200000| Untracked 
| 515|0x00000000a0300000, 0x00000000a0300000, 0x00000000a0400000|  0%| F|  |TAMS 0x00000000a0300000, 0x00000000a0300000| Untracked 
| 516|0x00000000a0400000, 0x00000000a0400000, 0x00000000a0500000|  0%| F|  |TAMS 0x00000000a0400000, 0x00000000a0400000| Untracked 
| 517|0x00000000a0500000, 0x00000000a0500000, 0x00000000a0600000|  0%| F|  |TAMS 0x00000000a0500000, 0x00000000a0500000| Untracked 
| 518|0x00000000a0600000, 0x00000000a0600000, 0x00000000a0700000|  0%| F|  |TAMS 0x00000000a0600000, 0x00000000a0600000| Untracked 
| 519|0x00000000a0700000, 0x00000000a0700000, 0x00000000a0800000|  0%| F|  |TAMS 0x00000000a0700000, 0x00000000a0700000| Untracked 
| 520|0x00000000a0800000, 0x00000000a0800000, 0x00000000a0900000|  0%| F|  |TAMS 0x00000000a0800000, 0x00000000a0800000| Untracked 
| 521|0x00000000a0900000, 0x00000000a0900000, 0x00000000a0a00000|  0%| F|  |TAMS 0x00000000a0900000, 0x00000000a0900000| Untracked 
| 522|0x00000000a0a00000, 0x00000000a0a00000, 0x00000000a0b00000|  0%| F|  |TAMS 0x00000000a0a00000, 0x00000000a0a00000| Untracked 
| 523|0x00000000a0b00000, 0x00000000a0b00000, 0x00000000a0c00000|  0%| F|  |TAMS 0x00000000a0b00000, 0x00000000a0b00000| Untracked 
| 524|0x00000000a0c00000, 0x00000000a0c00000, 0x00000000a0d00000|  0%| F|  |TAMS 0x00000000a0c00000, 0x00000000a0c00000| Untracked 
| 525|0x00000000a0d00000, 0x00000000a0d00000, 0x00000000a0e00000|  0%| F|  |TAMS 0x00000000a0d00000, 0x00000000a0d00000| Untracked 
| 526|0x00000000a0e00000, 0x00000000a0e00000, 0x00000000a0f00000|  0%| F|  |TAMS 0x00000000a0e00000, 0x00000000a0e00000| Untracked 
| 527|0x00000000a0f00000, 0x00000000a0f00000, 0x00000000a1000000|  0%| F|  |TAMS 0x00000000a0f00000, 0x00000000a0f00000| Untracked 
| 528|0x00000000a1000000, 0x00000000a1000000, 0x00000000a1100000|  0%| F|  |TAMS 0x00000000a1000000, 0x00000000a1000000| Untracked 
| 529|0x00000000a1100000, 0x00000000a1100000, 0x00000000a1200000|  0%| F|  |TAMS 0x00000000a1100000, 0x00000000a1100000| Untracked 
| 530|0x00000000a1200000, 0x00000000a1200000, 0x00000000a1300000|  0%| F|  |TAMS 0x00000000a1200000, 0x00000000a1200000| Untracked 
| 531|0x00000000a1300000, 0x00000000a1300000, 0x00000000a1400000|  0%| F|  |TAMS 0x00000000a1300000, 0x00000000a1300000| Untracked 
| 532|0x00000000a1400000, 0x00000000a1400000, 0x00000000a1500000|  0%| F|  |TAMS 0x00000000a1400000, 0x00000000a1400000| Untracked 
| 533|0x00000000a1500000, 0x00000000a1500000, 0x00000000a1600000|  0%| F|  |TAMS 0x00000000a1500000, 0x00000000a1500000| Untracked 
| 534|0x00000000a1600000, 0x00000000a1600000, 0x00000000a1700000|  0%| F|  |TAMS 0x00000000a1600000, 0x00000000a1600000| Untracked 
| 535|0x00000000a1700000, 0x00000000a1700000, 0x00000000a1800000|  0%| F|  |TAMS 0x00000000a1700000, 0x00000000a1700000| Untracked 
| 536|0x00000000a1800000, 0x00000000a1800000, 0x00000000a1900000|  0%| F|  |TAMS 0x00000000a1800000, 0x00000000a1800000| Untracked 
| 537|0x00000000a1900000, 0x00000000a1900000, 0x00000000a1a00000|  0%| F|  |TAMS 0x00000000a1900000, 0x00000000a1900000| Untracked 
| 538|0x00000000a1a00000, 0x00000000a1a00000, 0x00000000a1b00000|  0%| F|  |TAMS 0x00000000a1a00000, 0x00000000a1a00000| Untracked 
| 539|0x00000000a1b00000, 0x00000000a1b00000, 0x00000000a1c00000|  0%| F|  |TAMS 0x00000000a1b00000, 0x00000000a1b00000| Untracked 
| 540|0x00000000a1c00000, 0x00000000a1c00000, 0x00000000a1d00000|  0%| F|  |TAMS 0x00000000a1c00000, 0x00000000a1c00000| Untracked 
| 541|0x00000000a1d00000, 0x00000000a1d00000, 0x00000000a1e00000|  0%| F|  |TAMS 0x00000000a1d00000, 0x00000000a1d00000| Untracked 
| 542|0x00000000a1e00000, 0x00000000a1e00000, 0x00000000a1f00000|  0%| F|  |TAMS 0x00000000a1e00000, 0x00000000a1e00000| Untracked 
| 543|0x00000000a1f00000, 0x00000000a1f00000, 0x00000000a2000000|  0%| F|  |TAMS 0x00000000a1f00000, 0x00000000a1f00000| Untracked 
| 544|0x00000000a2000000, 0x00000000a2000000, 0x00000000a2100000|  0%| F|  |TAMS 0x00000000a2000000, 0x00000000a2000000| Untracked 
| 545|0x00000000a2100000, 0x00000000a2100000, 0x00000000a2200000|  0%| F|  |TAMS 0x00000000a2100000, 0x00000000a2100000| Untracked 
| 546|0x00000000a2200000, 0x00000000a2200000, 0x00000000a2300000|  0%| F|  |TAMS 0x00000000a2200000, 0x00000000a2200000| Untracked 
| 547|0x00000000a2300000, 0x00000000a2300000, 0x00000000a2400000|  0%| F|  |TAMS 0x00000000a2300000, 0x00000000a2300000| Untracked 
| 548|0x00000000a2400000, 0x00000000a2400000, 0x00000000a2500000|  0%| F|  |TAMS 0x00000000a2400000, 0x00000000a2400000| Untracked 
| 549|0x00000000a2500000, 0x00000000a2500000, 0x00000000a2600000|  0%| F|  |TAMS 0x00000000a2500000, 0x00000000a2500000| Untracked 
| 550|0x00000000a2600000, 0x00000000a2600000, 0x00000000a2700000|  0%| F|  |TAMS 0x00000000a2600000, 0x00000000a2600000| Untracked 
| 551|0x00000000a2700000, 0x00000000a2700000, 0x00000000a2800000|  0%| F|  |TAMS 0x00000000a2700000, 0x00000000a2700000| Untracked 
| 552|0x00000000a2800000, 0x00000000a2800000, 0x00000000a2900000|  0%| F|  |TAMS 0x00000000a2800000, 0x00000000a2800000| Untracked 
| 553|0x00000000a2900000, 0x00000000a2900000, 0x00000000a2a00000|  0%| F|  |TAMS 0x00000000a2900000, 0x00000000a2900000| Untracked 
| 554|0x00000000a2a00000, 0x00000000a2a00000, 0x00000000a2b00000|  0%| F|  |TAMS 0x00000000a2a00000, 0x00000000a2a00000| Untracked 
| 555|0x00000000a2b00000, 0x00000000a2b00000, 0x00000000a2c00000|  0%| F|  |TAMS 0x00000000a2b00000, 0x00000000a2b00000| Untracked 
| 556|0x00000000a2c00000, 0x00000000a2c00000, 0x00000000a2d00000|  0%| F|  |TAMS 0x00000000a2c00000, 0x00000000a2c00000| Untracked 
| 557|0x00000000a2d00000, 0x00000000a2d00000, 0x00000000a2e00000|  0%| F|  |TAMS 0x00000000a2d00000, 0x00000000a2d00000| Untracked 
| 558|0x00000000a2e00000, 0x00000000a2e00000, 0x00000000a2f00000|  0%| F|  |TAMS 0x00000000a2e00000, 0x00000000a2e00000| Untracked 
| 559|0x00000000a2f00000, 0x00000000a2f00000, 0x00000000a3000000|  0%| F|  |TAMS 0x00000000a2f00000, 0x00000000a2f00000| Untracked 
| 560|0x00000000a3000000, 0x00000000a3000000, 0x00000000a3100000|  0%| F|  |TAMS 0x00000000a3000000, 0x00000000a3000000| Untracked 
| 561|0x00000000a3100000, 0x00000000a3100000, 0x00000000a3200000|  0%| F|  |TAMS 0x00000000a3100000, 0x00000000a3100000| Untracked 
| 562|0x00000000a3200000, 0x00000000a3200000, 0x00000000a3300000|  0%| F|  |TAMS 0x00000000a3200000, 0x00000000a3200000| Untracked 
| 563|0x00000000a3300000, 0x00000000a3300000, 0x00000000a3400000|  0%| F|  |TAMS 0x00000000a3300000, 0x00000000a3300000| Untracked 
| 564|0x00000000a3400000, 0x00000000a3400000, 0x00000000a3500000|  0%| F|  |TAMS 0x00000000a3400000, 0x00000000a3400000| Untracked 
| 565|0x00000000a3500000, 0x00000000a3500000, 0x00000000a3600000|  0%| F|  |TAMS 0x00000000a3500000, 0x00000000a3500000| Untracked 
| 566|0x00000000a3600000, 0x00000000a3600000, 0x00000000a3700000|  0%| F|  |TAMS 0x00000000a3600000, 0x00000000a3600000| Untracked 
| 567|0x00000000a3700000, 0x00000000a3700000, 0x00000000a3800000|  0%| F|  |TAMS 0x00000000a3700000, 0x00000000a3700000| Untracked 
| 568|0x00000000a3800000, 0x00000000a3800000, 0x00000000a3900000|  0%| F|  |TAMS 0x00000000a3800000, 0x00000000a3800000| Untracked 
| 569|0x00000000a3900000, 0x00000000a3900000, 0x00000000a3a00000|  0%| F|  |TAMS 0x00000000a3900000, 0x00000000a3900000| Untracked 
| 570|0x00000000a3a00000, 0x00000000a3a00000, 0x00000000a3b00000|  0%| F|  |TAMS 0x00000000a3a00000, 0x00000000a3a00000| Untracked 
| 571|0x00000000a3b00000, 0x00000000a3b00000, 0x00000000a3c00000|  0%| F|  |TAMS 0x00000000a3b00000, 0x00000000a3b00000| Untracked 
| 572|0x00000000a3c00000, 0x00000000a3c00000, 0x00000000a3d00000|  0%| F|  |TAMS 0x00000000a3c00000, 0x00000000a3c00000| Untracked 
| 573|0x00000000a3d00000, 0x00000000a3d00000, 0x00000000a3e00000|  0%| F|  |TAMS 0x00000000a3d00000, 0x00000000a3d00000| Untracked 
| 574|0x00000000a3e00000, 0x00000000a3e00000, 0x00000000a3f00000|  0%| F|  |TAMS 0x00000000a3e00000, 0x00000000a3e00000| Untracked 
| 575|0x00000000a3f00000, 0x00000000a3f00000, 0x00000000a4000000|  0%| F|  |TAMS 0x00000000a3f00000, 0x00000000a3f00000| Untracked 
| 576|0x00000000a4000000, 0x00000000a4000000, 0x00000000a4100000|  0%| F|  |TAMS 0x00000000a4000000, 0x00000000a4000000| Untracked 
| 577|0x00000000a4100000, 0x00000000a4100000, 0x00000000a4200000|  0%| F|  |TAMS 0x00000000a4100000, 0x00000000a4100000| Untracked 
| 578|0x00000000a4200000, 0x00000000a4200000, 0x00000000a4300000|  0%| F|  |TAMS 0x00000000a4200000, 0x00000000a4200000| Untracked 
| 579|0x00000000a4300000, 0x00000000a4300000, 0x00000000a4400000|  0%| F|  |TAMS 0x00000000a4300000, 0x00000000a4300000| Untracked 
| 580|0x00000000a4400000, 0x00000000a4400000, 0x00000000a4500000|  0%| F|  |TAMS 0x00000000a4400000, 0x00000000a4400000| Untracked 
| 581|0x00000000a4500000, 0x00000000a4500000, 0x00000000a4600000|  0%| F|  |TAMS 0x00000000a4500000, 0x00000000a4500000| Untracked 
| 582|0x00000000a4600000, 0x00000000a4600000, 0x00000000a4700000|  0%| F|  |TAMS 0x00000000a4600000, 0x00000000a4600000| Untracked 
| 583|0x00000000a4700000, 0x00000000a4700000, 0x00000000a4800000|  0%| F|  |TAMS 0x00000000a4700000, 0x00000000a4700000| Untracked 
| 584|0x00000000a4800000, 0x00000000a4800000, 0x00000000a4900000|  0%| F|  |TAMS 0x00000000a4800000, 0x00000000a4800000| Untracked 
| 585|0x00000000a4900000, 0x00000000a4900000, 0x00000000a4a00000|  0%| F|  |TAMS 0x00000000a4900000, 0x00000000a4900000| Untracked 
| 586|0x00000000a4a00000, 0x00000000a4a00000, 0x00000000a4b00000|  0%| F|  |TAMS 0x00000000a4a00000, 0x00000000a4a00000| Untracked 
| 587|0x00000000a4b00000, 0x00000000a4b00000, 0x00000000a4c00000|  0%| F|  |TAMS 0x00000000a4b00000, 0x00000000a4b00000| Untracked 
| 588|0x00000000a4c00000, 0x00000000a4c00000, 0x00000000a4d00000|  0%| F|  |TAMS 0x00000000a4c00000, 0x00000000a4c00000| Untracked 
| 589|0x00000000a4d00000, 0x00000000a4d00000, 0x00000000a4e00000|  0%| F|  |TAMS 0x00000000a4d00000, 0x00000000a4d00000| Untracked 
| 590|0x00000000a4e00000, 0x00000000a4e00000, 0x00000000a4f00000|  0%| F|  |TAMS 0x00000000a4e00000, 0x00000000a4e00000| Untracked 
| 591|0x00000000a4f00000, 0x00000000a4f00000, 0x00000000a5000000|  0%| F|  |TAMS 0x00000000a4f00000, 0x00000000a4f00000| Untracked 
| 592|0x00000000a5000000, 0x00000000a5000000, 0x00000000a5100000|  0%| F|  |TAMS 0x00000000a5000000, 0x00000000a5000000| Untracked 
| 593|0x00000000a5100000, 0x00000000a5100000, 0x00000000a5200000|  0%| F|  |TAMS 0x00000000a5100000, 0x00000000a5100000| Untracked 
| 594|0x00000000a5200000, 0x00000000a5200000, 0x00000000a5300000|  0%| F|  |TAMS 0x00000000a5200000, 0x00000000a5200000| Untracked 
| 595|0x00000000a5300000, 0x00000000a5300000, 0x00000000a5400000|  0%| F|  |TAMS 0x00000000a5300000, 0x00000000a5300000| Untracked 
| 596|0x00000000a5400000, 0x00000000a5400000, 0x00000000a5500000|  0%| F|  |TAMS 0x00000000a5400000, 0x00000000a5400000| Untracked 
| 597|0x00000000a5500000, 0x00000000a5500000, 0x00000000a5600000|  0%| F|  |TAMS 0x00000000a5500000, 0x00000000a5500000| Untracked 
| 598|0x00000000a5600000, 0x00000000a5600000, 0x00000000a5700000|  0%| F|  |TAMS 0x00000000a5600000, 0x00000000a5600000| Untracked 
| 599|0x00000000a5700000, 0x00000000a5700000, 0x00000000a5800000|  0%| F|  |TAMS 0x00000000a5700000, 0x00000000a5700000| Untracked 
| 600|0x00000000a5800000, 0x00000000a5800000, 0x00000000a5900000|  0%| F|  |TAMS 0x00000000a5800000, 0x00000000a5800000| Untracked 
| 601|0x00000000a5900000, 0x00000000a5900000, 0x00000000a5a00000|  0%| F|  |TAMS 0x00000000a5900000, 0x00000000a5900000| Untracked 
| 602|0x00000000a5a00000, 0x00000000a5a00000, 0x00000000a5b00000|  0%| F|  |TAMS 0x00000000a5a00000, 0x00000000a5a00000| Untracked 
| 603|0x00000000a5b00000, 0x00000000a5b00000, 0x00000000a5c00000|  0%| F|  |TAMS 0x00000000a5b00000, 0x00000000a5b00000| Untracked 
| 604|0x00000000a5c00000, 0x00000000a5c00000, 0x00000000a5d00000|  0%| F|  |TAMS 0x00000000a5c00000, 0x00000000a5c00000| Untracked 
| 605|0x00000000a5d00000, 0x00000000a5d00000, 0x00000000a5e00000|  0%| F|  |TAMS 0x00000000a5d00000, 0x00000000a5d00000| Untracked 
| 606|0x00000000a5e00000, 0x00000000a5e00000, 0x00000000a5f00000|  0%| F|  |TAMS 0x00000000a5e00000, 0x00000000a5e00000| Untracked 
| 607|0x00000000a5f00000, 0x00000000a5f00000, 0x00000000a6000000|  0%| F|  |TAMS 0x00000000a5f00000, 0x00000000a5f00000| Untracked 
| 608|0x00000000a6000000, 0x00000000a6000000, 0x00000000a6100000|  0%| F|  |TAMS 0x00000000a6000000, 0x00000000a6000000| Untracked 
| 609|0x00000000a6100000, 0x00000000a6100000, 0x00000000a6200000|  0%| F|  |TAMS 0x00000000a6100000, 0x00000000a6100000| Untracked 
| 610|0x00000000a6200000, 0x00000000a6200000, 0x00000000a6300000|  0%| F|  |TAMS 0x00000000a6200000, 0x00000000a6200000| Untracked 
| 611|0x00000000a6300000, 0x00000000a6300000, 0x00000000a6400000|  0%| F|  |TAMS 0x00000000a6300000, 0x00000000a6300000| Untracked 
| 612|0x00000000a6400000, 0x00000000a6400000, 0x00000000a6500000|  0%| F|  |TAMS 0x00000000a6400000, 0x00000000a6400000| Untracked 
| 613|0x00000000a6500000, 0x00000000a6500000, 0x00000000a6600000|  0%| F|  |TAMS 0x00000000a6500000, 0x00000000a6500000| Untracked 
| 614|0x00000000a6600000, 0x00000000a6600000, 0x00000000a6700000|  0%| F|  |TAMS 0x00000000a6600000, 0x00000000a6600000| Untracked 
| 615|0x00000000a6700000, 0x00000000a6700000, 0x00000000a6800000|  0%| F|  |TAMS 0x00000000a6700000, 0x00000000a6700000| Untracked 
| 616|0x00000000a6800000, 0x00000000a6800000, 0x00000000a6900000|  0%| F|  |TAMS 0x00000000a6800000, 0x00000000a6800000| Untracked 
| 617|0x00000000a6900000, 0x00000000a6900000, 0x00000000a6a00000|  0%| F|  |TAMS 0x00000000a6900000, 0x00000000a6900000| Untracked 
| 618|0x00000000a6a00000, 0x00000000a6a00000, 0x00000000a6b00000|  0%| F|  |TAMS 0x00000000a6a00000, 0x00000000a6a00000| Untracked 
| 619|0x00000000a6b00000, 0x00000000a6b00000, 0x00000000a6c00000|  0%| F|  |TAMS 0x00000000a6b00000, 0x00000000a6b00000| Untracked 
| 620|0x00000000a6c00000, 0x00000000a6c00000, 0x00000000a6d00000|  0%| F|  |TAMS 0x00000000a6c00000, 0x00000000a6c00000| Untracked 
| 621|0x00000000a6d00000, 0x00000000a6d00000, 0x00000000a6e00000|  0%| F|  |TAMS 0x00000000a6d00000, 0x00000000a6d00000| Untracked 
| 622|0x00000000a6e00000, 0x00000000a6e00000, 0x00000000a6f00000|  0%| F|  |TAMS 0x00000000a6e00000, 0x00000000a6e00000| Untracked 
| 623|0x00000000a6f00000, 0x00000000a6f00000, 0x00000000a7000000|  0%| F|  |TAMS 0x00000000a6f00000, 0x00000000a6f00000| Untracked 
| 624|0x00000000a7000000, 0x00000000a7000000, 0x00000000a7100000|  0%| F|  |TAMS 0x00000000a7000000, 0x00000000a7000000| Untracked 
| 625|0x00000000a7100000, 0x00000000a7100000, 0x00000000a7200000|  0%| F|  |TAMS 0x00000000a7100000, 0x00000000a7100000| Untracked 
| 626|0x00000000a7200000, 0x00000000a7200000, 0x00000000a7300000|  0%| F|  |TAMS 0x00000000a7200000, 0x00000000a7200000| Untracked 
| 627|0x00000000a7300000, 0x00000000a7300000, 0x00000000a7400000|  0%| F|  |TAMS 0x00000000a7300000, 0x00000000a7300000| Untracked 
| 628|0x00000000a7400000, 0x00000000a7400000, 0x00000000a7500000|  0%| F|  |TAMS 0x00000000a7400000, 0x00000000a7400000| Untracked 
| 629|0x00000000a7500000, 0x00000000a7500000, 0x00000000a7600000|  0%| F|  |TAMS 0x00000000a7500000, 0x00000000a7500000| Untracked 
| 630|0x00000000a7600000, 0x00000000a7600000, 0x00000000a7700000|  0%| F|  |TAMS 0x00000000a7600000, 0x00000000a7600000| Untracked 
| 631|0x00000000a7700000, 0x00000000a7700000, 0x00000000a7800000|  0%| F|  |TAMS 0x00000000a7700000, 0x00000000a7700000| Untracked 
| 632|0x00000000a7800000, 0x00000000a7800000, 0x00000000a7900000|  0%| F|  |TAMS 0x00000000a7800000, 0x00000000a7800000| Untracked 
| 633|0x00000000a7900000, 0x00000000a7900000, 0x00000000a7a00000|  0%| F|  |TAMS 0x00000000a7900000, 0x00000000a7900000| Untracked 
| 634|0x00000000a7a00000, 0x00000000a7a00000, 0x00000000a7b00000|  0%| F|  |TAMS 0x00000000a7a00000, 0x00000000a7a00000| Untracked 
| 635|0x00000000a7b00000, 0x00000000a7b00000, 0x00000000a7c00000|  0%| F|  |TAMS 0x00000000a7b00000, 0x00000000a7b00000| Untracked 
| 636|0x00000000a7c00000, 0x00000000a7c00000, 0x00000000a7d00000|  0%| F|  |TAMS 0x00000000a7c00000, 0x00000000a7c00000| Untracked 
| 637|0x00000000a7d00000, 0x00000000a7d00000, 0x00000000a7e00000|  0%| F|  |TAMS 0x00000000a7d00000, 0x00000000a7d00000| Untracked 
| 638|0x00000000a7e00000, 0x00000000a7e00000, 0x00000000a7f00000|  0%| F|  |TAMS 0x00000000a7e00000, 0x00000000a7e00000| Untracked 
| 639|0x00000000a7f00000, 0x00000000a7f00000, 0x00000000a8000000|  0%| F|  |TAMS 0x00000000a7f00000, 0x00000000a7f00000| Untracked 
| 640|0x00000000a8000000, 0x00000000a8000000, 0x00000000a8100000|  0%| F|  |TAMS 0x00000000a8000000, 0x00000000a8000000| Untracked 
| 641|0x00000000a8100000, 0x00000000a8100000, 0x00000000a8200000|  0%| F|  |TAMS 0x00000000a8100000, 0x00000000a8100000| Untracked 
| 642|0x00000000a8200000, 0x00000000a8200000, 0x00000000a8300000|  0%| F|  |TAMS 0x00000000a8200000, 0x00000000a8200000| Untracked 
| 643|0x00000000a8300000, 0x00000000a8300000, 0x00000000a8400000|  0%| F|  |TAMS 0x00000000a8300000, 0x00000000a8300000| Untracked 
| 644|0x00000000a8400000, 0x00000000a8400000, 0x00000000a8500000|  0%| F|  |TAMS 0x00000000a8400000, 0x00000000a8400000| Untracked 
| 645|0x00000000a8500000, 0x00000000a8500000, 0x00000000a8600000|  0%| F|  |TAMS 0x00000000a8500000, 0x00000000a8500000| Untracked 
| 646|0x00000000a8600000, 0x00000000a8600000, 0x00000000a8700000|  0%| F|  |TAMS 0x00000000a8600000, 0x00000000a8600000| Untracked 
| 647|0x00000000a8700000, 0x00000000a8700000, 0x00000000a8800000|  0%| F|  |TAMS 0x00000000a8700000, 0x00000000a8700000| Untracked 
| 648|0x00000000a8800000, 0x00000000a8800000, 0x00000000a8900000|  0%| F|  |TAMS 0x00000000a8800000, 0x00000000a8800000| Untracked 
| 649|0x00000000a8900000, 0x00000000a8900000, 0x00000000a8a00000|  0%| F|  |TAMS 0x00000000a8900000, 0x00000000a8900000| Untracked 
| 650|0x00000000a8a00000, 0x00000000a8a00000, 0x00000000a8b00000|  0%| F|  |TAMS 0x00000000a8a00000, 0x00000000a8a00000| Untracked 
| 651|0x00000000a8b00000, 0x00000000a8b00000, 0x00000000a8c00000|  0%| F|  |TAMS 0x00000000a8b00000, 0x00000000a8b00000| Untracked 
| 652|0x00000000a8c00000, 0x00000000a8c00000, 0x00000000a8d00000|  0%| F|  |TAMS 0x00000000a8c00000, 0x00000000a8c00000| Untracked 
| 653|0x00000000a8d00000, 0x00000000a8d00000, 0x00000000a8e00000|  0%| F|  |TAMS 0x00000000a8d00000, 0x00000000a8d00000| Untracked 
| 654|0x00000000a8e00000, 0x00000000a8e00000, 0x00000000a8f00000|  0%| F|  |TAMS 0x00000000a8e00000, 0x00000000a8e00000| Untracked 
| 655|0x00000000a8f00000, 0x00000000a8f00000, 0x00000000a9000000|  0%| F|  |TAMS 0x00000000a8f00000, 0x00000000a8f00000| Untracked 
| 656|0x00000000a9000000, 0x00000000a9000000, 0x00000000a9100000|  0%| F|  |TAMS 0x00000000a9000000, 0x00000000a9000000| Untracked 
| 657|0x00000000a9100000, 0x00000000a9100000, 0x00000000a9200000|  0%| F|  |TAMS 0x00000000a9100000, 0x00000000a9100000| Untracked 
| 658|0x00000000a9200000, 0x00000000a9200000, 0x00000000a9300000|  0%| F|  |TAMS 0x00000000a9200000, 0x00000000a9200000| Untracked 
| 659|0x00000000a9300000, 0x00000000a9300000, 0x00000000a9400000|  0%| F|  |TAMS 0x00000000a9300000, 0x00000000a9300000| Untracked 
| 660|0x00000000a9400000, 0x00000000a9400000, 0x00000000a9500000|  0%| F|  |TAMS 0x00000000a9400000, 0x00000000a9400000| Untracked 
| 661|0x00000000a9500000, 0x00000000a9500000, 0x00000000a9600000|  0%| F|  |TAMS 0x00000000a9500000, 0x00000000a9500000| Untracked 
| 662|0x00000000a9600000, 0x00000000a9600000, 0x00000000a9700000|  0%| F|  |TAMS 0x00000000a9600000, 0x00000000a9600000| Untracked 
| 663|0x00000000a9700000, 0x00000000a9700000, 0x00000000a9800000|  0%| F|  |TAMS 0x00000000a9700000, 0x00000000a9700000| Untracked 
| 664|0x00000000a9800000, 0x00000000a9800000, 0x00000000a9900000|  0%| F|  |TAMS 0x00000000a9800000, 0x00000000a9800000| Untracked 
| 665|0x00000000a9900000, 0x00000000a9900000, 0x00000000a9a00000|  0%| F|  |TAMS 0x00000000a9900000, 0x00000000a9900000| Untracked 
| 666|0x00000000a9a00000, 0x00000000a9a00000, 0x00000000a9b00000|  0%| F|  |TAMS 0x00000000a9a00000, 0x00000000a9a00000| Untracked 
| 667|0x00000000a9b00000, 0x00000000a9b00000, 0x00000000a9c00000|  0%| F|  |TAMS 0x00000000a9b00000, 0x00000000a9b00000| Untracked 
| 668|0x00000000a9c00000, 0x00000000a9c00000, 0x00000000a9d00000|  0%| F|  |TAMS 0x00000000a9c00000, 0x00000000a9c00000| Untracked 
| 669|0x00000000a9d00000, 0x00000000a9d00000, 0x00000000a9e00000|  0%| F|  |TAMS 0x00000000a9d00000, 0x00000000a9d00000| Untracked 
| 670|0x00000000a9e00000, 0x00000000a9e00000, 0x00000000a9f00000|  0%| F|  |TAMS 0x00000000a9e00000, 0x00000000a9e00000| Untracked 
| 671|0x00000000a9f00000, 0x00000000a9f00000, 0x00000000aa000000|  0%| F|  |TAMS 0x00000000a9f00000, 0x00000000a9f00000| Untracked 
| 672|0x00000000aa000000, 0x00000000aa000000, 0x00000000aa100000|  0%| F|  |TAMS 0x00000000aa000000, 0x00000000aa000000| Untracked 
| 673|0x00000000aa100000, 0x00000000aa100000, 0x00000000aa200000|  0%| F|  |TAMS 0x00000000aa100000, 0x00000000aa100000| Untracked 
| 674|0x00000000aa200000, 0x00000000aa200000, 0x00000000aa300000|  0%| F|  |TAMS 0x00000000aa200000, 0x00000000aa200000| Untracked 
| 675|0x00000000aa300000, 0x00000000aa300000, 0x00000000aa400000|  0%| F|  |TAMS 0x00000000aa300000, 0x00000000aa300000| Untracked 
| 676|0x00000000aa400000, 0x00000000aa400000, 0x00000000aa500000|  0%| F|  |TAMS 0x00000000aa400000, 0x00000000aa400000| Untracked 
| 677|0x00000000aa500000, 0x00000000aa500000, 0x00000000aa600000|  0%| F|  |TAMS 0x00000000aa500000, 0x00000000aa500000| Untracked 
| 678|0x00000000aa600000, 0x00000000aa600000, 0x00000000aa700000|  0%| F|  |TAMS 0x00000000aa600000, 0x00000000aa600000| Untracked 
| 679|0x00000000aa700000, 0x00000000aa700000, 0x00000000aa800000|  0%| F|  |TAMS 0x00000000aa700000, 0x00000000aa700000| Untracked 
| 680|0x00000000aa800000, 0x00000000aa800000, 0x00000000aa900000|  0%| F|  |TAMS 0x00000000aa800000, 0x00000000aa800000| Untracked 
| 681|0x00000000aa900000, 0x00000000aa900000, 0x00000000aaa00000|  0%| F|  |TAMS 0x00000000aa900000, 0x00000000aa900000| Untracked 
| 682|0x00000000aaa00000, 0x00000000aaa00000, 0x00000000aab00000|  0%| F|  |TAMS 0x00000000aaa00000, 0x00000000aaa00000| Untracked 
| 683|0x00000000aab00000, 0x00000000aab00000, 0x00000000aac00000|  0%| F|  |TAMS 0x00000000aab00000, 0x00000000aab00000| Untracked 
| 684|0x00000000aac00000, 0x00000000aac00000, 0x00000000aad00000|  0%| F|  |TAMS 0x00000000aac00000, 0x00000000aac00000| Untracked 
| 685|0x00000000aad00000, 0x00000000aad00000, 0x00000000aae00000|  0%| F|  |TAMS 0x00000000aad00000, 0x00000000aad00000| Untracked 
| 686|0x00000000aae00000, 0x00000000aae00000, 0x00000000aaf00000|  0%| F|  |TAMS 0x00000000aae00000, 0x00000000aae00000| Untracked 
| 687|0x00000000aaf00000, 0x00000000aaf00000, 0x00000000ab000000|  0%| F|  |TAMS 0x00000000aaf00000, 0x00000000aaf00000| Untracked 
| 688|0x00000000ab000000, 0x00000000ab000000, 0x00000000ab100000|  0%| F|  |TAMS 0x00000000ab000000, 0x00000000ab000000| Untracked 
| 689|0x00000000ab100000, 0x00000000ab100000, 0x00000000ab200000|  0%| F|  |TAMS 0x00000000ab100000, 0x00000000ab100000| Untracked 
| 690|0x00000000ab200000, 0x00000000ab200000, 0x00000000ab300000|  0%| F|  |TAMS 0x00000000ab200000, 0x00000000ab200000| Untracked 
| 691|0x00000000ab300000, 0x00000000ab300000, 0x00000000ab400000|  0%| F|  |TAMS 0x00000000ab300000, 0x00000000ab300000| Untracked 
| 692|0x00000000ab400000, 0x00000000ab400000, 0x00000000ab500000|  0%| F|  |TAMS 0x00000000ab400000, 0x00000000ab400000| Untracked 
| 693|0x00000000ab500000, 0x00000000ab500000, 0x00000000ab600000|  0%| F|  |TAMS 0x00000000ab500000, 0x00000000ab500000| Untracked 
| 694|0x00000000ab600000, 0x00000000ab600000, 0x00000000ab700000|  0%| F|  |TAMS 0x00000000ab600000, 0x00000000ab600000| Untracked 
| 695|0x00000000ab700000, 0x00000000ab700000, 0x00000000ab800000|  0%| F|  |TAMS 0x00000000ab700000, 0x00000000ab700000| Untracked 
| 696|0x00000000ab800000, 0x00000000ab800000, 0x00000000ab900000|  0%| F|  |TAMS 0x00000000ab800000, 0x00000000ab800000| Untracked 
| 697|0x00000000ab900000, 0x00000000ab900000, 0x00000000aba00000|  0%| F|  |TAMS 0x00000000ab900000, 0x00000000ab900000| Untracked 
| 698|0x00000000aba00000, 0x00000000aba00000, 0x00000000abb00000|  0%| F|  |TAMS 0x00000000aba00000, 0x00000000aba00000| Untracked 
| 699|0x00000000abb00000, 0x00000000abb00000, 0x00000000abc00000|  0%| F|  |TAMS 0x00000000abb00000, 0x00000000abb00000| Untracked 
| 700|0x00000000abc00000, 0x00000000abc00000, 0x00000000abd00000|  0%| F|  |TAMS 0x00000000abc00000, 0x00000000abc00000| Untracked 
| 701|0x00000000abd00000, 0x00000000abd00000, 0x00000000abe00000|  0%| F|  |TAMS 0x00000000abd00000, 0x00000000abd00000| Untracked 
| 702|0x00000000abe00000, 0x00000000abe00000, 0x00000000abf00000|  0%| F|  |TAMS 0x00000000abe00000, 0x00000000abe00000| Untracked 
| 703|0x00000000abf00000, 0x00000000abf00000, 0x00000000ac000000|  0%| F|  |TAMS 0x00000000abf00000, 0x00000000abf00000| Untracked 
| 704|0x00000000ac000000, 0x00000000ac000000, 0x00000000ac100000|  0%| F|  |TAMS 0x00000000ac000000, 0x00000000ac000000| Untracked 
| 705|0x00000000ac100000, 0x00000000ac100000, 0x00000000ac200000|  0%| F|  |TAMS 0x00000000ac100000, 0x00000000ac100000| Untracked 
| 706|0x00000000ac200000, 0x00000000ac200000, 0x00000000ac300000|  0%| F|  |TAMS 0x00000000ac200000, 0x00000000ac200000| Untracked 
| 707|0x00000000ac300000, 0x00000000ac300000, 0x00000000ac400000|  0%| F|  |TAMS 0x00000000ac300000, 0x00000000ac300000| Untracked 
| 708|0x00000000ac400000, 0x00000000ac400000, 0x00000000ac500000|  0%| F|  |TAMS 0x00000000ac400000, 0x00000000ac400000| Untracked 
| 709|0x00000000ac500000, 0x00000000ac500000, 0x00000000ac600000|  0%| F|  |TAMS 0x00000000ac500000, 0x00000000ac500000| Untracked 
| 710|0x00000000ac600000, 0x00000000ac600000, 0x00000000ac700000|  0%| F|  |TAMS 0x00000000ac600000, 0x00000000ac600000| Untracked 
| 711|0x00000000ac700000, 0x00000000ac700000, 0x00000000ac800000|  0%| F|  |TAMS 0x00000000ac700000, 0x00000000ac700000| Untracked 
| 712|0x00000000ac800000, 0x00000000ac800000, 0x00000000ac900000|  0%| F|  |TAMS 0x00000000ac800000, 0x00000000ac800000| Untracked 
| 713|0x00000000ac900000, 0x00000000ac900000, 0x00000000aca00000|  0%| F|  |TAMS 0x00000000ac900000, 0x00000000ac900000| Untracked 
| 714|0x00000000aca00000, 0x00000000aca00000, 0x00000000acb00000|  0%| F|  |TAMS 0x00000000aca00000, 0x00000000aca00000| Untracked 
| 715|0x00000000acb00000, 0x00000000acb00000, 0x00000000acc00000|  0%| F|  |TAMS 0x00000000acb00000, 0x00000000acb00000| Untracked 
| 716|0x00000000acc00000, 0x00000000acc00000, 0x00000000acd00000|  0%| F|  |TAMS 0x00000000acc00000, 0x00000000acc00000| Untracked 
| 717|0x00000000acd00000, 0x00000000acd00000, 0x00000000ace00000|  0%| F|  |TAMS 0x00000000acd00000, 0x00000000acd00000| Untracked 
| 718|0x00000000ace00000, 0x00000000ace00000, 0x00000000acf00000|  0%| F|  |TAMS 0x00000000ace00000, 0x00000000ace00000| Untracked 
| 719|0x00000000acf00000, 0x00000000acf00000, 0x00000000ad000000|  0%| F|  |TAMS 0x00000000acf00000, 0x00000000acf00000| Untracked 
| 720|0x00000000ad000000, 0x00000000ad000000, 0x00000000ad100000|  0%| F|  |TAMS 0x00000000ad000000, 0x00000000ad000000| Untracked 
| 721|0x00000000ad100000, 0x00000000ad100000, 0x00000000ad200000|  0%| F|  |TAMS 0x00000000ad100000, 0x00000000ad100000| Untracked 
| 722|0x00000000ad200000, 0x00000000ad200000, 0x00000000ad300000|  0%| F|  |TAMS 0x00000000ad200000, 0x00000000ad200000| Untracked 
| 723|0x00000000ad300000, 0x00000000ad300000, 0x00000000ad400000|  0%| F|  |TAMS 0x00000000ad300000, 0x00000000ad300000| Untracked 
| 724|0x00000000ad400000, 0x00000000ad400000, 0x00000000ad500000|  0%| F|  |TAMS 0x00000000ad400000, 0x00000000ad400000| Untracked 
| 725|0x00000000ad500000, 0x00000000ad500000, 0x00000000ad600000|  0%| F|  |TAMS 0x00000000ad500000, 0x00000000ad500000| Untracked 
| 726|0x00000000ad600000, 0x00000000ad600000, 0x00000000ad700000|  0%| F|  |TAMS 0x00000000ad600000, 0x00000000ad600000| Untracked 
| 727|0x00000000ad700000, 0x00000000ad700000, 0x00000000ad800000|  0%| F|  |TAMS 0x00000000ad700000, 0x00000000ad700000| Untracked 
| 728|0x00000000ad800000, 0x00000000ad800000, 0x00000000ad900000|  0%| F|  |TAMS 0x00000000ad800000, 0x00000000ad800000| Untracked 
| 729|0x00000000ad900000, 0x00000000ad900000, 0x00000000ada00000|  0%| F|  |TAMS 0x00000000ad900000, 0x00000000ad900000| Untracked 
| 730|0x00000000ada00000, 0x00000000ada00000, 0x00000000adb00000|  0%| F|  |TAMS 0x00000000ada00000, 0x00000000ada00000| Untracked 
| 731|0x00000000adb00000, 0x00000000adb00000, 0x00000000adc00000|  0%| F|  |TAMS 0x00000000adb00000, 0x00000000adb00000| Untracked 
| 732|0x00000000adc00000, 0x00000000adc00000, 0x00000000add00000|  0%| F|  |TAMS 0x00000000adc00000, 0x00000000adc00000| Untracked 
| 733|0x00000000add00000, 0x00000000add00000, 0x00000000ade00000|  0%| F|  |TAMS 0x00000000add00000, 0x00000000add00000| Untracked 
| 734|0x00000000ade00000, 0x00000000ade00000, 0x00000000adf00000|  0%| F|  |TAMS 0x00000000ade00000, 0x00000000ade00000| Untracked 
| 735|0x00000000adf00000, 0x00000000adf00000, 0x00000000ae000000|  0%| F|  |TAMS 0x00000000adf00000, 0x00000000adf00000| Untracked 
| 736|0x00000000ae000000, 0x00000000ae000000, 0x00000000ae100000|  0%| F|  |TAMS 0x00000000ae000000, 0x00000000ae000000| Untracked 
| 737|0x00000000ae100000, 0x00000000ae100000, 0x00000000ae200000|  0%| F|  |TAMS 0x00000000ae100000, 0x00000000ae100000| Untracked 
| 738|0x00000000ae200000, 0x00000000ae200000, 0x00000000ae300000|  0%| F|  |TAMS 0x00000000ae200000, 0x00000000ae200000| Untracked 
| 739|0x00000000ae300000, 0x00000000ae300000, 0x00000000ae400000|  0%| F|  |TAMS 0x00000000ae300000, 0x00000000ae300000| Untracked 
| 740|0x00000000ae400000, 0x00000000ae400000, 0x00000000ae500000|  0%| F|  |TAMS 0x00000000ae400000, 0x00000000ae400000| Untracked 
| 741|0x00000000ae500000, 0x00000000ae500000, 0x00000000ae600000|  0%| F|  |TAMS 0x00000000ae500000, 0x00000000ae500000| Untracked 
| 742|0x00000000ae600000, 0x00000000ae600000, 0x00000000ae700000|  0%| F|  |TAMS 0x00000000ae600000, 0x00000000ae600000| Untracked 
| 743|0x00000000ae700000, 0x00000000ae700000, 0x00000000ae800000|  0%| F|  |TAMS 0x00000000ae700000, 0x00000000ae700000| Untracked 
| 744|0x00000000ae800000, 0x00000000ae800000, 0x00000000ae900000|  0%| F|  |TAMS 0x00000000ae800000, 0x00000000ae800000| Untracked 
| 745|0x00000000ae900000, 0x00000000ae900000, 0x00000000aea00000|  0%| F|  |TAMS 0x00000000ae900000, 0x00000000ae900000| Untracked 
| 746|0x00000000aea00000, 0x00000000aea00000, 0x00000000aeb00000|  0%| F|  |TAMS 0x00000000aea00000, 0x00000000aea00000| Untracked 
| 747|0x00000000aeb00000, 0x00000000aeb00000, 0x00000000aec00000|  0%| F|  |TAMS 0x00000000aeb00000, 0x00000000aeb00000| Untracked 
| 748|0x00000000aec00000, 0x00000000aec00000, 0x00000000aed00000|  0%| F|  |TAMS 0x00000000aec00000, 0x00000000aec00000| Untracked 
| 749|0x00000000aed00000, 0x00000000aed00000, 0x00000000aee00000|  0%| F|  |TAMS 0x00000000aed00000, 0x00000000aed00000| Untracked 
| 750|0x00000000aee00000, 0x00000000aee00000, 0x00000000aef00000|  0%| F|  |TAMS 0x00000000aee00000, 0x00000000aee00000| Untracked 
| 751|0x00000000aef00000, 0x00000000aef00000, 0x00000000af000000|  0%| F|  |TAMS 0x00000000aef00000, 0x00000000aef00000| Untracked 
| 752|0x00000000af000000, 0x00000000af000000, 0x00000000af100000|  0%| F|  |TAMS 0x00000000af000000, 0x00000000af000000| Untracked 
| 753|0x00000000af100000, 0x00000000af100000, 0x00000000af200000|  0%| F|  |TAMS 0x00000000af100000, 0x00000000af100000| Untracked 
| 754|0x00000000af200000, 0x00000000af200000, 0x00000000af300000|  0%| F|  |TAMS 0x00000000af200000, 0x00000000af200000| Untracked 
| 755|0x00000000af300000, 0x00000000af300000, 0x00000000af400000|  0%| F|  |TAMS 0x00000000af300000, 0x00000000af300000| Untracked 
| 756|0x00000000af400000, 0x00000000af400000, 0x00000000af500000|  0%| F|  |TAMS 0x00000000af400000, 0x00000000af400000| Untracked 
| 757|0x00000000af500000, 0x00000000af500000, 0x00000000af600000|  0%| F|  |TAMS 0x00000000af500000, 0x00000000af500000| Untracked 
| 758|0x00000000af600000, 0x00000000af600000, 0x00000000af700000|  0%| F|  |TAMS 0x00000000af600000, 0x00000000af600000| Untracked 
| 759|0x00000000af700000, 0x00000000af700000, 0x00000000af800000|  0%| F|  |TAMS 0x00000000af700000, 0x00000000af700000| Untracked 
| 760|0x00000000af800000, 0x00000000af800000, 0x00000000af900000|  0%| F|  |TAMS 0x00000000af800000, 0x00000000af800000| Untracked 
| 761|0x00000000af900000, 0x00000000af900000, 0x00000000afa00000|  0%| F|  |TAMS 0x00000000af900000, 0x00000000af900000| Untracked 
| 762|0x00000000afa00000, 0x00000000afa00000, 0x00000000afb00000|  0%| F|  |TAMS 0x00000000afa00000, 0x00000000afa00000| Untracked 
| 763|0x00000000afb00000, 0x00000000afb00000, 0x00000000afc00000|  0%| F|  |TAMS 0x00000000afb00000, 0x00000000afb00000| Untracked 
| 764|0x00000000afc00000, 0x00000000afc00000, 0x00000000afd00000|  0%| F|  |TAMS 0x00000000afc00000, 0x00000000afc00000| Untracked 
| 765|0x00000000afd00000, 0x00000000afd00000, 0x00000000afe00000|  0%| F|  |TAMS 0x00000000afd00000, 0x00000000afd00000| Untracked 
| 766|0x00000000afe00000, 0x00000000afe00000, 0x00000000aff00000|  0%| F|  |TAMS 0x00000000afe00000, 0x00000000afe00000| Untracked 
| 767|0x00000000aff00000, 0x00000000aff00000, 0x00000000b0000000|  0%| F|  |TAMS 0x00000000aff00000, 0x00000000aff00000| Untracked 
| 768|0x00000000b0000000, 0x00000000b0000000, 0x00000000b0100000|  0%| F|  |TAMS 0x00000000b0000000, 0x00000000b0000000| Untracked 
| 769|0x00000000b0100000, 0x00000000b0100000, 0x00000000b0200000|  0%| F|  |TAMS 0x00000000b0100000, 0x00000000b0100000| Untracked 
| 770|0x00000000b0200000, 0x00000000b0200000, 0x00000000b0300000|  0%| F|  |TAMS 0x00000000b0200000, 0x00000000b0200000| Untracked 
| 771|0x00000000b0300000, 0x00000000b0300000, 0x00000000b0400000|  0%| F|  |TAMS 0x00000000b0300000, 0x00000000b0300000| Untracked 
| 772|0x00000000b0400000, 0x00000000b0400000, 0x00000000b0500000|  0%| F|  |TAMS 0x00000000b0400000, 0x00000000b0400000| Untracked 
| 773|0x00000000b0500000, 0x00000000b0500000, 0x00000000b0600000|  0%| F|  |TAMS 0x00000000b0500000, 0x00000000b0500000| Untracked 
| 774|0x00000000b0600000, 0x00000000b0600000, 0x00000000b0700000|  0%| F|  |TAMS 0x00000000b0600000, 0x00000000b0600000| Untracked 
| 775|0x00000000b0700000, 0x00000000b0700000, 0x00000000b0800000|  0%| F|  |TAMS 0x00000000b0700000, 0x00000000b0700000| Untracked 
| 776|0x00000000b0800000, 0x00000000b0800000, 0x00000000b0900000|  0%| F|  |TAMS 0x00000000b0800000, 0x00000000b0800000| Untracked 
| 777|0x00000000b0900000, 0x00000000b0900000, 0x00000000b0a00000|  0%| F|  |TAMS 0x00000000b0900000, 0x00000000b0900000| Untracked 
| 778|0x00000000b0a00000, 0x00000000b0a00000, 0x00000000b0b00000|  0%| F|  |TAMS 0x00000000b0a00000, 0x00000000b0a00000| Untracked 
| 779|0x00000000b0b00000, 0x00000000b0b00000, 0x00000000b0c00000|  0%| F|  |TAMS 0x00000000b0b00000, 0x00000000b0b00000| Untracked 
| 780|0x00000000b0c00000, 0x00000000b0c00000, 0x00000000b0d00000|  0%| F|  |TAMS 0x00000000b0c00000, 0x00000000b0c00000| Untracked 
| 781|0x00000000b0d00000, 0x00000000b0d00000, 0x00000000b0e00000|  0%| F|  |TAMS 0x00000000b0d00000, 0x00000000b0d00000| Untracked 
| 782|0x00000000b0e00000, 0x00000000b0e00000, 0x00000000b0f00000|  0%| F|  |TAMS 0x00000000b0e00000, 0x00000000b0e00000| Untracked 
| 783|0x00000000b0f00000, 0x00000000b0f00000, 0x00000000b1000000|  0%| F|  |TAMS 0x00000000b0f00000, 0x00000000b0f00000| Untracked 
| 784|0x00000000b1000000, 0x00000000b1000000, 0x00000000b1100000|  0%| F|  |TAMS 0x00000000b1000000, 0x00000000b1000000| Untracked 
| 785|0x00000000b1100000, 0x00000000b1100000, 0x00000000b1200000|  0%| F|  |TAMS 0x00000000b1100000, 0x00000000b1100000| Untracked 
| 786|0x00000000b1200000, 0x00000000b1200000, 0x00000000b1300000|  0%| F|  |TAMS 0x00000000b1200000, 0x00000000b1200000| Untracked 
| 787|0x00000000b1300000, 0x00000000b1300000, 0x00000000b1400000|  0%| F|  |TAMS 0x00000000b1300000, 0x00000000b1300000| Untracked 
| 788|0x00000000b1400000, 0x00000000b1400000, 0x00000000b1500000|  0%| F|  |TAMS 0x00000000b1400000, 0x00000000b1400000| Untracked 
| 789|0x00000000b1500000, 0x00000000b1500000, 0x00000000b1600000|  0%| F|  |TAMS 0x00000000b1500000, 0x00000000b1500000| Untracked 
| 790|0x00000000b1600000, 0x00000000b1600000, 0x00000000b1700000|  0%| F|  |TAMS 0x00000000b1600000, 0x00000000b1600000| Untracked 
| 791|0x00000000b1700000, 0x00000000b1700000, 0x00000000b1800000|  0%| F|  |TAMS 0x00000000b1700000, 0x00000000b1700000| Untracked 
| 792|0x00000000b1800000, 0x00000000b1800000, 0x00000000b1900000|  0%| F|  |TAMS 0x00000000b1800000, 0x00000000b1800000| Untracked 
| 793|0x00000000b1900000, 0x00000000b1900000, 0x00000000b1a00000|  0%| F|  |TAMS 0x00000000b1900000, 0x00000000b1900000| Untracked 
| 794|0x00000000b1a00000, 0x00000000b1a00000, 0x00000000b1b00000|  0%| F|  |TAMS 0x00000000b1a00000, 0x00000000b1a00000| Untracked 
| 795|0x00000000b1b00000, 0x00000000b1b00000, 0x00000000b1c00000|  0%| F|  |TAMS 0x00000000b1b00000, 0x00000000b1b00000| Untracked 
| 796|0x00000000b1c00000, 0x00000000b1c00000, 0x00000000b1d00000|  0%| F|  |TAMS 0x00000000b1c00000, 0x00000000b1c00000| Untracked 
| 797|0x00000000b1d00000, 0x00000000b1d00000, 0x00000000b1e00000|  0%| F|  |TAMS 0x00000000b1d00000, 0x00000000b1d00000| Untracked 
| 798|0x00000000b1e00000, 0x00000000b1e00000, 0x00000000b1f00000|  0%| F|  |TAMS 0x00000000b1e00000, 0x00000000b1e00000| Untracked 
| 799|0x00000000b1f00000, 0x00000000b1f00000, 0x00000000b2000000|  0%| F|  |TAMS 0x00000000b1f00000, 0x00000000b1f00000| Untracked 
| 800|0x00000000b2000000, 0x00000000b2000000, 0x00000000b2100000|  0%| F|  |TAMS 0x00000000b2000000, 0x00000000b2000000| Untracked 
| 801|0x00000000b2100000, 0x00000000b2100000, 0x00000000b2200000|  0%| F|  |TAMS 0x00000000b2100000, 0x00000000b2100000| Untracked 
| 802|0x00000000b2200000, 0x00000000b2200000, 0x00000000b2300000|  0%| F|  |TAMS 0x00000000b2200000, 0x00000000b2200000| Untracked 
| 803|0x00000000b2300000, 0x00000000b2300000, 0x00000000b2400000|  0%| F|  |TAMS 0x00000000b2300000, 0x00000000b2300000| Untracked 
| 804|0x00000000b2400000, 0x00000000b2400000, 0x00000000b2500000|  0%| F|  |TAMS 0x00000000b2400000, 0x00000000b2400000| Untracked 
| 805|0x00000000b2500000, 0x00000000b2500000, 0x00000000b2600000|  0%| F|  |TAMS 0x00000000b2500000, 0x00000000b2500000| Untracked 
| 806|0x00000000b2600000, 0x00000000b2600000, 0x00000000b2700000|  0%| F|  |TAMS 0x00000000b2600000, 0x00000000b2600000| Untracked 
| 807|0x00000000b2700000, 0x00000000b2700000, 0x00000000b2800000|  0%| F|  |TAMS 0x00000000b2700000, 0x00000000b2700000| Untracked 
| 808|0x00000000b2800000, 0x00000000b2800000, 0x00000000b2900000|  0%| F|  |TAMS 0x00000000b2800000, 0x00000000b2800000| Untracked 
| 809|0x00000000b2900000, 0x00000000b2900000, 0x00000000b2a00000|  0%| F|  |TAMS 0x00000000b2900000, 0x00000000b2900000| Untracked 
| 810|0x00000000b2a00000, 0x00000000b2a00000, 0x00000000b2b00000|  0%| F|  |TAMS 0x00000000b2a00000, 0x00000000b2a00000| Untracked 
| 811|0x00000000b2b00000, 0x00000000b2c00000, 0x00000000b2c00000|100%| S|CS|TAMS 0x00000000b2b00000, 0x00000000b2b00000| Complete 
| 812|0x00000000b2c00000, 0x00000000b2d00000, 0x00000000b2d00000|100%| S|CS|TAMS 0x00000000b2c00000, 0x00000000b2c00000| Complete 
| 813|0x00000000b2d00000, 0x00000000b2d00000, 0x00000000b2e00000|  0%| F|  |TAMS 0x00000000b2d00000, 0x00000000b2d00000| Untracked 
| 814|0x00000000b2e00000, 0x00000000b2e00000, 0x00000000b2f00000|  0%| F|  |TAMS 0x00000000b2e00000, 0x00000000b2e00000| Untracked 
| 815|0x00000000b2f00000, 0x00000000b2f00000, 0x00000000b3000000|  0%| F|  |TAMS 0x00000000b2f00000, 0x00000000b2f00000| Untracked 
| 816|0x00000000b3000000, 0x00000000b3000000, 0x00000000b3100000|  0%| F|  |TAMS 0x00000000b3000000, 0x00000000b3000000| Untracked 
| 817|0x00000000b3100000, 0x00000000b3100000, 0x00000000b3200000|  0%| F|  |TAMS 0x00000000b3100000, 0x00000000b3100000| Untracked 
| 818|0x00000000b3200000, 0x00000000b3200000, 0x00000000b3300000|  0%| F|  |TAMS 0x00000000b3200000, 0x00000000b3200000| Untracked 
| 819|0x00000000b3300000, 0x00000000b3300000, 0x00000000b3400000|  0%| F|  |TAMS 0x00000000b3300000, 0x00000000b3300000| Untracked 
| 820|0x00000000b3400000, 0x00000000b3400000, 0x00000000b3500000|  0%| F|  |TAMS 0x00000000b3400000, 0x00000000b3400000| Untracked 
| 821|0x00000000b3500000, 0x00000000b3500000, 0x00000000b3600000|  0%| F|  |TAMS 0x00000000b3500000, 0x00000000b3500000| Untracked 
| 822|0x00000000b3600000, 0x00000000b3600000, 0x00000000b3700000|  0%| F|  |TAMS 0x00000000b3600000, 0x00000000b3600000| Untracked 
| 823|0x00000000b3700000, 0x00000000b3700000, 0x00000000b3800000|  0%| F|  |TAMS 0x00000000b3700000, 0x00000000b3700000| Untracked 
| 824|0x00000000b3800000, 0x00000000b3800000, 0x00000000b3900000|  0%| F|  |TAMS 0x00000000b3800000, 0x00000000b3800000| Untracked 
| 825|0x00000000b3900000, 0x00000000b3900000, 0x00000000b3a00000|  0%| F|  |TAMS 0x00000000b3900000, 0x00000000b3900000| Untracked 
| 826|0x00000000b3a00000, 0x00000000b3a00000, 0x00000000b3b00000|  0%| F|  |TAMS 0x00000000b3a00000, 0x00000000b3a00000| Untracked 
| 827|0x00000000b3b00000, 0x00000000b3b00000, 0x00000000b3c00000|  0%| F|  |TAMS 0x00000000b3b00000, 0x00000000b3b00000| Untracked 
| 828|0x00000000b3c00000, 0x00000000b3c00000, 0x00000000b3d00000|  0%| F|  |TAMS 0x00000000b3c00000, 0x00000000b3c00000| Untracked 
| 829|0x00000000b3d00000, 0x00000000b3d00000, 0x00000000b3e00000|  0%| F|  |TAMS 0x00000000b3d00000, 0x00000000b3d00000| Untracked 
| 830|0x00000000b3e00000, 0x00000000b3e00000, 0x00000000b3f00000|  0%| F|  |TAMS 0x00000000b3e00000, 0x00000000b3e00000| Untracked 
| 831|0x00000000b3f00000, 0x00000000b3f00000, 0x00000000b4000000|  0%| F|  |TAMS 0x00000000b3f00000, 0x00000000b3f00000| Untracked 
| 832|0x00000000b4000000, 0x00000000b4000000, 0x00000000b4100000|  0%| F|  |TAMS 0x00000000b4000000, 0x00000000b4000000| Untracked 
| 833|0x00000000b4100000, 0x00000000b4100000, 0x00000000b4200000|  0%| F|  |TAMS 0x00000000b4100000, 0x00000000b4100000| Untracked 
| 834|0x00000000b4200000, 0x00000000b4200000, 0x00000000b4300000|  0%| F|  |TAMS 0x00000000b4200000, 0x00000000b4200000| Untracked 
| 835|0x00000000b4300000, 0x00000000b4300000, 0x00000000b4400000|  0%| F|  |TAMS 0x00000000b4300000, 0x00000000b4300000| Untracked 
| 836|0x00000000b4400000, 0x00000000b4400000, 0x00000000b4500000|  0%| F|  |TAMS 0x00000000b4400000, 0x00000000b4400000| Untracked 
| 837|0x00000000b4500000, 0x00000000b4500000, 0x00000000b4600000|  0%| F|  |TAMS 0x00000000b4500000, 0x00000000b4500000| Untracked 
| 838|0x00000000b4600000, 0x00000000b4600000, 0x00000000b4700000|  0%| F|  |TAMS 0x00000000b4600000, 0x00000000b4600000| Untracked 
| 839|0x00000000b4700000, 0x00000000b4700000, 0x00000000b4800000|  0%| F|  |TAMS 0x00000000b4700000, 0x00000000b4700000| Untracked 
| 840|0x00000000b4800000, 0x00000000b4800000, 0x00000000b4900000|  0%| F|  |TAMS 0x00000000b4800000, 0x00000000b4800000| Untracked 
| 841|0x00000000b4900000, 0x00000000b4900000, 0x00000000b4a00000|  0%| F|  |TAMS 0x00000000b4900000, 0x00000000b4900000| Untracked 
| 842|0x00000000b4a00000, 0x00000000b4a00000, 0x00000000b4b00000|  0%| F|  |TAMS 0x00000000b4a00000, 0x00000000b4a00000| Untracked 
| 843|0x00000000b4b00000, 0x00000000b4b00000, 0x00000000b4c00000|  0%| F|  |TAMS 0x00000000b4b00000, 0x00000000b4b00000| Untracked 
| 844|0x00000000b4c00000, 0x00000000b4c00000, 0x00000000b4d00000|  0%| F|  |TAMS 0x00000000b4c00000, 0x00000000b4c00000| Untracked 
| 845|0x00000000b4d00000, 0x00000000b4d00000, 0x00000000b4e00000|  0%| F|  |TAMS 0x00000000b4d00000, 0x00000000b4d00000| Untracked 
| 846|0x00000000b4e00000, 0x00000000b4e00000, 0x00000000b4f00000|  0%| F|  |TAMS 0x00000000b4e00000, 0x00000000b4e00000| Untracked 
| 847|0x00000000b4f00000, 0x00000000b4f00000, 0x00000000b5000000|  0%| F|  |TAMS 0x00000000b4f00000, 0x00000000b4f00000| Untracked 
| 848|0x00000000b5000000, 0x00000000b5000000, 0x00000000b5100000|  0%| F|  |TAMS 0x00000000b5000000, 0x00000000b5000000| Untracked 
| 849|0x00000000b5100000, 0x00000000b5100000, 0x00000000b5200000|  0%| F|  |TAMS 0x00000000b5100000, 0x00000000b5100000| Untracked 
| 850|0x00000000b5200000, 0x00000000b5200000, 0x00000000b5300000|  0%| F|  |TAMS 0x00000000b5200000, 0x00000000b5200000| Untracked 
| 851|0x00000000b5300000, 0x00000000b5300000, 0x00000000b5400000|  0%| F|  |TAMS 0x00000000b5300000, 0x00000000b5300000| Untracked 
| 852|0x00000000b5400000, 0x00000000b5400000, 0x00000000b5500000|  0%| F|  |TAMS 0x00000000b5400000, 0x00000000b5400000| Untracked 
| 853|0x00000000b5500000, 0x00000000b5500000, 0x00000000b5600000|  0%| F|  |TAMS 0x00000000b5500000, 0x00000000b5500000| Untracked 
| 854|0x00000000b5600000, 0x00000000b5600000, 0x00000000b5700000|  0%| F|  |TAMS 0x00000000b5600000, 0x00000000b5600000| Untracked 
| 855|0x00000000b5700000, 0x00000000b5700000, 0x00000000b5800000|  0%| F|  |TAMS 0x00000000b5700000, 0x00000000b5700000| Untracked 
| 856|0x00000000b5800000, 0x00000000b5800000, 0x00000000b5900000|  0%| F|  |TAMS 0x00000000b5800000, 0x00000000b5800000| Untracked 
| 857|0x00000000b5900000, 0x00000000b5900000, 0x00000000b5a00000|  0%| F|  |TAMS 0x00000000b5900000, 0x00000000b5900000| Untracked 
| 858|0x00000000b5a00000, 0x00000000b5a00000, 0x00000000b5b00000|  0%| F|  |TAMS 0x00000000b5a00000, 0x00000000b5a00000| Untracked 
| 859|0x00000000b5b00000, 0x00000000b5b00000, 0x00000000b5c00000|  0%| F|  |TAMS 0x00000000b5b00000, 0x00000000b5b00000| Untracked 

Card table byte_map: [0x0000023952dc0000,0x00000239531c0000] _byte_map_base: 0x00000239529c0000

Marking Bits (Prev, Next): (CMBitMap*) 0x00000239395e8b50, (CMBitMap*) 0x00000239395e8b10
 Prev Bits: [0x00000239555c0000, 0x00000239575c0000)
 Next Bits: [0x00000239535c0000, 0x00000239555c0000)

Polling page: 0x0000023939640000

Metaspace:

Usage:
  Non-class:    255.75 MB used.
      Class:     35.49 MB used.
       Both:    291.24 MB used.

Virtual space:
  Non-class space:      320.00 MB reserved,     257.25 MB ( 80%) committed,  5 nodes.
      Class space:      412.00 MB reserved,      37.06 MB (  9%) committed,  1 nodes.
             Both:      732.00 MB reserved,     294.31 MB ( 40%) committed. 

Chunk freelists:
   Non-Class:  2.45 MB
       Class:  2.87 MB
        Both:  5.32 MB

MaxMetaspaceSize: 512.00 MB
CompressedClassSpaceSize: 412.00 MB
Initial GC threshold: 21.00 MB
Current GC threshold: 489.50 MB
CDS: on
MetaspaceReclaimPolicy: balanced
 - commit_granule_bytes: 65536.
 - commit_granule_words: 8192.
 - virtual_space_node_default_size: 8388608.
 - enlarge_chunks_in_place: 1.
 - new_chunks_are_fully_committed: 0.
 - uncommit_free_chunks: 1.
 - use_allocation_guard: 0.


Internal statistics:

num_allocs_failed_limit: 30.
num_arena_births: 14452.
num_arena_deaths: 9028.
num_vsnodes_births: 6.
num_vsnodes_deaths: 0.
num_space_committed: 4720.
num_space_uncommitted: 14.
num_chunks_returned_to_freelist: 11925.
num_chunks_taken_from_freelist: 32450.
num_chunk_merges: 3721.
num_chunk_splits: 18212.
num_chunks_enlarged: 10621.
num_inconsistent_stats: 0.

CodeHeap 'non-profiled nmethods': size=120000Kb used=41808Kb max_used=41808Kb free=78191Kb
 bounds [0x000002394a800000, 0x000002394d0e0000, 0x0000023951d30000]
CodeHeap 'profiled nmethods': size=120000Kb used=83259Kb max_used=83259Kb free=36741Kb
 bounds [0x0000023942d30000, 0x0000023947e90000, 0x000002394a260000]
CodeHeap 'non-nmethods': size=5760Kb used=2257Kb max_used=2398Kb free=3502Kb
 bounds [0x000002394a260000, 0x000002394a4d0000, 0x000002394a800000]
 total_blobs=44699 nmethods=43343 adapters=1264
 compilation: enabled
              stopped_count=0, restarted_count=0
 full_count=0

Compilation events (20 events):
Event: 53140.527 Thread 0x000002395783ba50 57103       3       org.gradle.internal.snapshot.impl.DefaultIsolatableFactory$IsolatableVisitor::list (6 bytes)
Event: 53140.527 Thread 0x000002395783ba50 nmethod 57103 0x0000023947e7e990 code [0x0000023947e7eb60, 0x0000023947e7eeb8]
Event: 53175.733 Thread 0x000002395783ba50 57105       3       org.gradle.internal.reflect.JavaMethod::of (15 bytes)
Event: 53175.733 Thread 0x000002395783ba50 nmethod 57105 0x0000023947e7f010 code [0x0000023947e7f1c0, 0x0000023947e7f308]
Event: 53196.697 Thread 0x000002395783a730 57106 % !   4       org.gradle.launcher.daemon.server.exec.LogToClient$AsynchronousLogDispatcher::run @ 0 (62 bytes)
Event: 53196.711 Thread 0x000002395783a730 nmethod 57106% 0x000002394d0d2890 code [0x000002394d0d2aa0, 0x000002394d0d34b0]
Event: 53196.969 Thread 0x000002395783ba50 57107       3       sun.security.action.GetPropertyAction::privilegedGetProperty (28 bytes)
Event: 53196.969 Thread 0x000002395783ba50 nmethod 57107 0x0000023947e7f410 code [0x0000023947e7f600, 0x0000023947e7fa38]
Event: 53214.021 Thread 0x000002395783a730 57108       4       java.util.concurrent.SynchronousQueue::poll (38 bytes)
Event: 53214.023 Thread 0x000002395783a730 nmethod 57108 0x000002394d0d3a90 code [0x000002394d0d3c40, 0x000002394d0d3e48]
Event: 53216.332 Thread 0x000002395783ba50 57109       3       org.gradle.internal.snapshot.DirectorySnapshot::isContentUpToDate (5 bytes)
Event: 53216.332 Thread 0x000002395783ba50 nmethod 57109 0x0000023947e7fc10 code [0x0000023947e7fdc0, 0x0000023947e7ffd8]
Event: 53216.355 Thread 0x000002395783ba50 57110   !   3       com.android.build.gradle.internal.cxx.configure.ConfigureInvalidationStateKt::tryReadFingerPrintFile (204 bytes)
Event: 53216.357 Thread 0x000002395783ba50 nmethod 57110 0x0000023947e80090 code [0x0000023947e80600, 0x0000023947e83338]
Event: 53216.466 Thread 0x000002395783ba50 57111       3       org.gradle.internal.execution.history.impl.OutputSnapshotUtil$SnapshotFilteringVisitor$1::visitDirectory (40 bytes)
Event: 53216.467 Thread 0x000002395783ba50 nmethod 57111 0x0000023947e84710 code [0x0000023947e84920, 0x0000023947e850b8]
Event: 53216.529 Thread 0x000002395783ba50 57112   !   3       java.io.FilterOutputStream::close (183 bytes)
Event: 53216.530 Thread 0x000002395783ba50 nmethod 57112 0x0000023947e85310 code [0x0000023947e85560, 0x0000023947e860f8]
Event: 53219.360 Thread 0x000002395783a730 57113       4       java.io.ObjectStreamClass::getSuperDesc (9 bytes)
Event: 53219.360 Thread 0x000002395783a730 nmethod 57113 0x000002394d0d4090 code [0x000002394d0d4220, 0x000002394d0d42b8]

GC Heap History (20 events):
Event: 41033.216 GC heap after
{Heap after GC invocations=195 (full 2):
 garbage-first heap   total 880640K, used 313998K [0x0000000080000000, 0x0000000100000000)
  region size 1024K, 5 young (5120K), 5 survivors (5120K)
 Metaspace       used 296397K, committed 300416K, reserved 749568K
  class space    used 36145K, committed 37888K, reserved 421888K
}
Event: 41077.614 GC heap before
{Heap before GC invocations=195 (full 2):
 garbage-first heap   total 880640K, used 513678K [0x0000000080000000, 0x0000000100000000)
  region size 1024K, 201 young (205824K), 5 survivors (5120K)
 Metaspace       used 296513K, committed 300416K, reserved 749568K
  class space    used 36160K, committed 37888K, reserved 421888K
}
Event: 41077.691 GC heap after
{Heap after GC invocations=196 (full 2):
 garbage-first heap   total 880640K, used 317582K [0x0000000080000000, 0x0000000100000000)
  region size 1024K, 8 young (8192K), 8 survivors (8192K)
 Metaspace       used 296513K, committed 300416K, reserved 749568K
  class space    used 36160K, committed 37888K, reserved 421888K
}
Event: 51406.022 GC heap before
{Heap before GC invocations=197 (full 2):
 garbage-first heap   total 880640K, used 687246K [0x0000000080000000, 0x0000000100000000)
  region size 1024K, 370 young (378880K), 8 survivors (8192K)
 Metaspace       used 297380K, committed 300480K, reserved 749568K
  class space    used 36307K, committed 37888K, reserved 421888K
}
Event: 51406.120 GC heap after
{Heap after GC invocations=198 (full 2):
 garbage-first heap   total 880640K, used 335921K [0x0000000080000000, 0x0000000100000000)
  region size 1024K, 26 young (26624K), 26 survivors (26624K)
 Metaspace       used 297380K, committed 300480K, reserved 749568K
  class space    used 36307K, committed 37888K, reserved 421888K
}
Event: 51406.389 GC heap before
{Heap before GC invocations=198 (full 2):
 garbage-first heap   total 880640K, used 353329K [0x0000000080000000, 0x0000000100000000)
  region size 1024K, 43 young (44032K), 26 survivors (26624K)
 Metaspace       used 297408K, committed 300544K, reserved 749568K
  class space    used 36310K, committed 37888K, reserved 421888K
}
Event: 51406.681 GC heap after
{Heap after GC invocations=199 (full 2):
 garbage-first heap   total 880640K, used 332335K [0x0000000080000000, 0x0000000100000000)
  region size 1024K, 6 young (6144K), 6 survivors (6144K)
 Metaspace       used 297408K, committed 300544K, reserved 749568K
  class space    used 36310K, committed 37888K, reserved 421888K
}
Event: 51408.486 GC heap before
{Heap before GC invocations=199 (full 2):
 garbage-first heap   total 880640K, used 518703K [0x0000000080000000, 0x0000000100000000)
  region size 1024K, 188 young (192512K), 6 survivors (6144K)
 Metaspace       used 297598K, committed 300736K, reserved 749568K
  class space    used 36318K, committed 37888K, reserved 421888K
}
Event: 51408.570 GC heap after
{Heap after GC invocations=200 (full 2):
 garbage-first heap   total 880640K, used 360343K [0x0000000080000000, 0x0000000100000000)
  region size 1024K, 24 young (24576K), 24 survivors (24576K)
 Metaspace       used 297598K, committed 300736K, reserved 749568K
  class space    used 36318K, committed 37888K, reserved 421888K
}
Event: 51409.505 GC heap before
{Heap before GC invocations=201 (full 2):
 garbage-first heap   total 880640K, used 449431K [0x0000000080000000, 0x0000000100000000)
  region size 1024K, 131 young (134144K), 24 survivors (24576K)
 Metaspace       used 296390K, committed 300736K, reserved 749568K
  class space    used 36070K, committed 37888K, reserved 421888K
}
Event: 51409.641 GC heap after
{Heap after GC invocations=202 (full 2):
 garbage-first heap   total 880640K, used 348079K [0x0000000080000000, 0x0000000100000000)
  region size 1024K, 7 young (7168K), 7 survivors (7168K)
 Metaspace       used 296390K, committed 300736K, reserved 749568K
  class space    used 36070K, committed 37888K, reserved 421888K
}
Event: 51432.675 GC heap before
{Heap before GC invocations=202 (full 2):
 garbage-first heap   total 880640K, used 383919K [0x0000000080000000, 0x0000000100000000)
  region size 1024K, 43 young (44032K), 7 survivors (7168K)
 Metaspace       used 296411K, committed 300736K, reserved 749568K
  class space    used 36071K, committed 37888K, reserved 421888K
}
Event: 51432.752 GC heap after
{Heap after GC invocations=203 (full 2):
 garbage-first heap   total 880640K, used 316558K [0x0000000080000000, 0x0000000100000000)
  region size 1024K, 2 young (2048K), 2 survivors (2048K)
 Metaspace       used 296411K, committed 300736K, reserved 749568K
  class space    used 36071K, committed 37888K, reserved 421888K
}
Event: 53133.268 GC heap before
{Heap before GC invocations=203 (full 2):
 garbage-first heap   total 880640K, used 550030K [0x0000000080000000, 0x0000000100000000)
  region size 1024K, 231 young (236544K), 2 survivors (2048K)
 Metaspace       used 297599K, committed 300736K, reserved 749568K
  class space    used 36286K, committed 37888K, reserved 421888K
}
Event: 53133.327 GC heap after
{Heap after GC invocations=204 (full 2):
 garbage-first heap   total 880640K, used 333462K [0x0000000080000000, 0x0000000100000000)
  region size 1024K, 19 young (19456K), 19 survivors (19456K)
 Metaspace       used 297599K, committed 300736K, reserved 749568K
  class space    used 36286K, committed 37888K, reserved 421888K
}
Event: 53136.854 GC heap before
{Heap before GC invocations=205 (full 2):
 garbage-first heap   total 880640K, used 679574K [0x0000000080000000, 0x0000000100000000)
  region size 1024K, 359 young (367616K), 19 survivors (19456K)
 Metaspace       used 298224K, committed 301376K, reserved 749568K
  class space    used 36343K, committed 37952K, reserved 421888K
}
Event: 53137.818 GC heap after
{Heap after GC invocations=206 (full 2):
 garbage-first heap   total 880640K, used 374304K [0x0000000080000000, 0x0000000100000000)
  region size 1024K, 45 young (46080K), 45 survivors (46080K)
 Metaspace       used 298224K, committed 301376K, reserved 749568K
  class space    used 36343K, committed 37952K, reserved 421888K
}
Event: 53137.819 GC heap before
{Heap before GC invocations=206 (full 2):
 garbage-first heap   total 880640K, used 375328K [0x0000000080000000, 0x0000000100000000)
  region size 1024K, 46 young (47104K), 45 survivors (46080K)
 Metaspace       used 298224K, committed 301376K, reserved 749568K
  class space    used 36343K, committed 37952K, reserved 421888K
}
Event: 53139.762 GC heap after
{Heap after GC invocations=207 (full 2):
 garbage-first heap   total 880640K, used 369806K [0x0000000080000000, 0x0000000100000000)
  region size 1024K, 4 young (4096K), 4 survivors (4096K)
 Metaspace       used 298224K, committed 301376K, reserved 749568K
  class space    used 36343K, committed 37952K, reserved 421888K
}
Event: 53219.374 GC heap before
{Heap before GC invocations=207 (full 2):
 garbage-first heap   total 880640K, used 412814K [0x0000000080000000, 0x0000000100000000)
  region size 1024K, 47 young (48128K), 4 survivors (4096K)
 Metaspace       used 298233K, committed 301376K, reserved 749568K
  class space    used 36343K, committed 37952K, reserved 421888K
}

Dll operation events (17 events):
Event: 0.009 Loaded shared library C:\Program Files\Java\jdk-19\bin\java.dll
Event: 0.019 Loaded shared library C:\Program Files\Java\jdk-19\bin\jsvml.dll
Event: 0.067 Loaded shared library C:\Program Files\Java\jdk-19\bin\zip.dll
Event: 0.071 Loaded shared library C:\Program Files\Java\jdk-19\bin\instrument.dll
Event: 0.074 Loaded shared library C:\Program Files\Java\jdk-19\bin\net.dll
Event: 0.076 Loaded shared library C:\Program Files\Java\jdk-19\bin\nio.dll
Event: 0.078 Loaded shared library C:\Program Files\Java\jdk-19\bin\zip.dll
Event: 0.267 Loaded shared library C:\Program Files\Java\jdk-19\bin\jimage.dll
Event: 0.441 Loaded shared library C:\Program Files\Java\jdk-19\bin\verify.dll
Event: 0.465 Loaded shared library C:\Users\JONATHAN\.gradle\native\660c5614fbf4a5f2a75b1949f50a0caf5cd603558e7d8a26e50b933a0cfb79d1\windows-amd64\native-platform.dll
Event: 0.477 Loaded shared library C:\Users\JONATHAN\.gradle\native\0.2.8\x86_64-windows-gnu\gradle-fileevents.dll
Event: 1.138 Loaded shared library C:\Program Files\Java\jdk-19\bin\management.dll
Event: 1.140 Loaded shared library C:\Program Files\Java\jdk-19\bin\management_ext.dll
Event: 1.415 Loaded shared library C:\Program Files\Java\jdk-19\bin\extnet.dll
Event: 1.596 Loaded shared library C:\Program Files\Java\jdk-19\bin\sunmscapi.dll
Event: 4509.410 Loaded shared library C:\Program Files\Java\jdk-19\bin\rmi.dll
Event: 4528.820 Loaded shared library C:\Program Files\Java\jdk-19\bin\awt.dll

Deoptimization events (20 events):
Event: 53135.946 Thread 0x00000239635b85c0 Uncommon trap: trap_request=0xffffff66 fr.pc=0x000002394c7262c0 relative=0x0000000000000e00
Event: 53135.946 Thread 0x00000239635b85c0 Uncommon trap: reason=speculate_class_check action=maybe_recompile pc=0x000002394c7262c0 method=com.android.ide.common.resources.DataItem.setTouched()Lcom/android/ide/common/resources/DataItem; @ 18 c2
Event: 53135.946 Thread 0x00000239635b85c0 DEOPT PACKING pc=0x000002394c7262c0 sp=0x0000004d61afafb0
Event: 53135.946 Thread 0x00000239635b85c0 DEOPT UNPACKING pc=0x000002394a2c6da3 sp=0x0000004d61afaf18 mode 2
Event: 53135.946 Thread 0x00000239635b85c0 Uncommon trap: trap_request=0xffffff66 fr.pc=0x000002394c7262c0 relative=0x0000000000000e00
Event: 53135.946 Thread 0x00000239635b85c0 Uncommon trap: reason=speculate_class_check action=maybe_recompile pc=0x000002394c7262c0 method=com.android.ide.common.resources.DataItem.setTouched()Lcom/android/ide/common/resources/DataItem; @ 18 c2
Event: 53135.946 Thread 0x00000239635b85c0 DEOPT PACKING pc=0x000002394c7262c0 sp=0x0000004d61afafb0
Event: 53135.947 Thread 0x00000239635b85c0 DEOPT UNPACKING pc=0x000002394a2c6da3 sp=0x0000004d61afaf18 mode 2
Event: 53135.947 Thread 0x00000239635b85c0 Uncommon trap: trap_request=0xffffff66 fr.pc=0x000002394c7262c0 relative=0x0000000000000e00
Event: 53135.947 Thread 0x00000239635b85c0 Uncommon trap: reason=speculate_class_check action=maybe_recompile pc=0x000002394c7262c0 method=com.android.ide.common.resources.DataItem.setTouched()Lcom/android/ide/common/resources/DataItem; @ 18 c2
Event: 53135.947 Thread 0x00000239635b85c0 DEOPT PACKING pc=0x000002394c7262c0 sp=0x0000004d61afafb0
Event: 53135.947 Thread 0x00000239635b85c0 DEOPT UNPACKING pc=0x000002394a2c6da3 sp=0x0000004d61afaf18 mode 2
Event: 53135.947 Thread 0x00000239635b85c0 Uncommon trap: trap_request=0xffffff66 fr.pc=0x000002394c7262c0 relative=0x0000000000000e00
Event: 53135.947 Thread 0x00000239635b85c0 Uncommon trap: reason=speculate_class_check action=maybe_recompile pc=0x000002394c7262c0 method=com.android.ide.common.resources.DataItem.setTouched()Lcom/android/ide/common/resources/DataItem; @ 18 c2
Event: 53135.947 Thread 0x00000239635b85c0 DEOPT PACKING pc=0x000002394c7262c0 sp=0x0000004d61afafb0
Event: 53135.947 Thread 0x00000239635b85c0 DEOPT UNPACKING pc=0x000002394a2c6da3 sp=0x0000004d61afaf18 mode 2
Event: 53136.622 Thread 0x000002397aa0a520 Uncommon trap: trap_request=0xffffffd6 fr.pc=0x000002394c7e5fc8 relative=0x0000000000001408
Event: 53136.622 Thread 0x000002397aa0a520 Uncommon trap: reason=array_check action=maybe_recompile pc=0x000002394c7e5fc8 method=java.util.ComparableTimSort.mergeLo(IIII)V @ 207 c2
Event: 53136.622 Thread 0x000002397aa0a520 DEOPT PACKING pc=0x000002394c7e5fc8 sp=0x0000004d619fd580
Event: 53136.623 Thread 0x000002397aa0a520 DEOPT UNPACKING pc=0x000002394a2c6da3 sp=0x0000004d619fd548 mode 2

Classes loaded (20 events):
Event: 14654.321 Loading class java/text/BreakIterator
Event: 14654.343 Loading class java/text/BreakIterator done
Event: 14654.376 Loading class java/util/function/ToIntBiFunction
Event: 14654.377 Loading class java/util/function/ToIntBiFunction done
Event: 14654.510 Loading class java/text/MessageFormat
Event: 14654.510 Loading class java/text/MessageFormat done
Event: 14654.510 Loading class java/text/MessageFormat$Field
Event: 14654.510 Loading class java/text/MessageFormat$Field done
Event: 14654.671 Loading class java/util/Collections$UnmodifiableSortedMap
Event: 14654.671 Loading class java/util/Collections$UnmodifiableSortedMap done
Event: 14655.307 Loading class java/util/SortedSet$1
Event: 14655.307 Loading class java/util/SortedSet$1 done
Event: 14655.470 Loading class java/lang/reflect/InaccessibleObjectException
Event: 14655.470 Loading class java/lang/reflect/InaccessibleObjectException done
Event: 14656.531 Loading class java/util/TreeMap$DescendingSubMap
Event: 14656.532 Loading class java/util/TreeMap$DescendingSubMap done
Event: 14656.532 Loading class java/util/TreeMap$DescendingSubMap$DescendingEntrySetView
Event: 14656.532 Loading class java/util/TreeMap$DescendingSubMap$DescendingEntrySetView done
Event: 14656.532 Loading class java/util/TreeMap$NavigableSubMap$DescendingSubMapEntryIterator
Event: 14656.532 Loading class java/util/TreeMap$NavigableSubMap$DescendingSubMapEntryIterator done

Classes unloaded (20 events):
Event: 53133.490 Thread 0x0000023957809be0 Unloading class 0x00000008015fd400 'java/lang/invoke/LambdaForm$MH+0x00000008015fd400'
Event: 53133.490 Thread 0x0000023957809be0 Unloading class 0x00000008015fdc00 'java/lang/invoke/LambdaForm$MH+0x00000008015fdc00'
Event: 53133.490 Thread 0x0000023957809be0 Unloading class 0x0000000801600800 'java/lang/invoke/LambdaForm$MH+0x0000000801600800'
Event: 53133.490 Thread 0x0000023957809be0 Unloading class 0x0000000801601800 'java/lang/invoke/LambdaForm$MH+0x0000000801601800'
Event: 53133.490 Thread 0x0000023957809be0 Unloading class 0x0000000801602c00 'java/lang/invoke/LambdaForm$MH+0x0000000801602c00'
Event: 53133.490 Thread 0x0000023957809be0 Unloading class 0x0000000801604800 'java/lang/invoke/LambdaForm$MH+0x0000000801604800'
Event: 53133.490 Thread 0x0000023957809be0 Unloading class 0x000000080164e800 'java/lang/invoke/LambdaForm$MH+0x000000080164e800'
Event: 53133.490 Thread 0x0000023957809be0 Unloading class 0x00000008019d0800 'java/lang/invoke/LambdaForm$MH+0x00000008019d0800'
Event: 53133.490 Thread 0x0000023957809be0 Unloading class 0x0000000801a77000 'java/lang/invoke/LambdaForm$MH+0x0000000801a77000'
Event: 53133.491 Thread 0x0000023957809be0 Unloading class 0x0000000801cad000 'java/lang/invoke/LambdaForm$MH+0x0000000801cad000'
Event: 53133.491 Thread 0x0000023957809be0 Unloading class 0x0000000801ccd400 'java/lang/invoke/LambdaForm$MH+0x0000000801ccd400'
Event: 53133.491 Thread 0x0000023957809be0 Unloading class 0x0000000801ec5800 'java/lang/invoke/LambdaForm$MH+0x0000000801ec5800'
Event: 53133.491 Thread 0x0000023957809be0 Unloading class 0x0000000802138c00 'java/lang/invoke/LambdaForm$MH+0x0000000802138c00'
Event: 53133.491 Thread 0x0000023957809be0 Unloading class 0x0000000802349000 'java/lang/invoke/LambdaForm$MH+0x0000000802349000'
Event: 53133.491 Thread 0x0000023957809be0 Unloading class 0x0000000802348400 'java/lang/invoke/LambdaForm$MH+0x0000000802348400'
Event: 53133.491 Thread 0x0000023957809be0 Unloading class 0x00000008018d2000 'java/lang/invoke/LambdaForm$MH+0x00000008018d2000'
Event: 53133.491 Thread 0x0000023957809be0 Unloading class 0x000000080129d800 'java/lang/invoke/LambdaForm$MH+0x000000080129d800'
Event: 53133.491 Thread 0x0000023957809be0 Unloading class 0x0000000801cac000 'java/lang/invoke/LambdaForm$MH+0x0000000801cac000'
Event: 53133.491 Thread 0x0000023957809be0 Unloading class 0x0000000803492c00 'java/lang/invoke/LambdaForm$MH+0x0000000803492c00'
Event: 53133.491 Thread 0x0000023957809be0 Unloading class 0x0000000803493c00 'java/lang/invoke/LambdaForm$MH+0x0000000803493c00'

Classes redefined (0 events):
No events

Internal exceptions (20 events):
Event: 53206.748 Thread 0x00000239635b85c0 Exception <a 'sun/nio/fs/WindowsException'{0x00000000b3aa95a8}> (0x00000000b3aa95a8) 
thrown [s\open\src\hotspot\share\prims\jni.cpp, line 517]
Event: 53206.748 Thread 0x00000239635b85c0 Exception <a 'sun/nio/fs/WindowsException'{0x00000000b3aab558}> (0x00000000b3aab558) 
thrown [s\open\src\hotspot\share\prims\jni.cpp, line 517]
Event: 53206.749 Thread 0x00000239635b85c0 Exception <a 'sun/nio/fs/WindowsException'{0x00000000b3abddc0}> (0x00000000b3abddc0) 
thrown [s\open\src\hotspot\share\prims\jni.cpp, line 517]
Event: 53219.358 Thread 0x00000239635b85c0 Exception <a 'sun/nio/fs/WindowsException'{0x00000000b2e83fe8}> (0x00000000b2e83fe8) 
thrown [s\open\src\hotspot\share\prims\jni.cpp, line 517]
Event: 53219.358 Thread 0x00000239635b85c0 Exception <a 'sun/nio/fs/WindowsException'{0x00000000b2e870c0}> (0x00000000b2e870c0) 
thrown [s\open\src\hotspot\share\prims\jni.cpp, line 517]
Event: 53219.361 Thread 0x000002397aa0a520 Exception <a 'sun/nio/fs/WindowsException'{0x00000000b2eeae90}> (0x00000000b2eeae90) 
thrown [s\open\src\hotspot\share\prims\jni.cpp, line 517]
Event: 53219.361 Thread 0x000002397aa0a520 Exception <a 'sun/nio/fs/WindowsException'{0x00000000b2eee1f0}> (0x00000000b2eee1f0) 
thrown [s\open\src\hotspot\share\prims\jni.cpp, line 517]
Event: 53219.362 Thread 0x000002397aa0a520 Exception <a 'sun/nio/fs/WindowsException'{0x00000000b2d00228}> (0x00000000b2d00228) 
thrown [s\open\src\hotspot\share\prims\jni.cpp, line 517]
Event: 53219.362 Thread 0x000002397aa0a520 Exception <a 'sun/nio/fs/WindowsException'{0x00000000b2d02500}> (0x00000000b2d02500) 
thrown [s\open\src\hotspot\share\prims\jni.cpp, line 517]
Event: 53219.362 Thread 0x000002397aa0a520 Exception <a 'sun/nio/fs/WindowsException'{0x00000000b2d14c70}> (0x00000000b2d14c70) 
thrown [s\open\src\hotspot\share\prims\jni.cpp, line 517]
Event: 53219.363 Thread 0x000002397aa0a520 Exception <a 'sun/nio/fs/WindowsException'{0x00000000b2d2fae8}> (0x00000000b2d2fae8) 
thrown [s\open\src\hotspot\share\prims\jni.cpp, line 517]
Event: 53219.363 Thread 0x000002397aa0a520 Exception <a 'sun/nio/fs/WindowsException'{0x00000000b2d32ba8}> (0x00000000b2d32ba8) 
thrown [s\open\src\hotspot\share\prims\jni.cpp, line 517]
Event: 53219.363 Thread 0x000002397aa0a520 Exception <a 'sun/nio/fs/WindowsException'{0x00000000b2d42828}> (0x00000000b2d42828) 
thrown [s\open\src\hotspot\share\prims\jni.cpp, line 517]
Event: 53219.363 Thread 0x000002397aa0a520 Exception <a 'sun/nio/fs/WindowsException'{0x00000000b2d44910}> (0x00000000b2d44910) 
thrown [s\open\src\hotspot\share\prims\jni.cpp, line 517]
Event: 53219.364 Thread 0x000002397aa0a520 Exception <a 'sun/nio/fs/WindowsException'{0x00000000b2d5ca08}> (0x00000000b2d5ca08) 
thrown [s\open\src\hotspot\share\prims\jni.cpp, line 517]
Event: 53219.364 Thread 0x000002397aa0a520 Exception <a 'sun/nio/fs/WindowsException'{0x00000000b2d77a98}> (0x00000000b2d77a98) 
thrown [s\open\src\hotspot\share\prims\jni.cpp, line 517]
Event: 53219.365 Thread 0x000002397aa0a520 Exception <a 'sun/nio/fs/WindowsException'{0x00000000b2d7ae28}> (0x00000000b2d7ae28) 
thrown [s\open\src\hotspot\share\prims\jni.cpp, line 517]
Event: 53219.365 Thread 0x000002397aa0a520 Exception <a 'sun/nio/fs/WindowsException'{0x00000000b2d8acf8}> (0x00000000b2d8acf8) 
thrown [s\open\src\hotspot\share\prims\jni.cpp, line 517]
Event: 53219.365 Thread 0x000002397aa0a520 Exception <a 'sun/nio/fs/WindowsException'{0x00000000b2d8cdf8}> (0x00000000b2d8cdf8) 
thrown [s\open\src\hotspot\share\prims\jni.cpp, line 517]
Event: 53219.366 Thread 0x000002397aa0a520 Exception <a 'sun/nio/fs/WindowsException'{0x00000000b2da16f0}> (0x00000000b2da16f0) 
thrown [s\open\src\hotspot\share\prims\jni.cpp, line 517]

VM Operations (20 events):
Event: 53120.454 Executing VM operation: Cleanup done
Event: 53121.469 Executing VM operation: Cleanup
Event: 53121.469 Executing VM operation: Cleanup done
Event: 53133.268 Executing VM operation: G1CollectForAllocation
Event: 53133.328 Executing VM operation: G1CollectForAllocation done
Event: 53133.455 Executing VM operation: G1PauseRemark
Event: 53133.541 Executing VM operation: G1PauseRemark done
Event: 53133.667 Executing VM operation: G1PauseCleanup
Event: 53133.667 Executing VM operation: G1PauseCleanup done
Event: 53134.679 Executing VM operation: Cleanup
Event: 53134.680 Executing VM operation: Cleanup done
Event: 53135.692 Executing VM operation: Cleanup
Event: 53135.692 Executing VM operation: Cleanup done
Event: 53136.704 Executing VM operation: Cleanup
Event: 53136.705 Executing VM operation: Cleanup done
Event: 53136.854 Executing VM operation: G1CollectForAllocation
Event: 53137.818 Executing VM operation: G1CollectForAllocation done
Event: 53137.818 Executing VM operation: G1CollectForAllocation
Event: 53139.762 Executing VM operation: G1CollectForAllocation done
Event: 53219.374 Executing VM operation: G1CollectForAllocation

Events (20 events):
Event: 53120.638 Thread 0x0000023964742ab0 Thread added: 0x0000023964742ab0
Event: 53120.638 Thread 0x000002397aa08fe0 Thread added: 0x000002397aa08fe0
Event: 53120.646 Thread 0x000002397aa0a520 Thread added: 0x000002397aa0a520
Event: 53120.647 Thread 0x00000239635b85c0 Thread added: 0x00000239635b85c0
Event: 53120.647 Thread 0x00000239635b8070 Thread added: 0x00000239635b8070
Event: 53120.797 Thread 0x0000023963d06060 Thread added: 0x0000023963d06060
Event: 53120.806 Thread 0x0000023964743000 Thread added: 0x0000023964743000
Event: 53120.807 Thread 0x000002396bfdc590 Thread added: 0x000002396bfdc590
Event: 53132.838 Thread 0x000002395a5975b0 Thread added: 0x000002395a5975b0
Event: 53132.903 Thread 0x000002395a597b00 Thread added: 0x000002395a597b00
Event: 53134.072 Thread 0x000002397aa0aa70 Thread added: 0x000002397aa0aa70
Event: 53134.072 Thread 0x0000023963d065b0 Thread added: 0x0000023963d065b0
Event: 53134.579 Thread 0x00000239635b7080 Thread added: 0x00000239635b7080
Event: 53134.579 Thread 0x00000239635b75d0 Thread added: 0x00000239635b75d0
Event: 53134.582 Thread 0x0000023966fd1ee0 Thread added: 0x0000023966fd1ee0
Event: 53135.985 Thread 0x000002396dea1040 Thread added: 0x000002396dea1040
Event: 53135.985 Thread 0x000002396de9e070 Thread added: 0x000002396de9e070
Event: 53135.993 Thread 0x000002396dea2580 Thread added: 0x000002396dea2580
Event: 53139.762 Thread 0x000002396de9e070 Thread exited: 0x000002396de9e070
Event: 53194.223 Thread 0x000002397aa0afc0 Thread exited: 0x000002397aa0afc0


Dynamic libraries:
0x00007ff7b3460000 - 0x00007ff7b3470000 	C:\Program Files\Java\jdk-19\bin\java.exe
0x00007fff4da80000 - 0x00007fff4dce7000 	C:\WINDOWS\SYSTEM32\ntdll.dll
0x00007fff4c9c0000 - 0x00007fff4ca8b000 	C:\WINDOWS\System32\KERNEL32.DLL
0x00007fff4b2e0000 - 0x00007fff4b6e2000 	C:\WINDOWS\System32\KERNELBASE.dll
0x00007fff4ad70000 - 0x00007fff4aebc000 	C:\WINDOWS\System32\ucrtbase.dll
0x00007fff3d570000 - 0x00007fff3d588000 	C:\Program Files\Java\jdk-19\bin\jli.dll
0x00007fff3d2a0000 - 0x00007fff3d2bb000 	C:\Program Files\Java\jdk-19\bin\VCRUNTIME140.dll
0x00007fff4cd90000 - 0x00007fff4ce4c000 	C:\WINDOWS\System32\ADVAPI32.dll
0x00007fff4c910000 - 0x00007fff4c9b9000 	C:\WINDOWS\System32\msvcrt.dll
0x00007fff4c780000 - 0x00007fff4c829000 	C:\WINDOWS\System32\sechost.dll
0x00007fff4bfb0000 - 0x00007fff4c0c8000 	C:\WINDOWS\System32\RPCRT4.dll
0x00007fff4c510000 - 0x00007fff4c6df000 	C:\WINDOWS\System32\USER32.dll
0x00007fff4ad40000 - 0x00007fff4ad67000 	C:\WINDOWS\System32\win32u.dll
0x00007fff332a0000 - 0x00007fff33530000 	C:\WINDOWS\WinSxS\amd64_microsoft.windows.common-controls_6595b64144ccf1df_6.0.26100.9278_none_3e0d1ba8e3303201\COMCTL32.dll
0x00007fff4c2b0000 - 0x00007fff4c2db000 	C:\WINDOWS\System32\GDI32.dll
0x00007fff4af90000 - 0x00007fff4b0b9000 	C:\WINDOWS\System32\gdi32full.dll
0x00007fff4b6f0000 - 0x00007fff4b793000 	C:\WINDOWS\System32\msvcp_win.dll
0x00007fff41250000 - 0x00007fff4125b000 	C:\WINDOWS\SYSTEM32\VERSION.dll
0x00007fff4cd50000 - 0x00007fff4cd81000 	C:\WINDOWS\System32\IMM32.DLL
0x00007fff3d4a0000 - 0x00007fff3d4ac000 	C:\Program Files\Java\jdk-19\bin\vcruntime140_1.dll
0x00007fff1d070000 - 0x00007fff1d0fe000 	C:\Program Files\Java\jdk-19\bin\msvcp140.dll
0x00007ffe82170000 - 0x00007ffe82e30000 	C:\Program Files\Java\jdk-19\bin\server\jvm.dll
0x00007fff3d1f0000 - 0x00007fff3d1fa000 	C:\WINDOWS\SYSTEM32\WSOCK32.dll
0x00007fff47580000 - 0x00007fff475b6000 	C:\WINDOWS\SYSTEM32\WINMM.dll
0x00007fff4c6f0000 - 0x00007fff4c770000 	C:\WINDOWS\System32\WS2_32.dll
0x00007fff49a30000 - 0x00007fff49a4b000 	C:\WINDOWS\SYSTEM32\kernel.appcore.dll
0x00007fff3d1e0000 - 0x00007fff3d1ea000 	C:\Program Files\Java\jdk-19\bin\jimage.dll
0x00007fff480a0000 - 0x00007fff482ec000 	C:\WINDOWS\SYSTEM32\DBGHELP.DLL
0x00007fff4ce60000 - 0x00007fff4d1e5000 	C:\WINDOWS\System32\combase.dll
0x00007fff4c830000 - 0x00007fff4c909000 	C:\WINDOWS\System32\OLEAUT32.dll
0x00007fff47540000 - 0x00007fff4757b000 	C:\WINDOWS\SYSTEM32\dbgcore.DLL
0x00007fff4ac80000 - 0x00007fff4ad2c000 	C:\WINDOWS\System32\bcryptPrimitives.dll
0x00007fff2b090000 - 0x00007fff2b09e000 	C:\Program Files\Java\jdk-19\bin\instrument.dll
0x00007fff2ffd0000 - 0x00007fff2fff6000 	C:\Program Files\Java\jdk-19\bin\java.dll
0x00007fff0dab0000 - 0x00007fff0db87000 	C:\Program Files\Java\jdk-19\bin\jsvml.dll
0x00007fff4d250000 - 0x00007fff4d9e8000 	C:\WINDOWS\System32\SHELL32.dll
0x00007fff486c0000 - 0x00007fff48f6e000 	C:\WINDOWS\SYSTEM32\windows.storage.dll
0x00007fff4bdb0000 - 0x00007fff4beab000 	C:\WINDOWS\System32\SHCORE.dll
0x00007fff4c480000 - 0x00007fff4c4e6000 	C:\WINDOWS\System32\shlwapi.dll
0x00007fff4aba0000 - 0x00007fff4abc9000 	C:\WINDOWS\SYSTEM32\profapi.dll
0x00007fff2ffb0000 - 0x00007fff2ffc8000 	C:\Program Files\Java\jdk-19\bin\zip.dll
0x00007fff345a0000 - 0x00007fff345b3000 	C:\Program Files\Java\jdk-19\bin\net.dll
0x00007fff43850000 - 0x00007fff4397a000 	C:\WINDOWS\SYSTEM32\WINHTTP.dll
0x00007fff49fd0000 - 0x00007fff4a03c000 	C:\WINDOWS\system32\mswsock.dll
0x00007fff335f0000 - 0x00007fff33606000 	C:\Program Files\Java\jdk-19\bin\nio.dll
0x00007fff2fde0000 - 0x00007fff2fdf0000 	C:\Program Files\Java\jdk-19\bin\verify.dll
0x00007fff2e120000 - 0x00007fff2e147000 	C:\Users\JONATHAN\.gradle\native\660c5614fbf4a5f2a75b1949f50a0caf5cd603558e7d8a26e50b933a0cfb79d1\windows-amd64\native-platform.dll
0x00007fff0e430000 - 0x00007fff0e4a7000 	C:\Users\JONATHAN\.gradle\native\0.2.8\x86_64-windows-gnu\gradle-fileevents.dll
0x00007fff3d1d0000 - 0x00007fff3d1da000 	C:\Program Files\Java\jdk-19\bin\management.dll
0x00007fff2fe00000 - 0x00007fff2fe0b000 	C:\Program Files\Java\jdk-19\bin\management_ext.dll
0x00007fff4c2e0000 - 0x00007fff4c2e8000 	C:\WINDOWS\System32\PSAPI.DLL
0x00007fff49400000 - 0x00007fff49433000 	C:\WINDOWS\SYSTEM32\IPHLPAPI.DLL
0x00007fff4ca90000 - 0x00007fff4ca9a000 	C:\WINDOWS\System32\NSI.dll
0x00007fff43bb0000 - 0x00007fff43bcd000 	C:\WINDOWS\SYSTEM32\dhcpcsvc6.DLL
0x00007fff43b80000 - 0x00007fff43ba5000 	C:\WINDOWS\SYSTEM32\dhcpcsvc.DLL
0x00007fff49440000 - 0x00007fff49598000 	C:\WINDOWS\SYSTEM32\DNSAPI.dll
0x00007fff49dd0000 - 0x00007fff49ddd000 	C:\WINDOWS\SYSTEM32\DSPARSE.dll
0x00007fff2fdf0000 - 0x00007fff2fdf8000 	C:\Program Files\Java\jdk-19\bin\extnet.dll
0x00007fff4a3f0000 - 0x00007fff4a40b000 	C:\WINDOWS\SYSTEM32\CRYPTSP.dll
0x00007fff49990000 - 0x00007fff499c9000 	C:\WINDOWS\system32\rsaenh.dll
0x00007fff4a080000 - 0x00007fff4a0b4000 	C:\WINDOWS\SYSTEM32\USERENV.dll
0x00007fff4ab70000 - 0x00007fff4ab9a000 	C:\WINDOWS\SYSTEM32\bcrypt.dll
0x00007fff4a3c0000 - 0x00007fff4a3cc000 	C:\WINDOWS\SYSTEM32\CRYPTBASE.dll
0x00007fff2a7b0000 - 0x00007fff2a7be000 	C:\Program Files\Java\jdk-19\bin\sunmscapi.dll
0x00007fff4b150000 - 0x00007fff4b2ce000 	C:\WINDOWS\System32\CRYPT32.dll
0x00007fff4a560000 - 0x00007fff4a590000 	C:\WINDOWS\SYSTEM32\ncrypt.dll
0x00007fff4a510000 - 0x00007fff4a54f000 	C:\WINDOWS\SYSTEM32\NTASN1.dll
0x00007ffef1210000 - 0x00007ffef1218000 	C:\WINDOWS\system32\wshunix.dll
0x00007fff419d0000 - 0x00007fff419db000 	C:\Windows\System32\rasadhlp.dll
0x00007fff43f30000 - 0x00007fff43fb6000 	C:\WINDOWS\System32\fwpuclnt.dll
0x00007fff49b60000 - 0x00007fff49b96000 	C:\WINDOWS\SYSTEM32\ntmarta.dll
0x00007fff451c0000 - 0x00007fff451c7000 	C:\Program Files\Java\jdk-19\bin\rmi.dll
0x00007fff0dee0000 - 0x00007fff0e071000 	C:\Program Files\Java\jdk-19\bin\awt.dll
0x00007fff47490000 - 0x00007fff4752f000 	C:\WINDOWS\SYSTEM32\apphelp.dll
0x00007fff47830000 - 0x00007fff478d8000 	C:\WINDOWS\system32\uxtheme.dll
0x00007fff4b7c0000 - 0x00007fff4b91b000 	C:\WINDOWS\System32\MSCTF.dll
0x00007fff4cbb0000 - 0x00007fff4cd4a000 	C:\WINDOWS\System32\ole32.dll

dbghelp: loaded successfully - version: 4.0.5 - missing functions: none
symbol engine: initialized successfully - sym options: 0x614 - pdb path: .;C:\Program Files\Java\jdk-19\bin;C:\WINDOWS\SYSTEM32;C:\WINDOWS\WinSxS\amd64_microsoft.windows.common-controls_6595b64144ccf1df_6.0.26100.9278_none_3e0d1ba8e3303201;C:\Program Files\Java\jdk-19\bin\server;C:\Users\JONATHAN\.gradle\native\660c5614fbf4a5f2a75b1949f50a0caf5cd603558e7d8a26e50b933a0cfb79d1\windows-amd64;C:\Users\JONATHAN\.gradle\native\0.2.8\x86_64-windows-gnu

VM Arguments:
jvm_args: --add-opens=java.base/java.lang=ALL-UNNAMED --add-opens=java.base/java.lang.invoke=ALL-UNNAMED --add-opens=java.base/java.util=ALL-UNNAMED --add-opens=java.prefs/java.util.prefs=ALL-UNNAMED --add-exports=jdk.compiler/com.sun.tools.javac.api=ALL-UNNAMED --add-exports=jdk.compiler/com.sun.tools.javac.util=ALL-UNNAMED --add-opens=java.base/java.util=ALL-UNNAMED --add-opens=java.prefs/java.util.prefs=ALL-UNNAMED --add-opens=java.base/java.nio.charset=ALL-UNNAMED --add-opens=java.base/java.net=ALL-UNNAMED --add-opens=java.base/java.util.concurrent=ALL-UNNAMED --add-opens=java.base/java.util.concurrent.atomic=ALL-UNNAMED --add-opens=java.xml/javax.xml.namespace=ALL-UNNAMED --add-opens=java.base/java.time=ALL-UNNAMED -XX:MaxMetaspaceSize=512m -Xmx2048m -Dfile.encoding=UTF-8 -Duser.country=US -Duser.language=en -Duser.variant -javaagent:C:\Users\JONATHAN\.gradle\wrapper\dists\gradle-9.4.1-bin\arn2x92ynaizyzdaamcbpbhtj\gradle-9.4.1\lib\agents\gradle-instrumentation-agent-9.4.1.jar 
java_command: org.gradle.launcher.daemon.bootstrap.GradleDaemon 9.4.1
java_class_path (initial): C:\Users\JONATHAN\.gradle\wrapper\dists\gradle-9.4.1-bin\arn2x92ynaizyzdaamcbpbhtj\gradle-9.4.1\lib\gradle-daemon-main-9.4.1.jar
Launcher Type: SUN_STANDARD

[Global flags]
     intx CICompilerCount                          = 4                                         {product} {ergonomic}
   size_t CompressedClassSpaceSize                 = 432013312                                 {product} {ergonomic}
     uint ConcGCThreads                            = 3                                         {product} {ergonomic}
     uint G1ConcRefinementThreads                  = 10                                        {product} {ergonomic}
   size_t G1HeapRegionSize                         = 1048576                                   {product} {ergonomic}
    uintx GCDrainStackTargetSize                   = 64                                        {product} {ergonomic}
   size_t InitialHeapSize                          = 266338304                                 {product} {ergonomic}
   size_t MarkStackSize                            = 4194304                                   {product} {ergonomic}
   size_t MaxHeapSize                              = 2147483648                                {product} {command line}
   size_t MaxMetaspaceSize                         = 536870912                                 {product} {command line}
   size_t MaxNewSize                               = 1287651328                                {product} {ergonomic}
   size_t MinHeapDeltaBytes                        = 1048576                                   {product} {ergonomic}
   size_t MinHeapSize                              = 8388608                                   {product} {ergonomic}
    uintx NonNMethodCodeHeapSize                   = 5839372                                {pd product} {ergonomic}
    uintx NonProfiledCodeHeapSize                  = 122909434                              {pd product} {ergonomic}
    uintx ProfiledCodeHeapSize                     = 122909434                              {pd product} {ergonomic}
    uintx ReservedCodeCacheSize                    = 251658240                              {pd product} {ergonomic}
     bool SegmentedCodeCache                       = true                                      {product} {ergonomic}
   size_t SoftMaxHeapSize                          = 2147483648                             {manageable} {ergonomic}
     bool UseCompressedClassPointers               = true                           {product lp64_product} {ergonomic}
     bool UseCompressedOops                        = true                           {product lp64_product} {ergonomic}
     bool UseG1GC                                  = true                                      {product} {ergonomic}
     bool UseLargePagesIndividualAllocation        = false                                  {pd product} {ergonomic}

Logging:
Log output configuration:
 #0: stdout all=warning uptime,level,tags foldmultilines=false
 #1: stderr all=off uptime,level,tags foldmultilines=false

Environment Variables:
JAVA_HOME=C:\Program Files\Java\jdk-19
PATH=D:\Qodum\node_modules\.bin;D:\Qodum\node_modules\.bin;D:\node_modules\.bin;C:\Users\JONATHAN\AppData\Roaming\npm\node_modules\npm\node_modules\@npmcli\run-script\lib\node-gyp-bin;c:\Users\JONATHAN\AppData\Roaming\Code\User\globalStorage\github.copilot-chat\debugCommand;c:\Users\JONATHAN\AppData\Roaming\Code\User\globalStorage\github.copilot-chat\copilotCli;C:\Program Files (x86)\VMware\VMware Workstation\bin\;C:\Program Files\nodejs;C:\WINDOWS\system32;C:\WINDOWS;C:\WINDOWS\System32\Wbem;C:\WINDOWS\System32\WindowsPowerShell\v1.0\;C:\WINDOWS\System32\OpenSSH\;C:\Windows\System32;C:\mingw64\bin;C:\Program Files\NVIDIA Corporation\NVIDIA App\NvDLISR;C:\Program Files (x86)\NVIDIA Corporation\PhysX\Common;C:\Program Files\dotnet\;C:\Program Files\nodejs\;C:\Program Files (x86)\Windows Kits\10\Windows Performance Toolkit\;C:\Users\JONATHAN\AppData\Local\pnpm\bin;C:\Program Files\Git\bin;C:\Program Files\Git\cmd;C:\Program Files\Java\jdk-19\bin;C:\Users\JONATHAN\AppData\Local\Android\Sdk\platform-tools;C:\Users\JONATHAN\AppData\Local\Microsoft\WindowsApps;C:\Users\JONATHAN\.fly\bin;C:\Users\JONATHAN\AppData\Local\Programs\Microsoft VS Code\bin;C:\Users\JONATHAN\AppData\Local\Microsoft\WindowsApps;C:\Users\JONATHAN\AppData\Roaming\npm;C:\Users\JONATHAN\AppData\Local\Python\bin;C:\Users\JONATHAN\AppData\Local\Android\Sdk\platform-tools;C:\Users\JONATHAN\AppData\Local\Android\Sdk\emulator;
USERNAME=JONATHAN
LANG=en_US.UTF-8
OS=Windows_NT
PROCESSOR_IDENTIFIER=Intel64 Family 6 Model 158 Stepping 10, GenuineIntel
TMP=C:\Users\JONATHAN\AppData\Local\Temp
TEMP=C:\Users\JONATHAN\AppData\Local\Temp



---------------  S Y S T E M  ---------------

OS:
 Windows 11 , 64 bit Build 26100 (10.0.26100.9444)
OS uptime: 0 days 22:39 hours
Hyper-V role detected

CPU: total 12 (initial active 12) (6 cores per cpu, 2 threads per core) family 6 model 158 stepping 10 microcode 0xf4, cx8, cmov, fxsr, ht, mmx, 3dnowpref, sse, sse2, sse3, ssse3, sse4.1, sse4.2, popcnt, lzcnt, tsc, tscinvbit, avx, avx2, aes, erms, clmul, bmi1, bmi2, adx, fma, vzeroupper, clflush, clflushopt, hv, rdtscp

Memory: 4k page, system-wide physical 16195M (1522M free)
TotalPageFile size 20291M (AvailPageFile size 334M)
current process WorkingSet (physical memory assigned to process): 1292M, peak: 1774M
current process commit charge ("private bytes"): 1620M, peak: 2096M

vm_info: Java HotSpot(TM) 64-Bit Server VM (19.0.1+10-21) for windows-amd64 JRE (19.0.1+10-21), built on 2022-09-14T12:45:06Z by "mach5one" with MS VC++ 17.1 (VS2022)

END.
