#
# There is insufficient memory for the Java Runtime Environment to continue.
# Native memory allocation (mmap) failed to map 290455552 bytes for G1 virtual space
# Possible reasons:
#   The system is out of physical RAM or swap space
#   The process is running with CompressedOops enabled, and the Java Heap may be blocking the growth of the native heap
# Possible solutions:
#   Reduce memory load on the system
#   Increase physical memory or swap space
#   Check if swap backing store is full
#   Decrease Java heap size (-Xmx/-Xms)
#   Decrease number of Java threads
#   Decrease Java thread stack sizes (-Xss)
#   Set larger code cache with -XX:ReservedCodeCacheSize=
#   JVM is running with Unscaled Compressed Oops mode in which the Java heap is
#     placed in the first 4GB address space. The Java Heap base address is the
#     maximum limit for the native heap growth. Please use -XX:HeapBaseMinAddress
#     to set the Java Heap base and to place the Java Heap above 4GB virtual address.
# This output file may be truncated or incomplete.
#
#  Out of Memory Error (os_windows.cpp:3527), pid=21956, tid=6968
#
# JRE version: Java(TM) SE Runtime Environment (19.0.1+10) (build 19.0.1+10-21)
# Java VM: Java HotSpot(TM) 64-Bit Server VM (19.0.1+10-21, mixed mode, sharing, tiered, compressed oops, compressed class ptrs, g1 gc, windows-amd64)
# No core dump will be written. Minidumps are not enabled by default on client versions of Windows
#

---------------  S U M M A R Y ------------

Command Line: --add-opens=java.base/java.lang=ALL-UNNAMED --add-opens=java.base/java.lang.invoke=ALL-UNNAMED --add-opens=java.base/java.util=ALL-UNNAMED --add-opens=java.prefs/java.util.prefs=ALL-UNNAMED --add-exports=jdk.compiler/com.sun.tools.javac.api=ALL-UNNAMED --add-exports=jdk.compiler/com.sun.tools.javac.util=ALL-UNNAMED --add-opens=java.base/java.util=ALL-UNNAMED --add-opens=java.prefs/java.util.prefs=ALL-UNNAMED --add-opens=java.base/java.nio.charset=ALL-UNNAMED --add-opens=java.base/java.net=ALL-UNNAMED --add-opens=java.base/java.util.concurrent=ALL-UNNAMED --add-opens=java.base/java.util.concurrent.atomic=ALL-UNNAMED --add-opens=java.xml/javax.xml.namespace=ALL-UNNAMED --add-opens=java.base/java.time=ALL-UNNAMED -XX:MaxMetaspaceSize=512m -Xmx2048m -Dfile.encoding=UTF-8 -Duser.country=US -Duser.language=en -Duser.variant -javaagent:C:\Users\JONATHAN\.gradle\wrapper\dists\gradle-9.4.1-bin\arn2x92ynaizyzdaamcbpbhtj\gradle-9.4.1\lib\agents\gradle-instrumentation-agent-9.4.1.jar org.gradle.launcher.daemon.bootstrap.GradleDaemon 9.4.1

Host: Intel(R) Core(TM) i7-9750H CPU @ 2.60GHz, 12 cores, 15G,  Windows 11 , 64 bit Build 26100 (10.0.26100.9444)
Time: Sun Sep 13 19:22:56 2026 Egypt Daylight Time elapsed time: 86.012809 seconds (0d 0h 1m 26s)

---------------  T H R E A D  ---------------

Current thread (0x0000013cb4d65db0):  VMThread "VM Thread" [stack: 0x0000000296900000,0x0000000296a00000] [id=6968]

Stack: [0x0000000296900000,0x0000000296a00000]
Native frames: (J=compiled Java code, j=interpreted, Vv=VM code, C=native code)
V  [jvm.dll+0x6ee8fa]
V  [jvm.dll+0x857a1e]
V  [jvm.dll+0x85940e]
V  [jvm.dll+0x859ac3]
V  [jvm.dll+0x28291f]
V  [jvm.dll+0x6eb6e9]
V  [jvm.dll+0x6e028a]
V  [jvm.dll+0x357136]
V  [jvm.dll+0x35eb96]
V  [jvm.dll+0x3b555e]
V  [jvm.dll+0x3b578f]
V  [jvm.dll+0x32c6ea]
V  [jvm.dll+0x32c797]
V  [jvm.dll+0x374b52]
V  [jvm.dll+0x37328f]
V  [jvm.dll+0x32bf10]
V  [jvm.dll+0x37282b]
V  [jvm.dll+0x85ef83]
V  [jvm.dll+0x85fd49]
V  [jvm.dll+0x86027d]
V  [jvm.dll+0x86070b]
V  [jvm.dll+0x8607c7]
V  [jvm.dll+0x8015fa]
V  [jvm.dll+0x6ed5eb]
C  [ucrtbase.dll+0x2cd30]
C  [KERNEL32.DLL+0x2cd87]
C  [ntdll.dll+0xacaec]

VM_Operation (0x000000029d6fda60): G1CollectForAllocation, mode: safepoint, requested by thread 0x0000013cc8c98200


---------------  P R O C E S S  ---------------

Threads class SMR info:
_java_thread_list=0x0000013cc7c3d020, length=103, elements={
0x0000013c95fc80b0, 0x0000013cb4d88540, 0x0000013cb4d88f70, 0x0000013cb4d8b9b0,
0x0000013cb4d8e650, 0x0000013cb4d8ef80, 0x0000013cb4d8f8b0, 0x0000013cb4d92520,
0x0000013cb4d9e3a0, 0x0000013cb4da0d20, 0x0000013cb4d54a20, 0x0000013cb5080360,
0x0000013cbb454fb0, 0x0000013cbb54b2d0, 0x0000013cba995110, 0x0000013cbaad32e0,
0x0000013cbb5d0060, 0x0000013cbb4d2060, 0x0000013cbabfaca0, 0x0000013cbabf8cc0,
0x0000013cbabf9cb0, 0x0000013cbabf9760, 0x0000013cbabf9210, 0x0000013cbabfb1f0,
0x0000013cbabfa200, 0x0000013cbabfbc90, 0x0000013cbabfb740, 0x0000013cbabf8770,
0x0000013cbc108cb0, 0x0000013cbc106230, 0x0000013cbc108210, 0x0000013cbc109750,
0x0000013cbc109ca0, 0x0000013cbc107770, 0x0000013cbc106780, 0x0000013cbc10a1f0,
0x0000013cbc10ac90, 0x0000013cbc10b730, 0x0000013cbc10bc80, 0x0000013cbe4edf60,
0x0000013cbe4ef9f0, 0x0000013cbe4eff40, 0x0000013cbe4ef4a0, 0x0000013cbe4f0490,
0x0000013cbe4f1480, 0x0000013cbe4eea00, 0x0000013cbe4f09e0, 0x0000013cbe4f0f30,
0x0000013cbe4f19d0, 0x0000013cbe4f29c0, 0x0000013cbe4eef50, 0x0000013cbe4f49a0,
0x0000013cbe4f4ef0, 0x0000013cbe4f3f00, 0x0000013cbe4f3460, 0x0000013cbe4f4450,
0x0000013cbe4f2f10, 0x0000013cbe4f5990, 0x0000013cbc10a740, 0x0000013cbc107220,
0x0000013cbdff15a0, 0x0000013cbdff2590, 0x0000013cc04d2b80, 0x0000013cc04d6b40,
0x0000013cc04d3b70, 0x0000013cc04d50b0, 0x0000013cc04d7090, 0x0000013cc04d3620,
0x0000013cc04d8b20, 0x0000013cbd77bc30, 0x0000013cbd7791b0, 0x0000013cbd779700,
0x0000013cbd77c180, 0x0000013cbd77b190, 0x0000013cbd77ac40, 0x0000013cbd779c50,
0x0000013cbd77b6e0, 0x0000013cbb7b8060, 0x0000013cbb7bdab0, 0x0000013cbb7bc020,
0x0000013cbb7beff0, 0x0000013cbb7bf540, 0x0000013cbd77ec00, 0x0000013cbd77e160,
0x0000013cbd77e6b0, 0x0000013cbd77f150, 0x0000013cbd780690, 0x0000013cc04d4610,
0x0000013cbf3a0110, 0x0000013cbf39cf00, 0x0000013cbe4f39b0, 0x0000013cbd77dc10,
0x0000013cbc10dc60, 0x0000013cbdff3030, 0x0000013cc04d75e0, 0x0000013cbe4ee4b0,
0x0000013cc8c98200, 0x0000013cc8c9a730, 0x0000013cc8c97760, 0x0000013cc8c9a1e0,
0x0000013cc8c98ca0, 0x0000013cc8c98750, 0x0000013cc8c9ac80
}

Java Threads: ( => current thread )
  0x0000013c95fc80b0 JavaThread "main" [_thread_blocked, id=24916, stack(0x0000000296300000,0x0000000296400000)]
  0x0000013cb4d88540 JavaThread "Reference Handler" daemon [_thread_blocked, id=12336, stack(0x0000000296a00000,0x0000000296b00000)]
  0x0000013cb4d88f70 JavaThread "Finalizer" daemon [_thread_blocked, id=28476, stack(0x0000000296b00000,0x0000000296c00000)]
  0x0000013cb4d8b9b0 JavaThread "Signal Dispatcher" daemon [_thread_blocked, id=11472, stack(0x0000000296c00000,0x0000000296d00000)]
  0x0000013cb4d8e650 JavaThread "Attach Listener" daemon [_thread_blocked, id=6024, stack(0x0000000296d00000,0x0000000296e00000)]
  0x0000013cb4d8ef80 JavaThread "Service Thread" daemon [_thread_blocked, id=23128, stack(0x0000000296e00000,0x0000000296f00000)]
  0x0000013cb4d8f8b0 JavaThread "Monitor Deflation Thread" daemon [_thread_blocked, id=12348, stack(0x0000000296f00000,0x0000000297000000)]
  0x0000013cb4d92520 JavaThread "C2 CompilerThread0" daemon [_thread_blocked, id=22260, stack(0x0000000297000000,0x0000000297100000)]
  0x0000013cb4d9e3a0 JavaThread "C1 CompilerThread0" daemon [_thread_blocked, id=24796, stack(0x0000000297100000,0x0000000297200000)]
  0x0000013cb4da0d20 JavaThread "Sweeper thread" daemon [_thread_blocked, id=4452, stack(0x0000000297200000,0x0000000297300000)]
  0x0000013cb4d54a20 JavaThread "Common-Cleaner" daemon [_thread_blocked, id=12212, stack(0x0000000297300000,0x0000000297400000)]
  0x0000013cb5080360 JavaThread "Notification Thread" daemon [_thread_blocked, id=6512, stack(0x0000000297400000,0x0000000297500000)]
  0x0000013cbb454fb0 JavaThread "Daemon health stats" [_thread_blocked, id=13944, stack(0x0000000297d00000,0x0000000297e00000)]
  0x0000013cbb54b2d0 JavaThread "Incoming local TCP Connector on port 58923" [_thread_in_native, id=18540, stack(0x0000000297e00000,0x0000000297f00000)]
  0x0000013cba995110 JavaThread "Daemon periodic checks" [_thread_blocked, id=23144, stack(0x0000000297f00000,0x0000000298000000)]
  0x0000013cbaad32e0 JavaThread "Daemon" [_thread_blocked, id=26772, stack(0x0000000298000000,0x0000000298100000)]
  0x0000013cbb5d0060 JavaThread "Handler for socket connection from /127.0.0.1:58923 to /127.0.0.1:58924" [_thread_in_native, id=12320, stack(0x0000000298100000,0x0000000298200000)]
  0x0000013cbb4d2060 JavaThread "Cancel handler" [_thread_blocked, id=3512, stack(0x0000000298200000,0x0000000298300000)]
  0x0000013cbabfaca0 JavaThread "Daemon worker" [_thread_blocked, id=22844, stack(0x0000000298300000,0x0000000298400000)]
  0x0000013cbabf8cc0 JavaThread "Asynchronous log dispatcher for DefaultDaemonConnection: socket connection from /127.0.0.1:58923 to /127.0.0.1:58924" [_thread_blocked, id=22148, stack(0x0000000298400000,0x0000000298500000)]
  0x0000013cbabf9cb0 JavaThread "Stdin handler" [_thread_blocked, id=3448, stack(0x0000000298500000,0x0000000298600000)]
  0x0000013cbabf9760 JavaThread "Daemon client event forwarder" [_thread_blocked, id=24948, stack(0x0000000298600000,0x0000000298700000)]
  0x0000013cbabf9210 JavaThread "Cache worker for journal cache (C:\Users\JONATHAN\.gradle\caches\journal-1)" [_thread_blocked, id=3244, stack(0x0000000298700000,0x0000000298800000)]
  0x0000013cbabfb1f0 JavaThread "File lock request listener" [_thread_in_native, id=18556, stack(0x0000000298800000,0x0000000298900000)]
  0x0000013cbabfa200 JavaThread "Cache worker for file hash cache (C:\Users\JONATHAN\.gradle\caches\9.4.1\fileHashes)" [_thread_blocked, id=25536, stack(0x0000000298900000,0x0000000298a00000)]
  0x0000013cbabfbc90 JavaThread "Cache worker for file hash cache (D:\Qodum\android\.gradle\9.4.1\fileHashes)" [_thread_blocked, id=27492, stack(0x0000000299000000,0x0000000299100000)]
  0x0000013cbabfb740 JavaThread "Cache worker for Build Output Cleanup Cache (D:\Qodum\android\.gradle\buildOutputCleanup)" [_thread_blocked, id=17148, stack(0x0000000299100000,0x0000000299200000)]
  0x0000013cbabf8770 JavaThread "File watcher server" daemon [_thread_blocked, id=27636, stack(0x0000000299200000,0x0000000299300000)]
  0x0000013cbc108cb0 JavaThread "File watcher consumer" daemon [_thread_blocked, id=16288, stack(0x0000000299300000,0x0000000299400000)]
  0x0000013cbc106230 JavaThread "Cache worker for file content cache (C:\Users\JONATHAN\.gradle\caches\9.4.1\fileContent)" [_thread_blocked, id=12044, stack(0x0000000299400000,0x0000000299500000)]
  0x0000013cbc108210 JavaThread "Cache worker for checksums cache (D:\Qodum\android\.gradle\9.4.1\checksums)" [_thread_blocked, id=16884, stack(0x0000000299500000,0x0000000299600000)]
  0x0000013cbc109750 JavaThread "Cache worker for cache directory md-supplier (C:\Users\JONATHAN\.gradle\caches\9.4.1\md-supplier)" [_thread_blocked, id=26768, stack(0x0000000299600000,0x0000000299700000)]
  0x0000013cbc109ca0 JavaThread "Cache worker for cache directory md-rule (C:\Users\JONATHAN\.gradle\caches\9.4.1\md-rule)" [_thread_blocked, id=8216, stack(0x0000000299700000,0x0000000299800000)]
  0x0000013cbc107770 JavaThread "jar transforms" [_thread_blocked, id=24616, stack(0x0000000299800000,0x0000000299900000)]
  0x0000013cbc106780 JavaThread "Cache worker for Build Output Cleanup Cache (D:\Qodum\node_modules\@react-native\gradle-plugin\.gradle\buildOutputCleanup)" [_thread_blocked, id=440, stack(0x0000000299900000,0x0000000299a00000)]
  0x0000013cbc10a1f0 JavaThread "Build operations" [_thread_blocked, id=21612, stack(0x0000000299a00000,0x0000000299b00000)]
  0x0000013cbc10ac90 JavaThread "Build operations Thread 2" [_thread_blocked, id=28576, stack(0x0000000299b00000,0x0000000299c00000)]
  0x0000013cbc10b730 JavaThread "build event listener" [_thread_blocked, id=27180, stack(0x0000000299c00000,0x0000000299d00000)]
  0x0000013cbc10bc80 JavaThread "Memory manager" [_thread_blocked, id=18592, stack(0x0000000297700000,0x0000000297800000)]
  0x0000013cbe4edf60 JavaThread "ForkJoinPool.commonPool-worker-1" daemon [_thread_blocked, id=10724, stack(0x0000000299d00000,0x0000000299e00000)]
  0x0000013cbe4ef9f0 JavaThread "ForkJoinPool.commonPool-worker-2" daemon [_thread_blocked, id=25300, stack(0x0000000299e00000,0x0000000299f00000)]
  0x0000013cbe4eff40 JavaThread "ForkJoinPool.commonPool-worker-3" daemon [_thread_blocked, id=17420, stack(0x0000000299f00000,0x000000029a000000)]
  0x0000013cbe4ef4a0 JavaThread "ForkJoinPool.commonPool-worker-4" daemon [_thread_blocked, id=25040, stack(0x000000029a000000,0x000000029a100000)]
  0x0000013cbe4f0490 JavaThread "ForkJoinPool.commonPool-worker-5" daemon [_thread_blocked, id=2116, stack(0x000000029a100000,0x000000029a200000)]
  0x0000013cbe4f1480 JavaThread "ForkJoinPool.commonPool-worker-6" daemon [_thread_blocked, id=14028, stack(0x000000029a200000,0x000000029a300000)]
  0x0000013cbe4eea00 JavaThread "ForkJoinPool.commonPool-worker-7" daemon [_thread_blocked, id=16820, stack(0x000000029a300000,0x000000029a400000)]
  0x0000013cbe4f09e0 JavaThread "ForkJoinPool.commonPool-worker-8" daemon [_thread_blocked, id=22920, stack(0x000000029a400000,0x000000029a500000)]
  0x0000013cbe4f0f30 JavaThread "ForkJoinPool.commonPool-worker-9" daemon [_thread_blocked, id=4472, stack(0x000000029a500000,0x000000029a600000)]
  0x0000013cbe4f19d0 JavaThread "ForkJoinPool.commonPool-worker-10" daemon [_thread_blocked, id=14356, stack(0x000000029a600000,0x000000029a700000)]
  0x0000013cbe4f29c0 JavaThread "included builds" [_thread_blocked, id=18204, stack(0x0000000297600000,0x0000000297700000)]
  0x0000013cbe4eef50 JavaThread "Execution worker" [_thread_blocked, id=5912, stack(0x000000029aa00000,0x000000029ab00000)]
  0x0000013cbe4f49a0 JavaThread "Cache worker for execution history cache (D:\Qodum\node_modules\@react-native\gradle-plugin\.gradle\9.4.1\executionHistory)" [_thread_blocked, id=3272, stack(0x000000029ab00000,0x000000029ac00000)]
  0x0000013cbe4f4ef0 JavaThread "jar transforms Thread 2" [_thread_blocked, id=26988, stack(0x000000029ae00000,0x000000029af00000)]
  0x0000013cbe4f3f00 JavaThread "Exec process" [_thread_blocked, id=24120, stack(0x000000029af00000,0x000000029b000000)]
  0x0000013cbe4f3460 JavaThread "Exec process Thread 2" [_thread_blocked, id=27152, stack(0x000000029b000000,0x000000029b100000)]
  0x0000013cbe4f4450 JavaThread "Exec process Thread 3" [_thread_blocked, id=2536, stack(0x000000029b100000,0x000000029b200000)]
  0x0000013cbe4f2f10 JavaThread "jar transforms Thread 3" [_thread_blocked, id=25120, stack(0x000000029ac00000,0x000000029ad00000)]
  0x0000013cbe4f5990 JavaThread "jar transforms Thread 4" [_thread_blocked, id=25852, stack(0x000000029b300000,0x000000029b400000)]
  0x0000013cbc10a740 JavaThread "jar transforms Thread 5" [_thread_blocked, id=21548, stack(0x000000029b400000,0x000000029b500000)]
  0x0000013cbc107220 JavaThread "jar transforms Thread 6" [_thread_blocked, id=16376, stack(0x000000029b500000,0x000000029b600000)]
  0x0000013cbdff15a0 JavaThread "build event listener" [_thread_blocked, id=21084, stack(0x000000029b600000,0x000000029b700000)]
  0x0000013cbdff2590 JavaThread "Problems report writer" [_thread_blocked, id=8336, stack(0x000000029b700000,0x000000029b800000)]
  0x0000013cc04d2b80 JavaThread "jar transforms Thread 7" [_thread_blocked, id=23576, stack(0x000000029b200000,0x000000029b300000)]
  0x0000013cc04d6b40 JavaThread "jar transforms Thread 8" [_thread_blocked, id=25624, stack(0x000000029b800000,0x000000029b900000)]
  0x0000013cc04d3b70 JavaThread "jar transforms Thread 9" [_thread_blocked, id=25672, stack(0x000000029b900000,0x000000029ba00000)]
  0x0000013cc04d50b0 JavaThread "jar transforms Thread 10" [_thread_blocked, id=15340, stack(0x000000029bb00000,0x000000029bc00000)]
  0x0000013cc04d7090 JavaThread "jar transforms Thread 11" [_thread_blocked, id=24344, stack(0x000000029bc00000,0x000000029bd00000)]
  0x0000013cc04d3620 JavaThread "jar transforms Thread 12" [_thread_blocked, id=9196, stack(0x000000029bd00000,0x000000029be00000)]
  0x0000013cc04d8b20 JavaThread "ForkJoinPool.commonPool-worker-11" daemon [_thread_blocked, id=27972, stack(0x000000029be00000,0x000000029bf00000)]
  0x0000013cbd77bc30 JavaThread "Unconstrained build operations" [_thread_blocked, id=8724, stack(0x000000029ad00000,0x000000029ae00000)]
  0x0000013cbd7791b0 JavaThread "Unconstrained build operations Thread 2" [_thread_blocked, id=10388, stack(0x000000029ba00000,0x000000029bb00000)]
  0x0000013cbd779700 JavaThread "Unconstrained build operations Thread 3" [_thread_blocked, id=10092, stack(0x000000029c400000,0x000000029c500000)]
  0x0000013cbd77c180 JavaThread "Unconstrained build operations Thread 4" [_thread_blocked, id=28336, stack(0x000000029c500000,0x000000029c600000)]
  0x0000013cbd77b190 JavaThread "Unconstrained build operations Thread 5" [_thread_blocked, id=28096, stack(0x000000029c600000,0x000000029c700000)]
  0x0000013cbd77ac40 JavaThread "Unconstrained build operations Thread 6" [_thread_blocked, id=27824, stack(0x000000029c700000,0x000000029c800000)]
  0x0000013cbd779c50 JavaThread "Unconstrained build operations Thread 7" [_thread_blocked, id=3496, stack(0x000000029c800000,0x000000029c900000)]
  0x0000013cbd77b6e0 JavaThread "Unconstrained build operations Thread 8" [_thread_blocked, id=13488, stack(0x000000029c900000,0x000000029ca00000)]
  0x0000013cbb7b8060 JavaThread "pool-4-thread-1" [_thread_blocked, id=11248, stack(0x0000000296000000,0x0000000296100000)]
  0x0000013cbb7bdab0 JavaThread "build event listener" [_thread_blocked, id=23536, stack(0x0000000296100000,0x0000000296200000)]
  0x0000013cbb7bc020 JavaThread "Cache worker for execution history cache (D:\Qodum\android\.gradle\9.4.1\executionHistory)" [_thread_blocked, id=8932, stack(0x0000000296200000,0x0000000296300000)]
  0x0000013cbb7beff0 JavaThread "WorkerExecutor Queue" [_thread_blocked, id=19752, stack(0x000000029cb00000,0x000000029cc00000)]
  0x0000013cbb7bf540 JavaThread "WorkerExecutor Queue Thread 2" [_thread_blocked, id=14196, stack(0x000000029cc00000,0x000000029cd00000)]
  0x0000013cbd77ec00 JavaThread "RMI Scheduler(0)" daemon [_thread_blocked, id=11584, stack(0x000000029cd00000,0x000000029ce00000)]
  0x0000013cbd77e160 JavaThread "RMI GC Daemon" daemon [_thread_blocked, id=25320, stack(0x000000029cf00000,0x000000029d000000)]
  0x0000013cbd77e6b0 JavaThread "RMI TCP Accept-0" daemon [_thread_in_native, id=6856, stack(0x000000029d000000,0x000000029d100000)]
  0x0000013cbd77f150 JavaThread "RMI Reaper" [_thread_blocked, id=25472, stack(0x000000029d100000,0x000000029d200000)]
  0x0000013cbd780690 JavaThread "RMI TCP Connection(1)-127.0.0.1" daemon [_thread_in_native, id=4752, stack(0x000000029d200000,0x000000029d300000)]
  0x0000013cc04d4610 JavaThread "Cache worker for Java compile cache (C:\Users\JONATHAN\.gradle\caches\9.4.1\javaCompile)" [_thread_blocked, id=25824, stack(0x000000029a700000,0x000000029a800000)]
  0x0000013cbf3a0110 JavaThread "C2 CompilerThread1" daemon [_thread_blocked, id=23640, stack(0x000000029a800000,0x000000029a900000)]
  0x0000013cbf39cf00 JavaThread "C2 CompilerThread2" daemon [_thread_blocked, id=25968, stack(0x000000029a900000,0x000000029aa00000)]
  0x0000013cbe4f39b0 JavaThread "Exec process Thread 4" [_thread_blocked, id=23024, stack(0x000000029d300000,0x000000029d400000)]
  0x0000013cbd77dc10 JavaThread "ForkJoinPool-1-worker-1" daemon [_thread_blocked, id=28444, stack(0x000000029c200000,0x000000029c300000)]
  0x0000013cbc10dc60 JavaThread "ForkJoinPool-1-worker-2" daemon [_thread_blocked, id=24512, stack(0x000000029c300000,0x000000029c400000)]
  0x0000013cbdff3030 JavaThread "ForkJoinPool-1-worker-3" daemon [_thread_blocked, id=7280, stack(0x000000029ce00000,0x000000029cf00000)]
  0x0000013cc04d75e0 JavaThread "ForkJoinPool-1-worker-4" daemon [_thread_blocked, id=19008, stack(0x000000029d400000,0x000000029d500000)]
  0x0000013cbe4ee4b0 JavaThread "ForkJoinPool-1-worker-5" daemon [_thread_blocked, id=5892, stack(0x000000029d500000,0x000000029d600000)]
  0x0000013cc8c98200 JavaThread "ForkJoinPool-1-worker-6" daemon [_thread_blocked, id=12512, stack(0x000000029d600000,0x000000029d700000)]
  0x0000013cc8c9a730 JavaThread "ForkJoinPool-1-worker-7" daemon [_thread_blocked, id=9812, stack(0x000000029d700000,0x000000029d800000)]
  0x0000013cc8c97760 JavaThread "ForkJoinPool-1-worker-8" daemon [_thread_blocked, id=7508, stack(0x000000029d800000,0x000000029d900000)]
  0x0000013cc8c9a1e0 JavaThread "ForkJoinPool-1-worker-9" daemon [_thread_blocked, id=23896, stack(0x000000029d900000,0x000000029da00000)]
  0x0000013cc8c98ca0 JavaThread "ForkJoinPool-1-worker-10" daemon [_thread_blocked, id=19420, stack(0x000000029da00000,0x000000029db00000)]
  0x0000013cc8c98750 JavaThread "ForkJoinPool-1-worker-11" daemon [_thread_blocked, id=10628, stack(0x000000029db00000,0x000000029dc00000)]
  0x0000013cc8c9ac80 JavaThread "ForkJoinPool-1-worker-12" daemon [_thread_blocked, id=19232, stack(0x000000029dc00000,0x000000029dd00000)]

Other Threads:
=>0x0000013cb4d65db0 VMThread "VM Thread" [stack: 0x0000000296900000,0x0000000296a00000] [id=6968]
  0x0000013c95fc8be0 WatcherThread "VM Periodic Task Thread" [stack: 0x0000000297500000,0x0000000297600000] [id=9224]
  0x0000013c96028850 WorkerThread "GC Thread#0" [stack: 0x0000000296400000,0x0000000296500000] [id=20880]
  0x0000013cba0fa4c0 WorkerThread "GC Thread#1" [stack: 0x0000000297800000,0x0000000297900000] [id=20396]
  0x0000013cba0fbb40 WorkerThread "GC Thread#2" [stack: 0x0000000297900000,0x0000000297a00000] [id=9444]
  0x0000013cba0fa790 WorkerThread "GC Thread#3" [stack: 0x0000000297a00000,0x0000000297b00000] [id=17740]
  0x0000013cba0fbe10 WorkerThread "GC Thread#4" [stack: 0x0000000297b00000,0x0000000297c00000] [id=2600]
  0x0000013cba0fb2d0 WorkerThread "GC Thread#5" [stack: 0x0000000297c00000,0x0000000297d00000] [id=24812]
  0x0000013cba956ba0 WorkerThread "GC Thread#6" [stack: 0x0000000298a00000,0x0000000298b00000] [id=21588]
  0x0000013cba956e70 WorkerThread "GC Thread#7" [stack: 0x0000000298b00000,0x0000000298c00000] [id=21636]
  0x0000013cba9587c0 WorkerThread "GC Thread#8" [stack: 0x0000000298c00000,0x0000000298d00000] [id=18040]
  0x0000013cba958a90 WorkerThread "GC Thread#9" [stack: 0x0000000298d00000,0x0000000298e00000] [id=27344]
  0x0000013c9603a570 ConcurrentGCThread "G1 Main Marker" [stack: 0x0000000296500000,0x0000000296600000] [id=23524]
  0x0000013c9603ba60 WorkerThread "G1 Conc#0" [stack: 0x0000000296600000,0x0000000296700000] [id=24060]
  0x0000013cba9576e0 WorkerThread "G1 Conc#1" [stack: 0x0000000298e00000,0x0000000298f00000] [id=20508]
  0x0000013cba9598a0 WorkerThread "G1 Conc#2" [stack: 0x0000000298f00000,0x0000000299000000] [id=26140]
  0x0000013cb4ca3930 ConcurrentGCThread "G1 Refine#0" [stack: 0x0000000296700000,0x0000000296800000] [id=28580]
  0x0000013cb4ca4220 ConcurrentGCThread "G1 Service" [stack: 0x0000000296800000,0x0000000296900000] [id=28312]

Threads with active compile tasks:
C2 CompilerThread0    86064 32520       4       com.android.tools.r8.internal.vg0::a (65 bytes)
C2 CompilerThread1    86064 32453       4       com.android.tools.r8.dex.z::a (880 bytes)
C2 CompilerThread2    86064 32418 %     4       com.android.tools.r8.dex.z::a @ 293 (1018 bytes)

VM state: at safepoint (normal execution)

VM Mutex/Monitor currently owned by a thread:  ([mutex/lock_event])
[0x0000013c95fc69a0] Threads_lock - owner thread: 0x0000013cb4d65db0
[0x0000013c95fc55f0] Heap_lock - owner thread: 0x0000013cc8c98200

Heap address: 0x0000000080000000, size: 2048 MB, Compressed Oops mode: 32-bit

CDS archive(s) mapped at: [0x0000000800000000-0x0000000800c40000-0x0000000800c40000), size 12845056, SharedBaseAddress: 0x0000000800000000, ArchiveRelocationMode: 0.
Compressed class space mapped at: 0x0000000801000000-0x000000081ac00000, reserved size: 432013312
Narrow klass base: 0x0000000800000000, Narrow klass shift: 0, Narrow klass range: 0x100000000

GC Precious Log:
 CardTable entry size: 512
 Card Set container configuration: InlinePtr #cards 5 size 8 Array Of Cards #cards 12 size 40 Howl #buckets 4 coarsen threshold 1843 Howl Bitmap #cards 512 size 80 coarsen threshold 460 Card regions per heap region 1 cards per card region 2048
 CPUs: 12 total, 12 available
 Memory: 16195M
 Large Page Support: Disabled
 NUMA Support: Disabled
 Compressed Oops: Enabled (32-bit)
 Heap Region Size: 1M
 Heap Min Capacity: 8M
 Heap Initial Capacity: 254M
 Heap Max Capacity: 2G
 Pre-touch: Disabled
 Parallel Workers: 10
 Concurrent Workers: 3
 Concurrent Refinement Workers: 10
 Periodic GC: Disabled

Heap:
 garbage-first heap   total 683008K, used 390713K [0x0000000080000000, 0x0000000100000000)
  region size 1024K, 15 young (15360K), 15 survivors (15360K)
 Metaspace       used 188260K, committed 191552K, reserved 618496K
  class space    used 24467K, committed 26176K, reserved 421888K

Heap Regions: E=young(eden), S=young(survivor), O=old, HS=humongous(starts), HC=humongous(continues), CS=collection set, F=free, OA=open archive, CA=closed archive, TAMS=top-at-mark-start (previous, next)
|   0|0x0000000080000000, 0x0000000080100000, 0x0000000080100000|100%|HS|  |TAMS 0x0000000080100000, 0x0000000080000000| Complete 
|   1|0x0000000080100000, 0x0000000080200000, 0x0000000080200000|100%|HC|  |TAMS 0x0000000080200000, 0x0000000080100000| Complete 
|   2|0x0000000080200000, 0x0000000080300000, 0x0000000080300000|100%|HC|  |TAMS 0x0000000080300000, 0x0000000080200000| Complete 
|   3|0x0000000080300000, 0x0000000080400000, 0x0000000080400000|100%|HC|  |TAMS 0x0000000080400000, 0x0000000080300000| Complete 
|   4|0x0000000080400000, 0x0000000080500000, 0x0000000080500000|100%| O|  |TAMS 0x0000000080500000, 0x0000000080400000| Untracked 
|   5|0x0000000080500000, 0x0000000080600000, 0x0000000080600000|100%| O|  |TAMS 0x0000000080600000, 0x0000000080500000| Untracked 
|   6|0x0000000080600000, 0x0000000080700000, 0x0000000080700000|100%| O|  |TAMS 0x0000000080700000, 0x0000000080600000| Untracked 
|   7|0x0000000080700000, 0x0000000080800000, 0x0000000080800000|100%| O|  |TAMS 0x0000000080800000, 0x0000000080700000| Untracked 
|   8|0x0000000080800000, 0x0000000080900000, 0x0000000080900000|100%| O|  |TAMS 0x0000000080900000, 0x0000000080800000| Untracked 
|   9|0x0000000080900000, 0x0000000080a00000, 0x0000000080a00000|100%|HS|  |TAMS 0x0000000080a00000, 0x0000000080900000| Complete 
|  10|0x0000000080a00000, 0x0000000080b00000, 0x0000000080b00000|100%| O|  |TAMS 0x0000000080b00000, 0x0000000080a00000| Untracked 
|  11|0x0000000080b00000, 0x0000000080c00000, 0x0000000080c00000|100%| O|  |TAMS 0x0000000080c00000, 0x0000000080b00000| Untracked 
|  12|0x0000000080c00000, 0x0000000080d00000, 0x0000000080d00000|100%| O|  |TAMS 0x0000000080d00000, 0x0000000080c00000| Untracked 
|  13|0x0000000080d00000, 0x0000000080e00000, 0x0000000080e00000|100%| O|  |TAMS 0x0000000080e00000, 0x0000000080d00000| Untracked 
|  14|0x0000000080e00000, 0x0000000080f00000, 0x0000000080f00000|100%| O|  |TAMS 0x0000000080f00000, 0x0000000080e00000| Untracked 
|  15|0x0000000080f00000, 0x0000000081000000, 0x0000000081000000|100%| O|  |TAMS 0x0000000081000000, 0x0000000080f00000| Untracked 
|  16|0x0000000081000000, 0x0000000081100000, 0x0000000081100000|100%| O|  |TAMS 0x0000000081100000, 0x0000000081000000| Untracked 
|  17|0x0000000081100000, 0x0000000081200000, 0x0000000081200000|100%| O|  |TAMS 0x0000000081200000, 0x0000000081100000| Untracked 
|  18|0x0000000081200000, 0x0000000081300000, 0x0000000081300000|100%| O|  |TAMS 0x0000000081300000, 0x0000000081200000| Untracked 
|  19|0x0000000081300000, 0x0000000081400000, 0x0000000081400000|100%| O|  |TAMS 0x0000000081400000, 0x0000000081300000| Untracked 
|  20|0x0000000081400000, 0x0000000081500000, 0x0000000081500000|100%| O|  |TAMS 0x0000000081500000, 0x0000000081400000| Untracked 
|  21|0x0000000081500000, 0x0000000081600000, 0x0000000081600000|100%| O|  |TAMS 0x0000000081600000, 0x0000000081500000| Untracked 
|  22|0x0000000081600000, 0x0000000081700000, 0x0000000081700000|100%| O|  |TAMS 0x0000000081700000, 0x0000000081600000| Untracked 
|  23|0x0000000081700000, 0x0000000081800000, 0x0000000081800000|100%| O|  |TAMS 0x0000000081800000, 0x0000000081700000| Untracked 
|  24|0x0000000081800000, 0x0000000081900000, 0x0000000081900000|100%| O|  |TAMS 0x0000000081900000, 0x0000000081800000| Untracked 
|  25|0x0000000081900000, 0x0000000081a00000, 0x0000000081a00000|100%| O|  |TAMS 0x0000000081a00000, 0x0000000081900000| Untracked 
|  26|0x0000000081a00000, 0x0000000081b00000, 0x0000000081b00000|100%| O|  |TAMS 0x0000000081b00000, 0x0000000081a00000| Untracked 
|  27|0x0000000081b00000, 0x0000000081c00000, 0x0000000081c00000|100%| O|  |TAMS 0x0000000081c00000, 0x0000000081b00000| Untracked 
|  28|0x0000000081c00000, 0x0000000081d00000, 0x0000000081d00000|100%| O|  |TAMS 0x0000000081d00000, 0x0000000081c00000| Untracked 
|  29|0x0000000081d00000, 0x0000000081e00000, 0x0000000081e00000|100%| O|  |TAMS 0x0000000081e00000, 0x0000000081d00000| Untracked 
|  30|0x0000000081e00000, 0x0000000081f00000, 0x0000000081f00000|100%| O|  |TAMS 0x0000000081f00000, 0x0000000081e00000| Untracked 
|  31|0x0000000081f00000, 0x0000000082000000, 0x0000000082000000|100%| O|  |TAMS 0x0000000082000000, 0x0000000081f00000| Untracked 
|  32|0x0000000082000000, 0x0000000082100000, 0x0000000082100000|100%| O|  |TAMS 0x0000000082100000, 0x0000000082000000| Untracked 
|  33|0x0000000082100000, 0x0000000082200000, 0x0000000082200000|100%| O|  |TAMS 0x0000000082200000, 0x0000000082100000| Untracked 
|  34|0x0000000082200000, 0x0000000082300000, 0x0000000082300000|100%| O|  |TAMS 0x0000000082300000, 0x0000000082200000| Updating 
|  35|0x0000000082300000, 0x0000000082400000, 0x0000000082400000|100%| O|  |TAMS 0x0000000082400000, 0x0000000082300000| Untracked 
|  36|0x0000000082400000, 0x0000000082500000, 0x0000000082500000|100%| O|  |TAMS 0x0000000082500000, 0x0000000082400000| Untracked 
|  37|0x0000000082500000, 0x0000000082600000, 0x0000000082600000|100%| O|  |TAMS 0x0000000082600000, 0x0000000082500000| Untracked 
|  38|0x0000000082600000, 0x0000000082700000, 0x0000000082700000|100%| O|  |TAMS 0x0000000082700000, 0x0000000082600000| Untracked 
|  39|0x0000000082700000, 0x0000000082800000, 0x0000000082800000|100%| O|  |TAMS 0x0000000082800000, 0x0000000082700000| Untracked 
|  40|0x0000000082800000, 0x0000000082900000, 0x0000000082900000|100%| O|  |TAMS 0x0000000082900000, 0x0000000082800000| Updating 
|  41|0x0000000082900000, 0x0000000082a00000, 0x0000000082a00000|100%|HS|  |TAMS 0x0000000082a00000, 0x0000000082900000| Complete 
|  42|0x0000000082a00000, 0x0000000082b00000, 0x0000000082b00000|100%|HC|  |TAMS 0x0000000082b00000, 0x0000000082a00000| Complete 
|  43|0x0000000082b00000, 0x0000000082c00000, 0x0000000082c00000|100%|HS|  |TAMS 0x0000000082c00000, 0x0000000082b00000| Complete 
|  44|0x0000000082c00000, 0x0000000082d00000, 0x0000000082d00000|100%|HC|  |TAMS 0x0000000082d00000, 0x0000000082c00000| Complete 
|  45|0x0000000082d00000, 0x0000000082e00000, 0x0000000082e00000|100%| O|  |TAMS 0x0000000082e00000, 0x0000000082d00000| Untracked 
|  46|0x0000000082e00000, 0x0000000082f00000, 0x0000000082f00000|100%| O|  |TAMS 0x0000000082f00000, 0x0000000082e00000| Untracked 
|  47|0x0000000082f00000, 0x0000000083000000, 0x0000000083000000|100%| O|  |TAMS 0x0000000083000000, 0x0000000082f00000| Updating 
|  48|0x0000000083000000, 0x0000000083100000, 0x0000000083100000|100%| O|  |TAMS 0x0000000083100000, 0x0000000083000000| Untracked 
|  49|0x0000000083100000, 0x0000000083200000, 0x0000000083200000|100%| O|  |TAMS 0x0000000083200000, 0x0000000083100000| Untracked 
|  50|0x0000000083200000, 0x0000000083300000, 0x0000000083300000|100%| O|  |TAMS 0x0000000083300000, 0x0000000083200000| Untracked 
|  51|0x0000000083300000, 0x0000000083400000, 0x0000000083400000|100%| O|  |TAMS 0x0000000083400000, 0x0000000083300000| Untracked 
|  52|0x0000000083400000, 0x0000000083500000, 0x0000000083500000|100%| O|  |TAMS 0x0000000083500000, 0x0000000083400000| Untracked 
|  53|0x0000000083500000, 0x0000000083600000, 0x0000000083600000|100%| O|  |TAMS 0x0000000083600000, 0x0000000083500000| Untracked 
|  54|0x0000000083600000, 0x0000000083700000, 0x0000000083700000|100%| O|  |TAMS 0x0000000083700000, 0x0000000083600000| Untracked 
|  55|0x0000000083700000, 0x0000000083800000, 0x0000000083800000|100%| O|  |TAMS 0x0000000083800000, 0x0000000083700000| Untracked 
|  56|0x0000000083800000, 0x0000000083900000, 0x0000000083900000|100%| O|  |TAMS 0x0000000083900000, 0x0000000083800000| Untracked 
|  57|0x0000000083900000, 0x0000000083a00000, 0x0000000083a00000|100%| O|  |TAMS 0x0000000083a00000, 0x0000000083900000| Untracked 
|  58|0x0000000083a00000, 0x0000000083b00000, 0x0000000083b00000|100%| O|  |TAMS 0x0000000083b00000, 0x0000000083a00000| Untracked 
|  59|0x0000000083b00000, 0x0000000083c00000, 0x0000000083c00000|100%| O|  |TAMS 0x0000000083c00000, 0x0000000083b00000| Untracked 
|  60|0x0000000083c00000, 0x0000000083d00000, 0x0000000083d00000|100%| O|  |TAMS 0x0000000083c00000, 0x0000000083c00000| Untracked 
|  61|0x0000000083d00000, 0x0000000083e00000, 0x0000000083e00000|100%| O|  |TAMS 0x0000000083e00000, 0x0000000083d00000| Untracked 
|  62|0x0000000083e00000, 0x0000000083f00000, 0x0000000083f00000|100%| O|  |TAMS 0x0000000083f00000, 0x0000000083e00000| Untracked 
|  63|0x0000000083f00000, 0x0000000084000000, 0x0000000084000000|100%| O|  |TAMS 0x0000000084000000, 0x0000000083f00000| Untracked 
|  64|0x0000000084000000, 0x0000000084100000, 0x0000000084100000|100%| O|  |TAMS 0x0000000084100000, 0x0000000084000000| Untracked 
|  65|0x0000000084100000, 0x0000000084200000, 0x0000000084200000|100%| O|  |TAMS 0x0000000084200000, 0x0000000084100000| Updating 
|  66|0x0000000084200000, 0x0000000084300000, 0x0000000084300000|100%| O|  |TAMS 0x0000000084300000, 0x0000000084200000| Untracked 
|  67|0x0000000084300000, 0x0000000084400000, 0x0000000084400000|100%|HS|  |TAMS 0x0000000084400000, 0x0000000084300000| Complete 
|  68|0x0000000084400000, 0x0000000084500000, 0x0000000084500000|100%|HS|  |TAMS 0x0000000084500000, 0x0000000084400000| Complete 
|  69|0x0000000084500000, 0x0000000084600000, 0x0000000084600000|100%|HC|  |TAMS 0x0000000084600000, 0x0000000084500000| Complete 
|  70|0x0000000084600000, 0x0000000084700000, 0x0000000084700000|100%|HS|  |TAMS 0x0000000084700000, 0x0000000084600000| Complete 
|  71|0x0000000084700000, 0x0000000084800000, 0x0000000084800000|100%|HS|  |TAMS 0x0000000084800000, 0x0000000084700000| Complete 
|  72|0x0000000084800000, 0x0000000084900000, 0x0000000084900000|100%|HS|  |TAMS 0x0000000084900000, 0x0000000084800000| Complete 
|  73|0x0000000084900000, 0x0000000084a00000, 0x0000000084a00000|100%|HS|  |TAMS 0x0000000084a00000, 0x0000000084900000| Complete 
|  74|0x0000000084a00000, 0x0000000084b00000, 0x0000000084b00000|100%|HS|  |TAMS 0x0000000084b00000, 0x0000000084a00000| Complete 
|  75|0x0000000084b00000, 0x0000000084c00000, 0x0000000084c00000|100%| O|  |TAMS 0x0000000084c00000, 0x0000000084b00000| Untracked 
|  76|0x0000000084c00000, 0x0000000084d00000, 0x0000000084d00000|100%| O|  |TAMS 0x0000000084d00000, 0x0000000084c00000| Untracked 
|  77|0x0000000084d00000, 0x0000000084e00000, 0x0000000084e00000|100%| O|  |TAMS 0x0000000084e00000, 0x0000000084d00000| Updating 
|  78|0x0000000084e00000, 0x0000000084f00000, 0x0000000084f00000|100%| O|  |TAMS 0x0000000084f00000, 0x0000000084e00000| Untracked 
|  79|0x0000000084f00000, 0x0000000085000000, 0x0000000085000000|100%| O|  |TAMS 0x0000000085000000, 0x0000000084f00000| Untracked 
|  80|0x0000000085000000, 0x0000000085100000, 0x0000000085100000|100%| O|  |TAMS 0x0000000085100000, 0x0000000085000000| Updating 
|  81|0x0000000085100000, 0x0000000085200000, 0x0000000085200000|100%| O|  |TAMS 0x0000000085200000, 0x0000000085100000| Untracked 
|  82|0x0000000085200000, 0x0000000085300000, 0x0000000085300000|100%| O|  |TAMS 0x0000000085300000, 0x0000000085200000| Untracked 
|  83|0x0000000085300000, 0x0000000085400000, 0x0000000085400000|100%| O|  |TAMS 0x0000000085400000, 0x0000000085300000| Updating 
|  84|0x0000000085400000, 0x0000000085500000, 0x0000000085500000|100%| O|  |TAMS 0x0000000085500000, 0x0000000085400000| Updating 
|  85|0x0000000085500000, 0x0000000085600000, 0x0000000085600000|100%| O|  |TAMS 0x0000000085600000, 0x0000000085500000| Untracked 
|  86|0x0000000085600000, 0x0000000085700000, 0x0000000085700000|100%| O|  |TAMS 0x0000000085700000, 0x0000000085600000| Untracked 
|  87|0x0000000085700000, 0x0000000085800000, 0x0000000085800000|100%| O|  |TAMS 0x0000000085800000, 0x0000000085700000| Updating 
|  88|0x0000000085800000, 0x0000000085900000, 0x0000000085900000|100%| O|  |TAMS 0x0000000085900000, 0x0000000085800000| Untracked 
|  89|0x0000000085900000, 0x0000000085a00000, 0x0000000085a00000|100%| O|  |TAMS 0x0000000085a00000, 0x0000000085900000| Untracked 
|  90|0x0000000085a00000, 0x0000000085b00000, 0x0000000085b00000|100%|HS|  |TAMS 0x0000000085b00000, 0x0000000085a00000| Complete 
|  91|0x0000000085b00000, 0x0000000085c00000, 0x0000000085c00000|100%| O|  |TAMS 0x0000000085c00000, 0x0000000085b00000| Untracked 
|  92|0x0000000085c00000, 0x0000000085d00000, 0x0000000085d00000|100%|HS|  |TAMS 0x0000000085d00000, 0x0000000085c00000| Complete 
|  93|0x0000000085d00000, 0x0000000085e00000, 0x0000000085e00000|100%|HC|  |TAMS 0x0000000085e00000, 0x0000000085d00000| Complete 
|  94|0x0000000085e00000, 0x0000000085f00000, 0x0000000085f00000|100%| O|  |TAMS 0x0000000085f00000, 0x0000000085e00000| Untracked 
|  95|0x0000000085f00000, 0x0000000086000000, 0x0000000086000000|100%| O|  |TAMS 0x0000000086000000, 0x0000000085f00000| Untracked 
|  96|0x0000000086000000, 0x0000000086100000, 0x0000000086100000|100%| O|  |TAMS 0x0000000086100000, 0x0000000086000000| Untracked 
|  97|0x0000000086100000, 0x0000000086200000, 0x0000000086200000|100%| O|  |TAMS 0x0000000086200000, 0x0000000086100000| Untracked 
|  98|0x0000000086200000, 0x0000000086300000, 0x0000000086300000|100%| O|  |TAMS 0x0000000086300000, 0x0000000086200000| Untracked 
|  99|0x0000000086300000, 0x0000000086400000, 0x0000000086400000|100%| O|  |TAMS 0x0000000086400000, 0x0000000086300000| Untracked 
| 100|0x0000000086400000, 0x0000000086500000, 0x0000000086500000|100%| O|  |TAMS 0x0000000086500000, 0x0000000086400000| Untracked 
| 101|0x0000000086500000, 0x0000000086600000, 0x0000000086600000|100%| O|  |TAMS 0x0000000086600000, 0x0000000086500000| Updating 
| 102|0x0000000086600000, 0x0000000086700000, 0x0000000086700000|100%| O|  |TAMS 0x0000000086700000, 0x0000000086600000| Untracked 
| 103|0x0000000086700000, 0x0000000086800000, 0x0000000086800000|100%| O|  |TAMS 0x0000000086800000, 0x0000000086700000| Untracked 
| 104|0x0000000086800000, 0x0000000086900000, 0x0000000086900000|100%| O|  |TAMS 0x0000000086900000, 0x0000000086800000| Updating 
| 105|0x0000000086900000, 0x0000000086a00000, 0x0000000086a00000|100%| O|  |TAMS 0x0000000086a00000, 0x0000000086900000| Untracked 
| 106|0x0000000086a00000, 0x0000000086b00000, 0x0000000086b00000|100%| O|  |TAMS 0x0000000086b00000, 0x0000000086a00000| Untracked 
| 107|0x0000000086b00000, 0x0000000086c00000, 0x0000000086c00000|100%| O|  |TAMS 0x0000000086c00000, 0x0000000086b00000| Untracked 
| 108|0x0000000086c00000, 0x0000000086d00000, 0x0000000086d00000|100%| O|  |TAMS 0x0000000086c00000, 0x0000000086c00000| Untracked 
| 109|0x0000000086d00000, 0x0000000086e00000, 0x0000000086e00000|100%| O|  |TAMS 0x0000000086e00000, 0x0000000086d00000| Untracked 
| 110|0x0000000086e00000, 0x0000000086f00000, 0x0000000086f00000|100%| O|  |TAMS 0x0000000086f00000, 0x0000000086e00000| Updating 
| 111|0x0000000086f00000, 0x0000000087000000, 0x0000000087000000|100%| O|  |TAMS 0x0000000087000000, 0x0000000086f00000| Untracked 
| 112|0x0000000087000000, 0x0000000087100000, 0x0000000087100000|100%| O|  |TAMS 0x0000000087100000, 0x0000000087000000| Updating 
| 113|0x0000000087100000, 0x0000000087200000, 0x0000000087200000|100%| O|  |TAMS 0x0000000087200000, 0x0000000087100000| Untracked 
| 114|0x0000000087200000, 0x0000000087300000, 0x0000000087300000|100%| O|  |TAMS 0x0000000087300000, 0x0000000087200000| Untracked 
| 115|0x0000000087300000, 0x0000000087400000, 0x0000000087400000|100%| O|  |TAMS 0x0000000087400000, 0x0000000087300000| Updating 
| 116|0x0000000087400000, 0x0000000087500000, 0x0000000087500000|100%| O|  |TAMS 0x0000000087500000, 0x0000000087400000| Updating 
| 117|0x0000000087500000, 0x0000000087600000, 0x0000000087600000|100%|HS|  |TAMS 0x0000000087600000, 0x0000000087500000| Complete 
| 118|0x0000000087600000, 0x0000000087700000, 0x0000000087700000|100%|HS|  |TAMS 0x0000000087700000, 0x0000000087600000| Complete 
| 119|0x0000000087700000, 0x0000000087800000, 0x0000000087800000|100%|HS|  |TAMS 0x0000000087800000, 0x0000000087700000| Complete 
| 120|0x0000000087800000, 0x0000000087900000, 0x0000000087900000|100%|HS|  |TAMS 0x0000000087900000, 0x0000000087800000| Complete 
| 121|0x0000000087900000, 0x0000000087a00000, 0x0000000087a00000|100%| O|  |TAMS 0x0000000087a00000, 0x0000000087900000| Untracked 
| 122|0x0000000087a00000, 0x0000000087b00000, 0x0000000087b00000|100%| O|  |TAMS 0x0000000087b00000, 0x0000000087a00000| Untracked 
| 123|0x0000000087b00000, 0x0000000087c00000, 0x0000000087c00000|100%| O|  |TAMS 0x0000000087c00000, 0x0000000087b00000| Updating 
| 124|0x0000000087c00000, 0x0000000087d00000, 0x0000000087d00000|100%| O|  |TAMS 0x0000000087d00000, 0x0000000087c00000| Updating 
| 125|0x0000000087d00000, 0x0000000087e00000, 0x0000000087e00000|100%| O|  |TAMS 0x0000000087e00000, 0x0000000087d00000| Untracked 
| 126|0x0000000087e00000, 0x0000000087f00000, 0x0000000087f00000|100%| O|  |TAMS 0x0000000087f00000, 0x0000000087e00000| Untracked 
| 127|0x0000000087f00000, 0x0000000088000000, 0x0000000088000000|100%| O|  |TAMS 0x0000000088000000, 0x0000000087f00000| Untracked 
| 128|0x0000000088000000, 0x0000000088100000, 0x0000000088100000|100%| O|  |TAMS 0x0000000088100000, 0x0000000088000000| Untracked 
| 129|0x0000000088100000, 0x0000000088200000, 0x0000000088200000|100%| O|  |TAMS 0x0000000088200000, 0x0000000088100000| Untracked 
| 130|0x0000000088200000, 0x0000000088300000, 0x0000000088300000|100%| O|  |TAMS 0x0000000088300000, 0x0000000088200000| Updating 
| 131|0x0000000088300000, 0x0000000088400000, 0x0000000088400000|100%| O|  |TAMS 0x0000000088400000, 0x0000000088300000| Untracked 
| 132|0x0000000088400000, 0x0000000088500000, 0x0000000088500000|100%| O|  |TAMS 0x0000000088500000, 0x0000000088400000| Updating 
| 133|0x0000000088500000, 0x0000000088600000, 0x0000000088600000|100%| O|  |TAMS 0x0000000088600000, 0x0000000088500000| Updating 
| 134|0x0000000088600000, 0x0000000088700000, 0x0000000088700000|100%| O|  |TAMS 0x0000000088700000, 0x0000000088600000| Updating 
| 135|0x0000000088700000, 0x0000000088800000, 0x0000000088800000|100%| O|  |TAMS 0x0000000088800000, 0x0000000088700000| Untracked 
| 136|0x0000000088800000, 0x0000000088900000, 0x0000000088900000|100%| O|  |TAMS 0x0000000088900000, 0x0000000088800000| Updating 
| 137|0x0000000088900000, 0x0000000088a00000, 0x0000000088a00000|100%| O|  |TAMS 0x0000000088a00000, 0x0000000088900000| Untracked 
| 138|0x0000000088a00000, 0x0000000088b00000, 0x0000000088b00000|100%| O|  |TAMS 0x0000000088b00000, 0x0000000088a00000| Untracked 
| 139|0x0000000088b00000, 0x0000000088c00000, 0x0000000088c00000|100%| O|  |TAMS 0x0000000088c00000, 0x0000000088b00000| Untracked 
| 140|0x0000000088c00000, 0x0000000088d00000, 0x0000000088d00000|100%| O|  |TAMS 0x0000000088d00000, 0x0000000088c00000| Untracked 
| 141|0x0000000088d00000, 0x0000000088e00000, 0x0000000088e00000|100%| O|  |TAMS 0x0000000088e00000, 0x0000000088d00000| Untracked 
| 142|0x0000000088e00000, 0x0000000088f00000, 0x0000000088f00000|100%| O|  |TAMS 0x0000000088f00000, 0x0000000088e00000| Updating 
| 143|0x0000000088f00000, 0x0000000089000000, 0x0000000089000000|100%| O|  |TAMS 0x0000000089000000, 0x0000000088f00000| Untracked 
| 144|0x0000000089000000, 0x0000000089100000, 0x0000000089100000|100%| O|  |TAMS 0x0000000089100000, 0x0000000089000000| Updating 
| 145|0x0000000089100000, 0x0000000089200000, 0x0000000089200000|100%| O|  |TAMS 0x0000000089200000, 0x0000000089100000| Untracked 
| 146|0x0000000089200000, 0x0000000089300000, 0x0000000089300000|100%| O|  |TAMS 0x0000000089300000, 0x0000000089200000| Untracked 
| 147|0x0000000089300000, 0x0000000089400000, 0x0000000089400000|100%| O|  |TAMS 0x0000000089400000, 0x0000000089300000| Updating 
| 148|0x0000000089400000, 0x0000000089500000, 0x0000000089500000|100%| O|  |TAMS 0x0000000089500000, 0x0000000089400000| Updating 
| 149|0x0000000089500000, 0x0000000089600000, 0x0000000089600000|100%| O|  |TAMS 0x0000000089600000, 0x0000000089500000| Updating 
| 150|0x0000000089600000, 0x0000000089700000, 0x0000000089700000|100%| O|  |TAMS 0x0000000089700000, 0x0000000089600000| Untracked 
| 151|0x0000000089700000, 0x0000000089800000, 0x0000000089800000|100%| O|  |TAMS 0x0000000089800000, 0x0000000089700000| Untracked 
| 152|0x0000000089800000, 0x0000000089900000, 0x0000000089900000|100%| O|  |TAMS 0x0000000089900000, 0x0000000089800000| Untracked 
| 153|0x0000000089900000, 0x0000000089a00000, 0x0000000089a00000|100%| O|  |TAMS 0x0000000089a00000, 0x0000000089900000| Updating 
| 154|0x0000000089a00000, 0x0000000089b00000, 0x0000000089b00000|100%| O|  |TAMS 0x0000000089b00000, 0x0000000089a00000| Untracked 
| 155|0x0000000089b00000, 0x0000000089c00000, 0x0000000089c00000|100%| O|  |TAMS 0x0000000089c00000, 0x0000000089b00000| Updating 
| 156|0x0000000089c00000, 0x0000000089d00000, 0x0000000089d00000|100%| O|  |TAMS 0x0000000089d00000, 0x0000000089c00000| Untracked 
| 157|0x0000000089d00000, 0x0000000089e00000, 0x0000000089e00000|100%| O|  |TAMS 0x0000000089e00000, 0x0000000089d00000| Untracked 
| 158|0x0000000089e00000, 0x0000000089f00000, 0x0000000089f00000|100%| O|  |TAMS 0x0000000089f00000, 0x0000000089e00000| Untracked 
| 159|0x0000000089f00000, 0x000000008a000000, 0x000000008a000000|100%| O|  |TAMS 0x000000008a000000, 0x0000000089f00000| Updating 
| 160|0x000000008a000000, 0x000000008a100000, 0x000000008a100000|100%| O|  |TAMS 0x000000008a100000, 0x000000008a000000| Untracked 
| 161|0x000000008a100000, 0x000000008a200000, 0x000000008a200000|100%| O|  |TAMS 0x000000008a200000, 0x000000008a100000| Untracked 
| 162|0x000000008a200000, 0x000000008a300000, 0x000000008a300000|100%| O|  |TAMS 0x000000008a300000, 0x000000008a200000| Untracked 
| 163|0x000000008a300000, 0x000000008a400000, 0x000000008a400000|100%| O|  |TAMS 0x000000008a400000, 0x000000008a300000| Untracked 
| 164|0x000000008a400000, 0x000000008a500000, 0x000000008a500000|100%| O|  |TAMS 0x000000008a500000, 0x000000008a400000| Untracked 
| 165|0x000000008a500000, 0x000000008a600000, 0x000000008a600000|100%| O|  |TAMS 0x000000008a600000, 0x000000008a500000| Untracked 
| 166|0x000000008a600000, 0x000000008a700000, 0x000000008a700000|100%| O|  |TAMS 0x000000008a700000, 0x000000008a600000| Updating 
| 167|0x000000008a700000, 0x000000008a800000, 0x000000008a800000|100%| O|  |TAMS 0x000000008a800000, 0x000000008a700000| Updating 
| 168|0x000000008a800000, 0x000000008a900000, 0x000000008a900000|100%| O|  |TAMS 0x000000008a900000, 0x000000008a800000| Untracked 
| 169|0x000000008a900000, 0x000000008aa00000, 0x000000008aa00000|100%| O|  |TAMS 0x000000008aa00000, 0x000000008a900000| Untracked 
| 170|0x000000008aa00000, 0x000000008ab00000, 0x000000008ab00000|100%| O|  |TAMS 0x000000008ab00000, 0x000000008aa00000| Untracked 
| 171|0x000000008ab00000, 0x000000008ac00000, 0x000000008ac00000|100%| O|  |TAMS 0x000000008ac00000, 0x000000008ab00000| Untracked 
| 172|0x000000008ac00000, 0x000000008ad00000, 0x000000008ad00000|100%| O|  |TAMS 0x000000008ad00000, 0x000000008ac00000| Untracked 
| 173|0x000000008ad00000, 0x000000008ae00000, 0x000000008ae00000|100%| O|  |TAMS 0x000000008ae00000, 0x000000008ad00000| Untracked 
| 174|0x000000008ae00000, 0x000000008af00000, 0x000000008af00000|100%| O|  |TAMS 0x000000008af00000, 0x000000008ae00000| Untracked 
| 175|0x000000008af00000, 0x000000008b000000, 0x000000008b000000|100%| O|  |TAMS 0x000000008b000000, 0x000000008af00000| Untracked 
| 176|0x000000008b000000, 0x000000008b100000, 0x000000008b100000|100%| O|  |TAMS 0x000000008b100000, 0x000000008b000000| Updating 
| 177|0x000000008b100000, 0x000000008b200000, 0x000000008b200000|100%| O|  |TAMS 0x000000008b200000, 0x000000008b100000| Untracked 
| 178|0x000000008b200000, 0x000000008b300000, 0x000000008b300000|100%| O|  |TAMS 0x000000008b300000, 0x000000008b200000| Untracked 
| 179|0x000000008b300000, 0x000000008b400000, 0x000000008b400000|100%| O|  |TAMS 0x000000008b400000, 0x000000008b300000| Updating 
| 180|0x000000008b400000, 0x000000008b500000, 0x000000008b500000|100%| O|  |TAMS 0x000000008b500000, 0x000000008b400000| Untracked 
| 181|0x000000008b500000, 0x000000008b600000, 0x000000008b600000|100%| O|  |TAMS 0x000000008b600000, 0x000000008b500000| Updating 
| 182|0x000000008b600000, 0x000000008b700000, 0x000000008b700000|100%| O|  |TAMS 0x000000008b700000, 0x000000008b600000| Untracked 
| 183|0x000000008b700000, 0x000000008b800000, 0x000000008b800000|100%| O|  |TAMS 0x000000008b800000, 0x000000008b700000| Updating 
| 184|0x000000008b800000, 0x000000008b900000, 0x000000008b900000|100%| O|  |TAMS 0x000000008b900000, 0x000000008b800000| Updating 
| 185|0x000000008b900000, 0x000000008ba00000, 0x000000008ba00000|100%| O|  |TAMS 0x000000008ba00000, 0x000000008b900000| Updating 
| 186|0x000000008ba00000, 0x000000008bb00000, 0x000000008bb00000|100%| O|  |TAMS 0x000000008bb00000, 0x000000008ba00000| Updating 
| 187|0x000000008bb00000, 0x000000008bc00000, 0x000000008bc00000|100%| O|  |TAMS 0x000000008bc00000, 0x000000008bb00000| Updating 
| 188|0x000000008bc00000, 0x000000008bd00000, 0x000000008bd00000|100%| O|  |TAMS 0x000000008bd00000, 0x000000008bc00000| Updating 
| 189|0x000000008bd00000, 0x000000008be00000, 0x000000008be00000|100%| O|  |TAMS 0x000000008be00000, 0x000000008bd00000| Updating 
| 190|0x000000008be00000, 0x000000008bf00000, 0x000000008bf00000|100%| O|  |TAMS 0x000000008bf00000, 0x000000008be00000| Untracked 
| 191|0x000000008bf00000, 0x000000008c000000, 0x000000008c000000|100%| O|  |TAMS 0x000000008c000000, 0x000000008bf00000| Updating 
| 192|0x000000008c000000, 0x000000008c100000, 0x000000008c100000|100%| O|  |TAMS 0x000000008c100000, 0x000000008c000000| Untracked 
| 193|0x000000008c100000, 0x000000008c200000, 0x000000008c200000|100%| O|  |TAMS 0x000000008c200000, 0x000000008c100000| Untracked 
| 194|0x000000008c200000, 0x000000008c300000, 0x000000008c300000|100%| O|  |TAMS 0x000000008c300000, 0x000000008c200000| Untracked 
| 195|0x000000008c300000, 0x000000008c400000, 0x000000008c400000|100%|HS|  |TAMS 0x000000008c300000, 0x000000008c300000| Complete 
| 196|0x000000008c400000, 0x000000008c500000, 0x000000008c500000|100%|HC|  |TAMS 0x000000008c400000, 0x000000008c400000| Complete 
| 197|0x000000008c500000, 0x000000008c600000, 0x000000008c600000|100%| O|  |TAMS 0x000000008c600000, 0x000000008c500000| Untracked 
| 198|0x000000008c600000, 0x000000008c700000, 0x000000008c700000|100%| O|  |TAMS 0x000000008c700000, 0x000000008c600000| Untracked 
| 199|0x000000008c700000, 0x000000008c800000, 0x000000008c800000|100%| O|  |TAMS 0x000000008c800000, 0x000000008c700000| Untracked 
| 200|0x000000008c800000, 0x000000008c900000, 0x000000008c900000|100%|HS|  |TAMS 0x000000008c900000, 0x000000008c800000| Complete 
| 201|0x000000008c900000, 0x000000008ca00000, 0x000000008ca00000|100%|HC|  |TAMS 0x000000008ca00000, 0x000000008c900000| Complete 
| 202|0x000000008ca00000, 0x000000008cb00000, 0x000000008cb00000|100%|HC|  |TAMS 0x000000008cb00000, 0x000000008ca00000| Complete 
| 203|0x000000008cb00000, 0x000000008cc00000, 0x000000008cc00000|100%| O|  |TAMS 0x000000008cc00000, 0x000000008cb00000| Untracked 
| 204|0x000000008cc00000, 0x000000008cd00000, 0x000000008cd00000|100%| O|  |TAMS 0x000000008cd00000, 0x000000008cc00000| Untracked 
| 205|0x000000008cd00000, 0x000000008ce00000, 0x000000008ce00000|100%| O|  |TAMS 0x000000008ce00000, 0x000000008cd00000| Untracked 
| 206|0x000000008ce00000, 0x000000008cf00000, 0x000000008cf00000|100%| O|  |TAMS 0x000000008cf00000, 0x000000008ce00000| Untracked 
| 207|0x000000008cf00000, 0x000000008d000000, 0x000000008d000000|100%| O|  |TAMS 0x000000008d000000, 0x000000008cf00000| Untracked 
| 208|0x000000008d000000, 0x000000008d100000, 0x000000008d100000|100%| O|  |TAMS 0x000000008d100000, 0x000000008d000000| Untracked 
| 209|0x000000008d100000, 0x000000008d200000, 0x000000008d200000|100%| O|  |TAMS 0x000000008d200000, 0x000000008d100000| Untracked 
| 210|0x000000008d200000, 0x000000008d300000, 0x000000008d300000|100%| O|  |TAMS 0x000000008d300000, 0x000000008d200000| Untracked 
| 211|0x000000008d300000, 0x000000008d400000, 0x000000008d400000|100%| O|  |TAMS 0x000000008d400000, 0x000000008d300000| Untracked 
| 212|0x000000008d400000, 0x000000008d500000, 0x000000008d500000|100%| O|  |TAMS 0x000000008d500000, 0x000000008d400000| Updating 
| 213|0x000000008d500000, 0x000000008d600000, 0x000000008d600000|100%| O|  |TAMS 0x000000008d600000, 0x000000008d500000| Untracked 
| 214|0x000000008d600000, 0x000000008d700000, 0x000000008d700000|100%| O|  |TAMS 0x000000008d700000, 0x000000008d600000| Untracked 
| 215|0x000000008d700000, 0x000000008d800000, 0x000000008d800000|100%| O|  |TAMS 0x000000008d800000, 0x000000008d700000| Untracked 
| 216|0x000000008d800000, 0x000000008d900000, 0x000000008d900000|100%| O|  |TAMS 0x000000008d900000, 0x000000008d800000| Updating 
| 217|0x000000008d900000, 0x000000008da00000, 0x000000008da00000|100%| O|  |TAMS 0x000000008da00000, 0x000000008d900000| Updating 
| 218|0x000000008da00000, 0x000000008db00000, 0x000000008db00000|100%| O|  |TAMS 0x000000008db00000, 0x000000008da00000| Untracked 
| 219|0x000000008db00000, 0x000000008dc00000, 0x000000008dc00000|100%| O|  |TAMS 0x000000008dc00000, 0x000000008db00000| Untracked 
| 220|0x000000008dc00000, 0x000000008dd00000, 0x000000008dd00000|100%| O|  |TAMS 0x000000008dd00000, 0x000000008dc00000| Untracked 
| 221|0x000000008dd00000, 0x000000008de00000, 0x000000008de00000|100%| O|  |TAMS 0x000000008de00000, 0x000000008dd00000| Untracked 
| 222|0x000000008de00000, 0x000000008df00000, 0x000000008df00000|100%| O|  |TAMS 0x000000008df00000, 0x000000008de00000| Updating 
| 223|0x000000008df00000, 0x000000008e000000, 0x000000008e000000|100%| O|  |TAMS 0x000000008e000000, 0x000000008df00000| Updating 
| 224|0x000000008e000000, 0x000000008e100000, 0x000000008e100000|100%| O|  |TAMS 0x000000008e100000, 0x000000008e000000| Updating 
| 225|0x000000008e100000, 0x000000008e200000, 0x000000008e200000|100%| O|  |TAMS 0x000000008e200000, 0x000000008e100000| Updating 
| 226|0x000000008e200000, 0x000000008e300000, 0x000000008e300000|100%| O|  |TAMS 0x000000008e200000, 0x000000008e200000| Untracked 
| 227|0x000000008e300000, 0x000000008e400000, 0x000000008e400000|100%| O|  |TAMS 0x000000008e300000, 0x000000008e300000| Untracked 
| 228|0x000000008e400000, 0x000000008e500000, 0x000000008e500000|100%| O|  |TAMS 0x000000008e400000, 0x000000008e400000| Untracked 
| 229|0x000000008e500000, 0x000000008e600000, 0x000000008e600000|100%| O|  |TAMS 0x000000008e500000, 0x000000008e500000| Untracked 
| 230|0x000000008e600000, 0x000000008e700000, 0x000000008e700000|100%| O|  |TAMS 0x000000008e600000, 0x000000008e600000| Untracked 
| 231|0x000000008e700000, 0x000000008e800000, 0x000000008e800000|100%| O|  |TAMS 0x000000008e800000, 0x000000008e700000| Updating 
| 232|0x000000008e800000, 0x000000008e900000, 0x000000008e900000|100%| O|  |TAMS 0x000000008e900000, 0x000000008e800000| Updating 
| 233|0x000000008e900000, 0x000000008ea00000, 0x000000008ea00000|100%| O|  |TAMS 0x000000008ea00000, 0x000000008e900000| Updating 
| 234|0x000000008ea00000, 0x000000008eb00000, 0x000000008eb00000|100%| O|  |TAMS 0x000000008eb00000, 0x000000008ea00000| Updating 
| 235|0x000000008eb00000, 0x000000008ec00000, 0x000000008ec00000|100%| O|  |TAMS 0x000000008eb00000, 0x000000008eb00000| Untracked 
| 236|0x000000008ec00000, 0x000000008ed00000, 0x000000008ed00000|100%| O|  |TAMS 0x000000008ec00000, 0x000000008ec00000| Untracked 
| 237|0x000000008ed00000, 0x000000008ee00000, 0x000000008ee00000|100%| O|  |TAMS 0x000000008ed00000, 0x000000008ed00000| Untracked 
| 238|0x000000008ee00000, 0x000000008ef00000, 0x000000008ef00000|100%| O|  |TAMS 0x000000008ee00000, 0x000000008ee00000| Untracked 
| 239|0x000000008ef00000, 0x000000008f000000, 0x000000008f000000|100%|HS|  |TAMS 0x000000008f000000, 0x000000008ef00000| Complete 
| 240|0x000000008f000000, 0x000000008f100000, 0x000000008f100000|100%|HC|  |TAMS 0x000000008f100000, 0x000000008f000000| Complete 
| 241|0x000000008f100000, 0x000000008f200000, 0x000000008f200000|100%|HC|  |TAMS 0x000000008f200000, 0x000000008f100000| Complete 
| 242|0x000000008f200000, 0x000000008f300000, 0x000000008f300000|100%|HS|  |TAMS 0x000000008f300000, 0x000000008f200000| Complete 
| 243|0x000000008f300000, 0x000000008f400000, 0x000000008f400000|100%|HC|  |TAMS 0x000000008f400000, 0x000000008f300000| Complete 
| 244|0x000000008f400000, 0x000000008f500000, 0x000000008f500000|100%|HS|  |TAMS 0x000000008f500000, 0x000000008f400000| Complete 
| 245|0x000000008f500000, 0x000000008f600000, 0x000000008f600000|100%|HS|  |TAMS 0x000000008f600000, 0x000000008f500000| Complete 
| 246|0x000000008f600000, 0x000000008f700000, 0x000000008f700000|100%|HS|  |TAMS 0x000000008f700000, 0x000000008f600000| Complete 
| 247|0x000000008f700000, 0x000000008f800000, 0x000000008f800000|100%|HS|  |TAMS 0x000000008f800000, 0x000000008f700000| Complete 
| 248|0x000000008f800000, 0x000000008f900000, 0x000000008f900000|100%|HS|  |TAMS 0x000000008f900000, 0x000000008f800000| Complete 
| 249|0x000000008f900000, 0x000000008fa00000, 0x000000008fa00000|100%|HC|  |TAMS 0x000000008fa00000, 0x000000008f900000| Complete 
| 250|0x000000008fa00000, 0x000000008fb00000, 0x000000008fb00000|100%|HS|  |TAMS 0x000000008fb00000, 0x000000008fa00000| Complete 
| 251|0x000000008fb00000, 0x000000008fc00000, 0x000000008fc00000|100%|HS|  |TAMS 0x000000008fc00000, 0x000000008fb00000| Complete 
| 252|0x000000008fc00000, 0x000000008fd00000, 0x000000008fd00000|100%|HS|  |TAMS 0x000000008fd00000, 0x000000008fc00000| Complete 
| 253|0x000000008fd00000, 0x000000008fe00000, 0x000000008fe00000|100%|HC|  |TAMS 0x000000008fe00000, 0x000000008fd00000| Complete 
| 254|0x000000008fe00000, 0x000000008ff00000, 0x000000008ff00000|100%|HS|  |TAMS 0x000000008ff00000, 0x000000008fe00000| Complete 
| 255|0x000000008ff00000, 0x0000000090000000, 0x0000000090000000|100%|HC|  |TAMS 0x0000000090000000, 0x000000008ff00000| Complete 
| 256|0x0000000090000000, 0x0000000090100000, 0x0000000090100000|100%|HS|  |TAMS 0x0000000090100000, 0x0000000090000000| Complete 
| 257|0x0000000090100000, 0x0000000090200000, 0x0000000090200000|100%|HC|  |TAMS 0x0000000090200000, 0x0000000090100000| Complete 
| 258|0x0000000090200000, 0x0000000090300000, 0x0000000090300000|100%|HC|  |TAMS 0x0000000090300000, 0x0000000090200000| Complete 
| 259|0x0000000090300000, 0x0000000090400000, 0x0000000090400000|100%|HS|  |TAMS 0x0000000090400000, 0x0000000090300000| Complete 
| 260|0x0000000090400000, 0x0000000090500000, 0x0000000090500000|100%|HC|  |TAMS 0x0000000090500000, 0x0000000090400000| Complete 
| 261|0x0000000090500000, 0x0000000090600000, 0x0000000090600000|100%| O|  |TAMS 0x0000000090600000, 0x0000000090500000| Untracked 
| 262|0x0000000090600000, 0x0000000090700000, 0x0000000090700000|100%|HS|  |TAMS 0x0000000090700000, 0x0000000090600000| Complete 
| 263|0x0000000090700000, 0x0000000090800000, 0x0000000090800000|100%| O|  |TAMS 0x0000000090800000, 0x0000000090700000| Untracked 
| 264|0x0000000090800000, 0x0000000090900000, 0x0000000090900000|100%|HS|  |TAMS 0x0000000090900000, 0x0000000090800000| Complete 
| 265|0x0000000090900000, 0x0000000090a00000, 0x0000000090a00000|100%|HS|  |TAMS 0x0000000090a00000, 0x0000000090900000| Complete 
| 266|0x0000000090a00000, 0x0000000090b00000, 0x0000000090b00000|100%|HC|  |TAMS 0x0000000090b00000, 0x0000000090a00000| Complete 
| 267|0x0000000090b00000, 0x0000000090c00000, 0x0000000090c00000|100%|HC|  |TAMS 0x0000000090c00000, 0x0000000090b00000| Complete 
| 268|0x0000000090c00000, 0x0000000090d00000, 0x0000000090d00000|100%|HS|  |TAMS 0x0000000090d00000, 0x0000000090c00000| Complete 
| 269|0x0000000090d00000, 0x0000000090e00000, 0x0000000090e00000|100%|HC|  |TAMS 0x0000000090e00000, 0x0000000090d00000| Complete 
| 270|0x0000000090e00000, 0x0000000090f00000, 0x0000000090f00000|100%| O|  |TAMS 0x0000000090f00000, 0x0000000090e00000| Untracked 
| 271|0x0000000090f00000, 0x0000000091000000, 0x0000000091000000|100%| O|  |TAMS 0x0000000091000000, 0x0000000090f00000| Untracked 
| 272|0x0000000091000000, 0x0000000091100000, 0x0000000091100000|100%|HS|  |TAMS 0x0000000091100000, 0x0000000091000000| Complete 
| 273|0x0000000091100000, 0x0000000091200000, 0x0000000091200000|100%| O|  |TAMS 0x0000000091200000, 0x0000000091100000| Untracked 
| 274|0x0000000091200000, 0x0000000091300000, 0x0000000091300000|100%|HS|  |TAMS 0x0000000091300000, 0x0000000091200000| Complete 
| 275|0x0000000091300000, 0x0000000091400000, 0x0000000091400000|100%| O|  |TAMS 0x0000000091400000, 0x0000000091300000| Untracked 
| 276|0x0000000091400000, 0x0000000091500000, 0x0000000091500000|100%| O|  |TAMS 0x0000000091500000, 0x0000000091400000| Untracked 
| 277|0x0000000091500000, 0x0000000091600000, 0x0000000091600000|100%| O|  |TAMS 0x0000000091600000, 0x0000000091500000| Updating 
| 278|0x0000000091600000, 0x0000000091700000, 0x0000000091700000|100%|HS|  |TAMS 0x0000000091700000, 0x0000000091600000| Complete 
| 279|0x0000000091700000, 0x0000000091800000, 0x0000000091800000|100%|HC|  |TAMS 0x0000000091800000, 0x0000000091700000| Complete 
| 280|0x0000000091800000, 0x0000000091900000, 0x0000000091900000|100%| O|  |TAMS 0x0000000091900000, 0x0000000091800000| Untracked 
| 281|0x0000000091900000, 0x0000000091a00000, 0x0000000091a00000|100%|HS|  |TAMS 0x0000000091a00000, 0x0000000091900000| Complete 
| 282|0x0000000091a00000, 0x0000000091b00000, 0x0000000091b00000|100%| O|  |TAMS 0x0000000091a00000, 0x0000000091a00000| Untracked 
| 283|0x0000000091b00000, 0x0000000091c00000, 0x0000000091c00000|100%|HS|  |TAMS 0x0000000091c00000, 0x0000000091b00000| Complete 
| 284|0x0000000091c00000, 0x0000000091d00000, 0x0000000091d00000|100%|HS|  |TAMS 0x0000000091d00000, 0x0000000091c00000| Complete 
| 285|0x0000000091d00000, 0x0000000091e00000, 0x0000000091e00000|100%|HC|  |TAMS 0x0000000091e00000, 0x0000000091d00000| Complete 
| 286|0x0000000091e00000, 0x0000000091f00000, 0x0000000091f00000|100%|HS|  |TAMS 0x0000000091f00000, 0x0000000091e00000| Complete 
| 287|0x0000000091f00000, 0x0000000092000000, 0x0000000092000000|100%|HS|  |TAMS 0x0000000092000000, 0x0000000091f00000| Complete 
| 288|0x0000000092000000, 0x0000000092100000, 0x0000000092100000|100%|HC|  |TAMS 0x0000000092100000, 0x0000000092000000| Complete 
| 289|0x0000000092100000, 0x0000000092200000, 0x0000000092200000|100%| O|  |TAMS 0x0000000092200000, 0x0000000092100000| Untracked 
| 290|0x0000000092200000, 0x0000000092300000, 0x0000000092300000|100%| O|  |TAMS 0x0000000092300000, 0x0000000092200000| Untracked 
| 291|0x0000000092300000, 0x0000000092400000, 0x0000000092400000|100%| O|  |TAMS 0x0000000092400000, 0x0000000092300000| Untracked 
| 292|0x0000000092400000, 0x0000000092500000, 0x0000000092500000|100%| O|  |TAMS 0x0000000092500000, 0x0000000092400000| Untracked 
| 293|0x0000000092500000, 0x0000000092600000, 0x0000000092600000|100%| O|  |TAMS 0x0000000092600000, 0x0000000092500000| Untracked 
| 294|0x0000000092600000, 0x0000000092700000, 0x0000000092700000|100%| O|  |TAMS 0x0000000092700000, 0x0000000092600000| Untracked 
| 295|0x0000000092700000, 0x0000000092800000, 0x0000000092800000|100%| O|  |TAMS 0x0000000092800000, 0x0000000092700000| Untracked 
| 296|0x0000000092800000, 0x0000000092900000, 0x0000000092900000|100%| O|  |TAMS 0x0000000092900000, 0x0000000092800000| Untracked 
| 297|0x0000000092900000, 0x0000000092a00000, 0x0000000092a00000|100%| O|  |TAMS 0x0000000092a00000, 0x0000000092900000| Untracked 
| 298|0x0000000092a00000, 0x0000000092b00000, 0x0000000092b00000|100%| O|  |TAMS 0x0000000092b00000, 0x0000000092a00000| Untracked 
| 299|0x0000000092b00000, 0x0000000092c00000, 0x0000000092c00000|100%|HS|  |TAMS 0x0000000092c00000, 0x0000000092b00000| Complete 
| 300|0x0000000092c00000, 0x0000000092d00000, 0x0000000092d00000|100%|HC|  |TAMS 0x0000000092d00000, 0x0000000092c00000| Complete 
| 301|0x0000000092d00000, 0x0000000092e00000, 0x0000000092e00000|100%|HC|  |TAMS 0x0000000092e00000, 0x0000000092d00000| Complete 
| 302|0x0000000092e00000, 0x0000000092f00000, 0x0000000092f00000|100%| O|  |TAMS 0x0000000092f00000, 0x0000000092e00000| Untracked 
| 303|0x0000000092f00000, 0x0000000093000000, 0x0000000093000000|100%| O|  |TAMS 0x0000000093000000, 0x0000000092f00000| Untracked 
| 304|0x0000000093000000, 0x0000000093100000, 0x0000000093100000|100%| O|  |TAMS 0x0000000093100000, 0x0000000093000000| Untracked 
| 305|0x0000000093100000, 0x0000000093200000, 0x0000000093200000|100%| O|  |TAMS 0x0000000093200000, 0x0000000093100000| Untracked 
| 306|0x0000000093200000, 0x0000000093300000, 0x0000000093300000|100%| O|  |TAMS 0x0000000093300000, 0x0000000093200000| Untracked 
| 307|0x0000000093300000, 0x0000000093400000, 0x0000000093400000|100%| O|  |TAMS 0x0000000093400000, 0x0000000093300000| Updating 
| 308|0x0000000093400000, 0x0000000093500000, 0x0000000093500000|100%| O|  |TAMS 0x0000000093500000, 0x0000000093400000| Untracked 
| 309|0x0000000093500000, 0x0000000093600000, 0x0000000093600000|100%| O|  |TAMS 0x0000000093600000, 0x0000000093500000| Untracked 
| 310|0x0000000093600000, 0x0000000093700000, 0x0000000093700000|100%| O|  |TAMS 0x0000000093700000, 0x0000000093600000| Untracked 
| 311|0x0000000093700000, 0x0000000093800000, 0x0000000093800000|100%| O|  |TAMS 0x0000000093800000, 0x0000000093700000| Untracked 
| 312|0x0000000093800000, 0x0000000093900000, 0x0000000093900000|100%| O|  |TAMS 0x0000000093900000, 0x0000000093800000| Untracked 
| 313|0x0000000093900000, 0x0000000093a00000, 0x0000000093a00000|100%| O|  |TAMS 0x0000000093a00000, 0x0000000093900000| Untracked 
| 314|0x0000000093a00000, 0x0000000093b00000, 0x0000000093b00000|100%| O|  |TAMS 0x0000000093b00000, 0x0000000093a00000| Untracked 
| 315|0x0000000093b00000, 0x0000000093c00000, 0x0000000093c00000|100%| O|  |TAMS 0x0000000093c00000, 0x0000000093b00000| Untracked 
| 316|0x0000000093c00000, 0x0000000093d00000, 0x0000000093d00000|100%| O|  |TAMS 0x0000000093d00000, 0x0000000093c00000| Untracked 
| 317|0x0000000093d00000, 0x0000000093e00000, 0x0000000093e00000|100%| O|  |TAMS 0x0000000093e00000, 0x0000000093d00000| Untracked 
| 318|0x0000000093e00000, 0x0000000093f00000, 0x0000000093f00000|100%| O|  |TAMS 0x0000000093f00000, 0x0000000093e00000| Untracked 
| 319|0x0000000093f00000, 0x0000000094000000, 0x0000000094000000|100%| O|  |TAMS 0x0000000094000000, 0x0000000093f00000| Untracked 
| 320|0x0000000094000000, 0x0000000094100000, 0x0000000094100000|100%| O|  |TAMS 0x0000000094100000, 0x0000000094000000| Updating 
| 321|0x0000000094100000, 0x0000000094200000, 0x0000000094200000|100%| O|  |TAMS 0x0000000094200000, 0x0000000094100000| Untracked 
| 322|0x0000000094200000, 0x0000000094300000, 0x0000000094300000|100%| O|  |TAMS 0x0000000094300000, 0x0000000094200000| Untracked 
| 323|0x0000000094300000, 0x0000000094400000, 0x0000000094400000|100%| O|  |TAMS 0x0000000094400000, 0x0000000094300000| Untracked 
| 324|0x0000000094400000, 0x0000000094500000, 0x0000000094500000|100%| O|  |TAMS 0x0000000094500000, 0x0000000094400000| Untracked 
| 325|0x0000000094500000, 0x0000000094600000, 0x0000000094600000|100%| O|  |TAMS 0x0000000094600000, 0x0000000094500000| Untracked 
| 326|0x0000000094600000, 0x0000000094700000, 0x0000000094700000|100%| O|  |TAMS 0x0000000094700000, 0x0000000094600000| Updating 
| 327|0x0000000094700000, 0x0000000094800000, 0x0000000094800000|100%| O|  |TAMS 0x0000000094800000, 0x0000000094700000| Untracked 
| 328|0x0000000094800000, 0x0000000094900000, 0x0000000094900000|100%| O|  |TAMS 0x0000000094900000, 0x0000000094800000| Untracked 
| 329|0x0000000094900000, 0x0000000094a00000, 0x0000000094a00000|100%| O|  |TAMS 0x0000000094a00000, 0x0000000094900000| Updating 
| 330|0x0000000094a00000, 0x0000000094b00000, 0x0000000094b00000|100%| O|  |TAMS 0x0000000094b00000, 0x0000000094a00000| Updating 
| 331|0x0000000094b00000, 0x0000000094c00000, 0x0000000094c00000|100%| O|  |TAMS 0x0000000094c00000, 0x0000000094b00000| Untracked 
| 332|0x0000000094c00000, 0x0000000094d00000, 0x0000000094d00000|100%| O|  |TAMS 0x0000000094d00000, 0x0000000094c00000| Updating 
| 333|0x0000000094d00000, 0x0000000094e00000, 0x0000000094e00000|100%| O|  |TAMS 0x0000000094e00000, 0x0000000094d00000| Updating 
| 334|0x0000000094e00000, 0x0000000094f00000, 0x0000000094f00000|100%| O|  |TAMS 0x0000000094eda800, 0x0000000094e00000| Updating 
| 335|0x0000000094f00000, 0x0000000095000000, 0x0000000095000000|100%| O|  |TAMS 0x0000000094f00000, 0x0000000094f00000| Untracked 
| 336|0x0000000095000000, 0x0000000095100000, 0x0000000095100000|100%| O|  |TAMS 0x0000000095000000, 0x0000000095000000| Untracked 
| 337|0x0000000095100000, 0x0000000095200000, 0x0000000095200000|100%| O|  |TAMS 0x0000000095100000, 0x0000000095100000| Untracked 
| 338|0x0000000095200000, 0x0000000095300000, 0x0000000095300000|100%| O|  |TAMS 0x0000000095200000, 0x0000000095200000| Untracked 
| 339|0x0000000095300000, 0x0000000095400000, 0x0000000095400000|100%| O|  |TAMS 0x0000000095300000, 0x0000000095300000| Untracked 
| 340|0x0000000095400000, 0x0000000095500000, 0x0000000095500000|100%| O|  |TAMS 0x0000000095400000, 0x0000000095400000| Untracked 
| 341|0x0000000095500000, 0x0000000095600000, 0x0000000095600000|100%| O|  |TAMS 0x0000000095500000, 0x0000000095500000| Untracked 
| 342|0x0000000095600000, 0x0000000095700000, 0x0000000095700000|100%| O|  |TAMS 0x0000000095600000, 0x0000000095600000| Untracked 
| 343|0x0000000095700000, 0x0000000095800000, 0x0000000095800000|100%| O|  |TAMS 0x0000000095700000, 0x0000000095700000| Untracked 
| 344|0x0000000095800000, 0x0000000095900000, 0x0000000095900000|100%| O|  |TAMS 0x0000000095800000, 0x0000000095800000| Untracked 
| 345|0x0000000095900000, 0x0000000095a00000, 0x0000000095a00000|100%| O|  |TAMS 0x0000000095900000, 0x0000000095900000| Untracked 
| 346|0x0000000095a00000, 0x0000000095b00000, 0x0000000095b00000|100%| O|  |TAMS 0x0000000095a00000, 0x0000000095a00000| Untracked 
| 347|0x0000000095b00000, 0x0000000095c00000, 0x0000000095c00000|100%| O|  |TAMS 0x0000000095b00000, 0x0000000095b00000| Untracked 
| 348|0x0000000095c00000, 0x0000000095d00000, 0x0000000095d00000|100%| O|  |TAMS 0x0000000095c00000, 0x0000000095c00000| Untracked 
| 349|0x0000000095d00000, 0x0000000095e00000, 0x0000000095e00000|100%| O|  |TAMS 0x0000000095d00000, 0x0000000095d00000| Untracked 
| 350|0x0000000095e00000, 0x0000000095f00000, 0x0000000095f00000|100%| O|  |TAMS 0x0000000095e00000, 0x0000000095e00000| Untracked 
| 351|0x0000000095f00000, 0x0000000096000000, 0x0000000096000000|100%| O|  |TAMS 0x0000000095f00000, 0x0000000095f00000| Untracked 
| 352|0x0000000096000000, 0x0000000096100000, 0x0000000096100000|100%| O|  |TAMS 0x0000000096000000, 0x0000000096000000| Untracked 
| 353|0x0000000096100000, 0x0000000096200000, 0x0000000096200000|100%| O|  |TAMS 0x0000000096100000, 0x0000000096100000| Untracked 
| 354|0x0000000096200000, 0x0000000096300000, 0x0000000096300000|100%| O|  |TAMS 0x0000000096200000, 0x0000000096200000| Untracked 
| 355|0x0000000096300000, 0x0000000096400000, 0x0000000096400000|100%| O|  |TAMS 0x0000000096300000, 0x0000000096300000| Untracked 
| 356|0x0000000096400000, 0x0000000096500000, 0x0000000096500000|100%| O|  |TAMS 0x0000000096400000, 0x0000000096400000| Untracked 
| 357|0x0000000096500000, 0x0000000096600000, 0x0000000096600000|100%| O|  |TAMS 0x0000000096500000, 0x0000000096500000| Untracked 
| 358|0x0000000096600000, 0x0000000096700000, 0x0000000096700000|100%| O|  |TAMS 0x0000000096600000, 0x0000000096600000| Untracked 
| 359|0x0000000096700000, 0x0000000096800000, 0x0000000096800000|100%| O|  |TAMS 0x0000000096700000, 0x0000000096700000| Untracked 
| 360|0x0000000096800000, 0x0000000096900000, 0x0000000096900000|100%| O|  |TAMS 0x0000000096800000, 0x0000000096800000| Untracked 
| 361|0x0000000096900000, 0x0000000096a00000, 0x0000000096a00000|100%| O|  |TAMS 0x0000000096900000, 0x0000000096900000| Untracked 
| 362|0x0000000096a00000, 0x0000000096b00000, 0x0000000096b00000|100%| O|  |TAMS 0x0000000096a00000, 0x0000000096a00000| Untracked 
| 363|0x0000000096b00000, 0x0000000096c00000, 0x0000000096c00000|100%| O|  |TAMS 0x0000000096b00000, 0x0000000096b00000| Untracked 
| 364|0x0000000096c00000, 0x0000000096d00000, 0x0000000096d00000|100%| O|  |TAMS 0x0000000096c00000, 0x0000000096c00000| Untracked 
| 365|0x0000000096d00000, 0x0000000096e00000, 0x0000000096e00000|100%| O|  |TAMS 0x0000000096d00000, 0x0000000096d00000| Untracked 
| 366|0x0000000096e00000, 0x0000000096e8e600, 0x0000000096f00000| 55%| O|  |TAMS 0x0000000096e00000, 0x0000000096e00000| Untracked 
| 367|0x0000000096f00000, 0x0000000096f00000, 0x0000000097000000|  0%| F|  |TAMS 0x0000000096f00000, 0x0000000096f00000| Untracked 
| 368|0x0000000097000000, 0x0000000097000000, 0x0000000097100000|  0%| F|  |TAMS 0x0000000097000000, 0x0000000097000000| Untracked 
| 369|0x0000000097100000, 0x0000000097100000, 0x0000000097200000|  0%| F|  |TAMS 0x0000000097100000, 0x0000000097100000| Untracked 
| 370|0x0000000097200000, 0x0000000097200000, 0x0000000097300000|  0%| F|  |TAMS 0x0000000097200000, 0x0000000097200000| Untracked 
| 371|0x0000000097300000, 0x0000000097300000, 0x0000000097400000|  0%| F|  |TAMS 0x0000000097300000, 0x0000000097300000| Untracked 
| 372|0x0000000097400000, 0x0000000097400000, 0x0000000097500000|  0%| F|  |TAMS 0x0000000097400000, 0x0000000097400000| Untracked 
| 373|0x0000000097500000, 0x0000000097500000, 0x0000000097600000|  0%| F|  |TAMS 0x0000000097500000, 0x0000000097500000| Untracked 
| 374|0x0000000097600000, 0x0000000097600000, 0x0000000097700000|  0%| F|  |TAMS 0x0000000097600000, 0x0000000097600000| Untracked 
| 375|0x0000000097700000, 0x0000000097700000, 0x0000000097800000|  0%| F|  |TAMS 0x0000000097700000, 0x0000000097700000| Untracked 
| 376|0x0000000097800000, 0x0000000097800000, 0x0000000097900000|  0%| F|  |TAMS 0x0000000097800000, 0x0000000097800000| Untracked 
| 377|0x0000000097900000, 0x0000000097900000, 0x0000000097a00000|  0%| F|  |TAMS 0x0000000097900000, 0x0000000097900000| Untracked 
| 378|0x0000000097a00000, 0x0000000097a00000, 0x0000000097b00000|  0%| F|  |TAMS 0x0000000097a00000, 0x0000000097a00000| Untracked 
| 379|0x0000000097b00000, 0x0000000097b00000, 0x0000000097c00000|  0%| F|  |TAMS 0x0000000097b00000, 0x0000000097b00000| Untracked 
| 380|0x0000000097c00000, 0x0000000097c00000, 0x0000000097d00000|  0%| F|  |TAMS 0x0000000097c00000, 0x0000000097c00000| Untracked 
| 381|0x0000000097d00000, 0x0000000097d00000, 0x0000000097e00000|  0%| F|  |TAMS 0x0000000097d00000, 0x0000000097d00000| Untracked 
| 382|0x0000000097e00000, 0x0000000097e00000, 0x0000000097f00000|  0%| F|  |TAMS 0x0000000097e00000, 0x0000000097e00000| Untracked 
| 383|0x0000000097f00000, 0x0000000097f00000, 0x0000000098000000|  0%| F|  |TAMS 0x0000000097f00000, 0x0000000097f00000| Untracked 
| 384|0x0000000098000000, 0x0000000098000000, 0x0000000098100000|  0%| F|  |TAMS 0x0000000098000000, 0x0000000098000000| Untracked 
| 385|0x0000000098100000, 0x0000000098100000, 0x0000000098200000|  0%| F|  |TAMS 0x0000000098100000, 0x0000000098100000| Untracked 
| 386|0x0000000098200000, 0x0000000098200000, 0x0000000098300000|  0%| F|  |TAMS 0x0000000098200000, 0x0000000098200000| Untracked 
| 387|0x0000000098300000, 0x0000000098300000, 0x0000000098400000|  0%| F|  |TAMS 0x0000000098300000, 0x0000000098300000| Untracked 
| 388|0x0000000098400000, 0x0000000098400000, 0x0000000098500000|  0%| F|  |TAMS 0x0000000098400000, 0x0000000098400000| Untracked 
| 389|0x0000000098500000, 0x0000000098500000, 0x0000000098600000|  0%| F|  |TAMS 0x0000000098500000, 0x0000000098500000| Untracked 
| 390|0x0000000098600000, 0x0000000098600000, 0x0000000098700000|  0%| F|  |TAMS 0x0000000098600000, 0x0000000098600000| Untracked 
| 391|0x0000000098700000, 0x0000000098700000, 0x0000000098800000|  0%| F|  |TAMS 0x0000000098700000, 0x0000000098700000| Untracked 
| 392|0x0000000098800000, 0x0000000098800000, 0x0000000098900000|  0%| F|  |TAMS 0x0000000098800000, 0x0000000098800000| Untracked 
| 393|0x0000000098900000, 0x0000000098900000, 0x0000000098a00000|  0%| F|  |TAMS 0x0000000098900000, 0x0000000098900000| Untracked 
| 394|0x0000000098a00000, 0x0000000098a00000, 0x0000000098b00000|  0%| F|  |TAMS 0x0000000098a00000, 0x0000000098a00000| Untracked 
| 395|0x0000000098b00000, 0x0000000098b00000, 0x0000000098c00000|  0%| F|  |TAMS 0x0000000098b00000, 0x0000000098b00000| Untracked 
| 396|0x0000000098c00000, 0x0000000098c00000, 0x0000000098d00000|  0%| F|  |TAMS 0x0000000098c00000, 0x0000000098c00000| Untracked 
| 397|0x0000000098d00000, 0x0000000098d00000, 0x0000000098e00000|  0%| F|  |TAMS 0x0000000098d00000, 0x0000000098d00000| Untracked 
| 398|0x0000000098e00000, 0x0000000098e00000, 0x0000000098f00000|  0%| F|  |TAMS 0x0000000098e00000, 0x0000000098e00000| Untracked 
| 399|0x0000000098f00000, 0x0000000098f00000, 0x0000000099000000|  0%| F|  |TAMS 0x0000000098f00000, 0x0000000098f00000| Untracked 
| 400|0x0000000099000000, 0x0000000099000000, 0x0000000099100000|  0%| F|  |TAMS 0x0000000099000000, 0x0000000099000000| Untracked 
| 401|0x0000000099100000, 0x0000000099100000, 0x0000000099200000|  0%| F|  |TAMS 0x0000000099100000, 0x0000000099100000| Untracked 
| 402|0x0000000099200000, 0x0000000099200000, 0x0000000099300000|  0%| F|  |TAMS 0x0000000099200000, 0x0000000099200000| Untracked 
| 403|0x0000000099300000, 0x0000000099300000, 0x0000000099400000|  0%| F|  |TAMS 0x0000000099300000, 0x0000000099300000| Untracked 
| 404|0x0000000099400000, 0x0000000099400000, 0x0000000099500000|  0%| F|  |TAMS 0x0000000099400000, 0x0000000099400000| Untracked 
| 405|0x0000000099500000, 0x0000000099500000, 0x0000000099600000|  0%| F|  |TAMS 0x0000000099500000, 0x0000000099500000| Untracked 
| 406|0x0000000099600000, 0x0000000099600000, 0x0000000099700000|  0%| F|  |TAMS 0x0000000099600000, 0x0000000099600000| Untracked 
| 407|0x0000000099700000, 0x0000000099700000, 0x0000000099800000|  0%| F|  |TAMS 0x0000000099700000, 0x0000000099700000| Untracked 
| 408|0x0000000099800000, 0x0000000099800000, 0x0000000099900000|  0%| F|  |TAMS 0x0000000099800000, 0x0000000099800000| Untracked 
| 409|0x0000000099900000, 0x0000000099900000, 0x0000000099a00000|  0%| F|  |TAMS 0x0000000099900000, 0x0000000099900000| Untracked 
| 410|0x0000000099a00000, 0x0000000099a00000, 0x0000000099b00000|  0%| F|  |TAMS 0x0000000099a00000, 0x0000000099a00000| Untracked 
| 411|0x0000000099b00000, 0x0000000099b00000, 0x0000000099c00000|  0%| F|  |TAMS 0x0000000099b00000, 0x0000000099b00000| Untracked 
| 412|0x0000000099c00000, 0x0000000099c00000, 0x0000000099d00000|  0%| F|  |TAMS 0x0000000099c00000, 0x0000000099c00000| Untracked 
| 413|0x0000000099d00000, 0x0000000099d00000, 0x0000000099e00000|  0%| F|  |TAMS 0x0000000099d00000, 0x0000000099d00000| Untracked 
| 414|0x0000000099e00000, 0x0000000099e00000, 0x0000000099f00000|  0%| F|  |TAMS 0x0000000099e00000, 0x0000000099e00000| Untracked 
| 415|0x0000000099f00000, 0x0000000099f00000, 0x000000009a000000|  0%| F|  |TAMS 0x0000000099f00000, 0x0000000099f00000| Untracked 
| 416|0x000000009a000000, 0x000000009a000000, 0x000000009a100000|  0%| F|  |TAMS 0x000000009a000000, 0x000000009a000000| Untracked 
| 417|0x000000009a100000, 0x000000009a100000, 0x000000009a200000|  0%| F|  |TAMS 0x000000009a100000, 0x000000009a100000| Untracked 
| 418|0x000000009a200000, 0x000000009a200000, 0x000000009a300000|  0%| F|  |TAMS 0x000000009a200000, 0x000000009a200000| Untracked 
| 419|0x000000009a300000, 0x000000009a300000, 0x000000009a400000|  0%| F|  |TAMS 0x000000009a300000, 0x000000009a300000| Untracked 
| 420|0x000000009a400000, 0x000000009a400000, 0x000000009a500000|  0%| F|  |TAMS 0x000000009a400000, 0x000000009a400000| Untracked 
| 421|0x000000009a500000, 0x000000009a500000, 0x000000009a600000|  0%| F|  |TAMS 0x000000009a500000, 0x000000009a500000| Untracked 
| 422|0x000000009a600000, 0x000000009a600000, 0x000000009a700000|  0%| F|  |TAMS 0x000000009a600000, 0x000000009a600000| Untracked 
| 423|0x000000009a700000, 0x000000009a700000, 0x000000009a800000|  0%| F|  |TAMS 0x000000009a700000, 0x000000009a700000| Untracked 
| 424|0x000000009a800000, 0x000000009a800000, 0x000000009a900000|  0%| F|  |TAMS 0x000000009a800000, 0x000000009a800000| Untracked 
| 425|0x000000009a900000, 0x000000009a900000, 0x000000009aa00000|  0%| F|  |TAMS 0x000000009a900000, 0x000000009a900000| Untracked 
| 426|0x000000009aa00000, 0x000000009aa00000, 0x000000009ab00000|  0%| F|  |TAMS 0x000000009aa00000, 0x000000009aa00000| Untracked 
| 427|0x000000009ab00000, 0x000000009ab00000, 0x000000009ac00000|  0%| F|  |TAMS 0x000000009ab00000, 0x000000009ab00000| Untracked 
| 428|0x000000009ac00000, 0x000000009ac00000, 0x000000009ad00000|  0%| F|  |TAMS 0x000000009ac00000, 0x000000009ac00000| Untracked 
| 429|0x000000009ad00000, 0x000000009ad00000, 0x000000009ae00000|  0%| F|  |TAMS 0x000000009ad00000, 0x000000009ad00000| Untracked 
| 430|0x000000009ae00000, 0x000000009ae00000, 0x000000009af00000|  0%| F|  |TAMS 0x000000009ae00000, 0x000000009ae00000| Untracked 
| 431|0x000000009af00000, 0x000000009af00000, 0x000000009b000000|  0%| F|  |TAMS 0x000000009af00000, 0x000000009af00000| Untracked 
| 432|0x000000009b000000, 0x000000009b000000, 0x000000009b100000|  0%| F|  |TAMS 0x000000009b000000, 0x000000009b000000| Untracked 
| 433|0x000000009b100000, 0x000000009b100000, 0x000000009b200000|  0%| F|  |TAMS 0x000000009b100000, 0x000000009b100000| Untracked 
| 434|0x000000009b200000, 0x000000009b200000, 0x000000009b300000|  0%| F|  |TAMS 0x000000009b200000, 0x000000009b200000| Untracked 
| 435|0x000000009b300000, 0x000000009b300000, 0x000000009b400000|  0%| F|  |TAMS 0x000000009b300000, 0x000000009b300000| Untracked 
| 436|0x000000009b400000, 0x000000009b400000, 0x000000009b500000|  0%| F|  |TAMS 0x000000009b400000, 0x000000009b400000| Untracked 
| 437|0x000000009b500000, 0x000000009b500000, 0x000000009b600000|  0%| F|  |TAMS 0x000000009b500000, 0x000000009b500000| Untracked 
| 438|0x000000009b600000, 0x000000009b600000, 0x000000009b700000|  0%| F|  |TAMS 0x000000009b600000, 0x000000009b600000| Untracked 
| 439|0x000000009b700000, 0x000000009b700000, 0x000000009b800000|  0%| F|  |TAMS 0x000000009b700000, 0x000000009b700000| Untracked 
| 440|0x000000009b800000, 0x000000009b800000, 0x000000009b900000|  0%| F|  |TAMS 0x000000009b800000, 0x000000009b800000| Untracked 
| 441|0x000000009b900000, 0x000000009b900000, 0x000000009ba00000|  0%| F|  |TAMS 0x000000009b900000, 0x000000009b900000| Untracked 
| 442|0x000000009ba00000, 0x000000009ba00000, 0x000000009bb00000|  0%| F|  |TAMS 0x000000009ba00000, 0x000000009ba00000| Untracked 
| 443|0x000000009bb00000, 0x000000009bb00000, 0x000000009bc00000|  0%| F|  |TAMS 0x000000009bb00000, 0x000000009bb00000| Untracked 
| 444|0x000000009bc00000, 0x000000009bc00000, 0x000000009bd00000|  0%| F|  |TAMS 0x000000009bc00000, 0x000000009bc00000| Untracked 
| 445|0x000000009bd00000, 0x000000009bd00000, 0x000000009be00000|  0%| F|  |TAMS 0x000000009bd00000, 0x000000009bd00000| Untracked 
| 446|0x000000009be00000, 0x000000009be00000, 0x000000009bf00000|  0%| F|  |TAMS 0x000000009be00000, 0x000000009be00000| Untracked 
| 447|0x000000009bf00000, 0x000000009bf00000, 0x000000009c000000|  0%| F|  |TAMS 0x000000009bf00000, 0x000000009bf00000| Untracked 
| 448|0x000000009c000000, 0x000000009c000000, 0x000000009c100000|  0%| F|  |TAMS 0x000000009c000000, 0x000000009c000000| Untracked 
| 449|0x000000009c100000, 0x000000009c100000, 0x000000009c200000|  0%| F|  |TAMS 0x000000009c100000, 0x000000009c100000| Untracked 
| 450|0x000000009c200000, 0x000000009c200000, 0x000000009c300000|  0%| F|  |TAMS 0x000000009c200000, 0x000000009c200000| Untracked 
| 451|0x000000009c300000, 0x000000009c300000, 0x000000009c400000|  0%| F|  |TAMS 0x000000009c300000, 0x000000009c300000| Untracked 
| 452|0x000000009c400000, 0x000000009c400000, 0x000000009c500000|  0%| F|  |TAMS 0x000000009c400000, 0x000000009c400000| Untracked 
| 453|0x000000009c500000, 0x000000009c500000, 0x000000009c600000|  0%| F|  |TAMS 0x000000009c500000, 0x000000009c500000| Untracked 
| 454|0x000000009c600000, 0x000000009c600000, 0x000000009c700000|  0%| F|  |TAMS 0x000000009c600000, 0x000000009c600000| Untracked 
| 455|0x000000009c700000, 0x000000009c700000, 0x000000009c800000|  0%| F|  |TAMS 0x000000009c700000, 0x000000009c700000| Untracked 
| 456|0x000000009c800000, 0x000000009c800000, 0x000000009c900000|  0%| F|  |TAMS 0x000000009c800000, 0x000000009c800000| Untracked 
| 457|0x000000009c900000, 0x000000009c900000, 0x000000009ca00000|  0%| F|  |TAMS 0x000000009c900000, 0x000000009c900000| Untracked 
| 458|0x000000009ca00000, 0x000000009ca00000, 0x000000009cb00000|  0%| F|  |TAMS 0x000000009ca00000, 0x000000009ca00000| Untracked 
| 459|0x000000009cb00000, 0x000000009cb00000, 0x000000009cc00000|  0%| F|  |TAMS 0x000000009cb00000, 0x000000009cb00000| Untracked 
| 460|0x000000009cc00000, 0x000000009cc00000, 0x000000009cd00000|  0%| F|  |TAMS 0x000000009cc00000, 0x000000009cc00000| Untracked 
| 461|0x000000009cd00000, 0x000000009cd00000, 0x000000009ce00000|  0%| F|  |TAMS 0x000000009cd00000, 0x000000009cd00000| Untracked 
| 462|0x000000009ce00000, 0x000000009ce00000, 0x000000009cf00000|  0%| F|  |TAMS 0x000000009ce00000, 0x000000009ce00000| Untracked 
| 463|0x000000009cf00000, 0x000000009cf00000, 0x000000009d000000|  0%| F|  |TAMS 0x000000009cf00000, 0x000000009cf00000| Untracked 
| 464|0x000000009d000000, 0x000000009d000000, 0x000000009d100000|  0%| F|  |TAMS 0x000000009d000000, 0x000000009d000000| Untracked 
| 465|0x000000009d100000, 0x000000009d100000, 0x000000009d200000|  0%| F|  |TAMS 0x000000009d100000, 0x000000009d100000| Untracked 
| 466|0x000000009d200000, 0x000000009d200000, 0x000000009d300000|  0%| F|  |TAMS 0x000000009d200000, 0x000000009d200000| Untracked 
| 467|0x000000009d300000, 0x000000009d300000, 0x000000009d400000|  0%| F|  |TAMS 0x000000009d300000, 0x000000009d300000| Untracked 
| 468|0x000000009d400000, 0x000000009d400000, 0x000000009d500000|  0%| F|  |TAMS 0x000000009d400000, 0x000000009d400000| Untracked 
| 469|0x000000009d500000, 0x000000009d500000, 0x000000009d600000|  0%| F|  |TAMS 0x000000009d500000, 0x000000009d500000| Untracked 
| 470|0x000000009d600000, 0x000000009d600000, 0x000000009d700000|  0%| F|  |TAMS 0x000000009d600000, 0x000000009d600000| Untracked 
| 471|0x000000009d700000, 0x000000009d700000, 0x000000009d800000|  0%| F|  |TAMS 0x000000009d700000, 0x000000009d700000| Untracked 
| 472|0x000000009d800000, 0x000000009d800000, 0x000000009d900000|  0%| F|  |TAMS 0x000000009d800000, 0x000000009d800000| Untracked 
| 473|0x000000009d900000, 0x000000009d900000, 0x000000009da00000|  0%| F|  |TAMS 0x000000009d900000, 0x000000009d900000| Untracked 
| 474|0x000000009da00000, 0x000000009da00000, 0x000000009db00000|  0%| F|  |TAMS 0x000000009da00000, 0x000000009da00000| Untracked 
| 475|0x000000009db00000, 0x000000009db00000, 0x000000009dc00000|  0%| F|  |TAMS 0x000000009db00000, 0x000000009db00000| Untracked 
| 476|0x000000009dc00000, 0x000000009dc00000, 0x000000009dd00000|  0%| F|  |TAMS 0x000000009dc00000, 0x000000009dc00000| Untracked 
| 477|0x000000009dd00000, 0x000000009dd00000, 0x000000009de00000|  0%| F|  |TAMS 0x000000009dd00000, 0x000000009dd00000| Untracked 
| 478|0x000000009de00000, 0x000000009de00000, 0x000000009df00000|  0%| F|  |TAMS 0x000000009de00000, 0x000000009de00000| Untracked 
| 479|0x000000009df00000, 0x000000009df00000, 0x000000009e000000|  0%| F|  |TAMS 0x000000009df00000, 0x000000009df00000| Untracked 
| 480|0x000000009e000000, 0x000000009e000000, 0x000000009e100000|  0%| F|  |TAMS 0x000000009e000000, 0x000000009e000000| Untracked 
| 481|0x000000009e100000, 0x000000009e100000, 0x000000009e200000|  0%| F|  |TAMS 0x000000009e100000, 0x000000009e100000| Untracked 
| 482|0x000000009e200000, 0x000000009e200000, 0x000000009e300000|  0%| F|  |TAMS 0x000000009e200000, 0x000000009e200000| Untracked 
| 483|0x000000009e300000, 0x000000009e300000, 0x000000009e400000|  0%| F|  |TAMS 0x000000009e300000, 0x000000009e300000| Untracked 
| 484|0x000000009e400000, 0x000000009e400000, 0x000000009e500000|  0%| F|  |TAMS 0x000000009e400000, 0x000000009e400000| Untracked 
| 485|0x000000009e500000, 0x000000009e500000, 0x000000009e600000|  0%| F|  |TAMS 0x000000009e500000, 0x000000009e500000| Untracked 
| 486|0x000000009e600000, 0x000000009e600000, 0x000000009e700000|  0%| F|  |TAMS 0x000000009e600000, 0x000000009e600000| Untracked 
| 487|0x000000009e700000, 0x000000009e700000, 0x000000009e800000|  0%| F|  |TAMS 0x000000009e700000, 0x000000009e700000| Untracked 
| 488|0x000000009e800000, 0x000000009e800000, 0x000000009e900000|  0%| F|  |TAMS 0x000000009e800000, 0x000000009e800000| Untracked 
| 489|0x000000009e900000, 0x000000009e900000, 0x000000009ea00000|  0%| F|  |TAMS 0x000000009e900000, 0x000000009e900000| Untracked 
| 490|0x000000009ea00000, 0x000000009ea00000, 0x000000009eb00000|  0%| F|  |TAMS 0x000000009ea00000, 0x000000009ea00000| Untracked 
| 491|0x000000009eb00000, 0x000000009eb00000, 0x000000009ec00000|  0%| F|  |TAMS 0x000000009eb00000, 0x000000009eb00000| Untracked 
| 492|0x000000009ec00000, 0x000000009ec00000, 0x000000009ed00000|  0%| F|  |TAMS 0x000000009ec00000, 0x000000009ec00000| Untracked 
| 493|0x000000009ed00000, 0x000000009ed00000, 0x000000009ee00000|  0%| F|  |TAMS 0x000000009ed00000, 0x000000009ed00000| Untracked 
| 494|0x000000009ee00000, 0x000000009ee00000, 0x000000009ef00000|  0%| F|  |TAMS 0x000000009ee00000, 0x000000009ee00000| Untracked 
| 495|0x000000009ef00000, 0x000000009ef00000, 0x000000009f000000|  0%| F|  |TAMS 0x000000009ef00000, 0x000000009ef00000| Untracked 
| 496|0x000000009f000000, 0x000000009f000000, 0x000000009f100000|  0%| F|  |TAMS 0x000000009f000000, 0x000000009f000000| Untracked 
| 497|0x000000009f100000, 0x000000009f100000, 0x000000009f200000|  0%| F|  |TAMS 0x000000009f100000, 0x000000009f100000| Untracked 
| 498|0x000000009f200000, 0x000000009f200000, 0x000000009f300000|  0%| F|  |TAMS 0x000000009f200000, 0x000000009f200000| Untracked 
| 499|0x000000009f300000, 0x000000009f300000, 0x000000009f400000|  0%| F|  |TAMS 0x000000009f300000, 0x000000009f300000| Untracked 
| 500|0x000000009f400000, 0x000000009f400000, 0x000000009f500000|  0%| F|  |TAMS 0x000000009f400000, 0x000000009f400000| Untracked 
| 501|0x000000009f500000, 0x000000009f500000, 0x000000009f600000|  0%| F|  |TAMS 0x000000009f500000, 0x000000009f500000| Untracked 
| 502|0x000000009f600000, 0x000000009f600000, 0x000000009f700000|  0%| F|  |TAMS 0x000000009f600000, 0x000000009f600000| Untracked 
| 503|0x000000009f700000, 0x000000009f700000, 0x000000009f800000|  0%| F|  |TAMS 0x000000009f700000, 0x000000009f700000| Untracked 
| 504|0x000000009f800000, 0x000000009f800000, 0x000000009f900000|  0%| F|  |TAMS 0x000000009f800000, 0x000000009f800000| Untracked 
| 505|0x000000009f900000, 0x000000009f900000, 0x000000009fa00000|  0%| F|  |TAMS 0x000000009f900000, 0x000000009f900000| Untracked 
| 506|0x000000009fa00000, 0x000000009fa00000, 0x000000009fb00000|  0%| F|  |TAMS 0x000000009fa00000, 0x000000009fa00000| Untracked 
| 507|0x000000009fb00000, 0x000000009fb00000, 0x000000009fc00000|  0%| F|  |TAMS 0x000000009fb00000, 0x000000009fb00000| Untracked 
| 508|0x000000009fc00000, 0x000000009fc00000, 0x000000009fd00000|  0%| F|  |TAMS 0x000000009fc00000, 0x000000009fc00000| Untracked 
| 509|0x000000009fd00000, 0x000000009fd00000, 0x000000009fe00000|  0%| F|  |TAMS 0x000000009fd00000, 0x000000009fd00000| Untracked 
| 510|0x000000009fe00000, 0x000000009fe00000, 0x000000009ff00000|  0%| F|  |TAMS 0x000000009fe00000, 0x000000009fe00000| Untracked 
| 511|0x000000009ff00000, 0x000000009ff00000, 0x00000000a0000000|  0%| F|  |TAMS 0x000000009ff00000, 0x000000009ff00000| Untracked 
| 512|0x00000000a0000000, 0x00000000a0000000, 0x00000000a0100000|  0%| F|  |TAMS 0x00000000a0000000, 0x00000000a0000000| Untracked 
| 513|0x00000000a0100000, 0x00000000a0100000, 0x00000000a0200000|  0%| F|  |TAMS 0x00000000a0100000, 0x00000000a0100000| Untracked 
| 514|0x00000000a0200000, 0x00000000a0200000, 0x00000000a0300000|  0%| F|  |TAMS 0x00000000a0200000, 0x00000000a0200000| Untracked 
| 515|0x00000000a0300000, 0x00000000a0300000, 0x00000000a0400000|  0%| F|  |TAMS 0x00000000a0300000, 0x00000000a0300000| Untracked 
| 516|0x00000000a0400000, 0x00000000a0400000, 0x00000000a0500000|  0%| F|  |TAMS 0x00000000a0400000, 0x00000000a0400000| Untracked 
| 517|0x00000000a0500000, 0x00000000a0500000, 0x00000000a0600000|  0%| F|  |TAMS 0x00000000a0500000, 0x00000000a0500000| Untracked 
| 518|0x00000000a0600000, 0x00000000a0600000, 0x00000000a0700000|  0%| F|  |TAMS 0x00000000a0600000, 0x00000000a0600000| Untracked 
| 519|0x00000000a0700000, 0x00000000a0700000, 0x00000000a0800000|  0%| F|  |TAMS 0x00000000a0700000, 0x00000000a0700000| Untracked 
| 520|0x00000000a0800000, 0x00000000a0800000, 0x00000000a0900000|  0%| F|  |TAMS 0x00000000a0800000, 0x00000000a0800000| Untracked 
| 521|0x00000000a0900000, 0x00000000a0900000, 0x00000000a0a00000|  0%| F|  |TAMS 0x00000000a0900000, 0x00000000a0900000| Untracked 
| 522|0x00000000a0a00000, 0x00000000a0a00000, 0x00000000a0b00000|  0%| F|  |TAMS 0x00000000a0a00000, 0x00000000a0a00000| Untracked 
| 523|0x00000000a0b00000, 0x00000000a0b00000, 0x00000000a0c00000|  0%| F|  |TAMS 0x00000000a0b00000, 0x00000000a0b00000| Untracked 
| 524|0x00000000a0c00000, 0x00000000a0c00000, 0x00000000a0d00000|  0%| F|  |TAMS 0x00000000a0c00000, 0x00000000a0c00000| Untracked 
| 525|0x00000000a0d00000, 0x00000000a0d00000, 0x00000000a0e00000|  0%| F|  |TAMS 0x00000000a0d00000, 0x00000000a0d00000| Untracked 
| 526|0x00000000a0e00000, 0x00000000a0e00000, 0x00000000a0f00000|  0%| F|  |TAMS 0x00000000a0e00000, 0x00000000a0e00000| Untracked 
| 527|0x00000000a0f00000, 0x00000000a0f00000, 0x00000000a1000000|  0%| F|  |TAMS 0x00000000a0f00000, 0x00000000a0f00000| Untracked 
| 528|0x00000000a1000000, 0x00000000a1000000, 0x00000000a1100000|  0%| F|  |TAMS 0x00000000a1000000, 0x00000000a1000000| Untracked 
| 529|0x00000000a1100000, 0x00000000a1100000, 0x00000000a1200000|  0%| F|  |TAMS 0x00000000a1100000, 0x00000000a1100000| Untracked 
| 530|0x00000000a1200000, 0x00000000a1200000, 0x00000000a1300000|  0%| F|  |TAMS 0x00000000a1200000, 0x00000000a1200000| Untracked 
| 531|0x00000000a1300000, 0x00000000a1300000, 0x00000000a1400000|  0%| F|  |TAMS 0x00000000a1300000, 0x00000000a1300000| Untracked 
| 532|0x00000000a1400000, 0x00000000a1400000, 0x00000000a1500000|  0%| F|  |TAMS 0x00000000a1400000, 0x00000000a1400000| Untracked 
| 533|0x00000000a1500000, 0x00000000a1500000, 0x00000000a1600000|  0%| F|  |TAMS 0x00000000a1500000, 0x00000000a1500000| Untracked 
| 534|0x00000000a1600000, 0x00000000a1600000, 0x00000000a1700000|  0%| F|  |TAMS 0x00000000a1600000, 0x00000000a1600000| Untracked 
| 535|0x00000000a1700000, 0x00000000a1700000, 0x00000000a1800000|  0%| F|  |TAMS 0x00000000a1700000, 0x00000000a1700000| Untracked 
| 536|0x00000000a1800000, 0x00000000a1800000, 0x00000000a1900000|  0%| F|  |TAMS 0x00000000a1800000, 0x00000000a1800000| Untracked 
| 537|0x00000000a1900000, 0x00000000a1900000, 0x00000000a1a00000|  0%| F|  |TAMS 0x00000000a1900000, 0x00000000a1900000| Untracked 
| 538|0x00000000a1a00000, 0x00000000a1a00000, 0x00000000a1b00000|  0%| F|  |TAMS 0x00000000a1a00000, 0x00000000a1a00000| Untracked 
| 539|0x00000000a1b00000, 0x00000000a1b00000, 0x00000000a1c00000|  0%| F|  |TAMS 0x00000000a1b00000, 0x00000000a1b00000| Untracked 
| 540|0x00000000a1c00000, 0x00000000a1c00000, 0x00000000a1d00000|  0%| F|  |TAMS 0x00000000a1c00000, 0x00000000a1c00000| Untracked 
| 541|0x00000000a1d00000, 0x00000000a1d00000, 0x00000000a1e00000|  0%| F|  |TAMS 0x00000000a1d00000, 0x00000000a1d00000| Untracked 
| 542|0x00000000a1e00000, 0x00000000a1e00000, 0x00000000a1f00000|  0%| F|  |TAMS 0x00000000a1e00000, 0x00000000a1e00000| Untracked 
| 543|0x00000000a1f00000, 0x00000000a1f00000, 0x00000000a2000000|  0%| F|  |TAMS 0x00000000a1f00000, 0x00000000a1f00000| Untracked 
| 544|0x00000000a2000000, 0x00000000a2000000, 0x00000000a2100000|  0%| F|  |TAMS 0x00000000a2000000, 0x00000000a2000000| Untracked 
| 545|0x00000000a2100000, 0x00000000a2100000, 0x00000000a2200000|  0%| F|  |TAMS 0x00000000a2100000, 0x00000000a2100000| Untracked 
| 546|0x00000000a2200000, 0x00000000a2200000, 0x00000000a2300000|  0%| F|  |TAMS 0x00000000a2200000, 0x00000000a2200000| Untracked 
| 547|0x00000000a2300000, 0x00000000a2300000, 0x00000000a2400000|  0%| F|  |TAMS 0x00000000a2300000, 0x00000000a2300000| Untracked 
| 548|0x00000000a2400000, 0x00000000a2400000, 0x00000000a2500000|  0%| F|  |TAMS 0x00000000a2400000, 0x00000000a2400000| Untracked 
| 549|0x00000000a2500000, 0x00000000a2500000, 0x00000000a2600000|  0%| F|  |TAMS 0x00000000a2500000, 0x00000000a2500000| Untracked 
| 550|0x00000000a2600000, 0x00000000a2600000, 0x00000000a2700000|  0%| F|  |TAMS 0x00000000a2600000, 0x00000000a2600000| Untracked 
| 551|0x00000000a2700000, 0x00000000a2700000, 0x00000000a2800000|  0%| F|  |TAMS 0x00000000a2700000, 0x00000000a2700000| Untracked 
| 552|0x00000000a2800000, 0x00000000a2800000, 0x00000000a2900000|  0%| F|  |TAMS 0x00000000a2800000, 0x00000000a2800000| Untracked 
| 553|0x00000000a2900000, 0x00000000a2900000, 0x00000000a2a00000|  0%| F|  |TAMS 0x00000000a2900000, 0x00000000a2900000| Untracked 
| 554|0x00000000a2a00000, 0x00000000a2a00000, 0x00000000a2b00000|  0%| F|  |TAMS 0x00000000a2a00000, 0x00000000a2a00000| Untracked 
| 555|0x00000000a2b00000, 0x00000000a2b00000, 0x00000000a2c00000|  0%| F|  |TAMS 0x00000000a2b00000, 0x00000000a2b00000| Untracked 
| 556|0x00000000a2c00000, 0x00000000a2c00000, 0x00000000a2d00000|  0%| F|  |TAMS 0x00000000a2c00000, 0x00000000a2c00000| Untracked 
| 557|0x00000000a2d00000, 0x00000000a2d00000, 0x00000000a2e00000|  0%| F|  |TAMS 0x00000000a2d00000, 0x00000000a2d00000| Untracked 
| 558|0x00000000a2e00000, 0x00000000a2e00000, 0x00000000a2f00000|  0%| F|  |TAMS 0x00000000a2e00000, 0x00000000a2e00000| Untracked 
| 559|0x00000000a2f00000, 0x00000000a2f00000, 0x00000000a3000000|  0%| F|  |TAMS 0x00000000a2f00000, 0x00000000a2f00000| Untracked 
| 560|0x00000000a3000000, 0x00000000a3000000, 0x00000000a3100000|  0%| F|  |TAMS 0x00000000a3000000, 0x00000000a3000000| Untracked 
| 561|0x00000000a3100000, 0x00000000a3100000, 0x00000000a3200000|  0%| F|  |TAMS 0x00000000a3100000, 0x00000000a3100000| Untracked 
| 562|0x00000000a3200000, 0x00000000a3200000, 0x00000000a3300000|  0%| F|  |TAMS 0x00000000a3200000, 0x00000000a3200000| Untracked 
| 563|0x00000000a3300000, 0x00000000a3300000, 0x00000000a3400000|  0%| F|  |TAMS 0x00000000a3300000, 0x00000000a3300000| Untracked 
| 564|0x00000000a3400000, 0x00000000a3400000, 0x00000000a3500000|  0%| F|  |TAMS 0x00000000a3400000, 0x00000000a3400000| Untracked 
| 565|0x00000000a3500000, 0x00000000a3500000, 0x00000000a3600000|  0%| F|  |TAMS 0x00000000a3500000, 0x00000000a3500000| Untracked 
| 566|0x00000000a3600000, 0x00000000a3600000, 0x00000000a3700000|  0%| F|  |TAMS 0x00000000a3600000, 0x00000000a3600000| Untracked 
| 567|0x00000000a3700000, 0x00000000a3700000, 0x00000000a3800000|  0%| F|  |TAMS 0x00000000a3700000, 0x00000000a3700000| Untracked 
| 568|0x00000000a3800000, 0x00000000a3800000, 0x00000000a3900000|  0%| F|  |TAMS 0x00000000a3800000, 0x00000000a3800000| Untracked 
| 569|0x00000000a3900000, 0x00000000a3900000, 0x00000000a3a00000|  0%| F|  |TAMS 0x00000000a3900000, 0x00000000a3900000| Untracked 
| 570|0x00000000a3a00000, 0x00000000a3a00000, 0x00000000a3b00000|  0%| F|  |TAMS 0x00000000a3a00000, 0x00000000a3a00000| Untracked 
| 571|0x00000000a3b00000, 0x00000000a3b00000, 0x00000000a3c00000|  0%| F|  |TAMS 0x00000000a3b00000, 0x00000000a3b00000| Untracked 
| 572|0x00000000a3c00000, 0x00000000a3c00000, 0x00000000a3d00000|  0%| F|  |TAMS 0x00000000a3c00000, 0x00000000a3c00000| Untracked 
| 573|0x00000000a3d00000, 0x00000000a3d00000, 0x00000000a3e00000|  0%| F|  |TAMS 0x00000000a3d00000, 0x00000000a3d00000| Untracked 
| 574|0x00000000a3e00000, 0x00000000a3e00000, 0x00000000a3f00000|  0%| F|  |TAMS 0x00000000a3e00000, 0x00000000a3e00000| Untracked 
| 575|0x00000000a3f00000, 0x00000000a3f00000, 0x00000000a4000000|  0%| F|  |TAMS 0x00000000a3f00000, 0x00000000a3f00000| Untracked 
| 576|0x00000000a4000000, 0x00000000a4000000, 0x00000000a4100000|  0%| F|  |TAMS 0x00000000a4000000, 0x00000000a4000000| Untracked 
| 577|0x00000000a4100000, 0x00000000a4100000, 0x00000000a4200000|  0%| F|  |TAMS 0x00000000a4100000, 0x00000000a4100000| Untracked 
| 578|0x00000000a4200000, 0x00000000a4200000, 0x00000000a4300000|  0%| F|  |TAMS 0x00000000a4200000, 0x00000000a4200000| Untracked 
| 579|0x00000000a4300000, 0x00000000a4300000, 0x00000000a4400000|  0%| F|  |TAMS 0x00000000a4300000, 0x00000000a4300000| Untracked 
| 580|0x00000000a4400000, 0x00000000a4400000, 0x00000000a4500000|  0%| F|  |TAMS 0x00000000a4400000, 0x00000000a4400000| Untracked 
| 581|0x00000000a4500000, 0x00000000a4500000, 0x00000000a4600000|  0%| F|  |TAMS 0x00000000a4500000, 0x00000000a4500000| Untracked 
| 582|0x00000000a4600000, 0x00000000a4600000, 0x00000000a4700000|  0%| F|  |TAMS 0x00000000a4600000, 0x00000000a4600000| Untracked 
| 583|0x00000000a4700000, 0x00000000a4700000, 0x00000000a4800000|  0%| F|  |TAMS 0x00000000a4700000, 0x00000000a4700000| Untracked 
| 584|0x00000000a4800000, 0x00000000a4800000, 0x00000000a4900000|  0%| F|  |TAMS 0x00000000a4800000, 0x00000000a4800000| Untracked 
| 585|0x00000000a4900000, 0x00000000a4900000, 0x00000000a4a00000|  0%| F|  |TAMS 0x00000000a4900000, 0x00000000a4900000| Untracked 
| 586|0x00000000a4a00000, 0x00000000a4a00000, 0x00000000a4b00000|  0%| F|  |TAMS 0x00000000a4a00000, 0x00000000a4a00000| Untracked 
| 587|0x00000000a4b00000, 0x00000000a4b00000, 0x00000000a4c00000|  0%| F|  |TAMS 0x00000000a4b00000, 0x00000000a4b00000| Untracked 
| 588|0x00000000a4c00000, 0x00000000a4c00000, 0x00000000a4d00000|  0%| F|  |TAMS 0x00000000a4c00000, 0x00000000a4c00000| Untracked 
| 589|0x00000000a4d00000, 0x00000000a4d00000, 0x00000000a4e00000|  0%| F|  |TAMS 0x00000000a4d00000, 0x00000000a4d00000| Untracked 
| 590|0x00000000a4e00000, 0x00000000a4e00000, 0x00000000a4f00000|  0%| F|  |TAMS 0x00000000a4e00000, 0x00000000a4e00000| Untracked 
| 591|0x00000000a4f00000, 0x00000000a4f00000, 0x00000000a5000000|  0%| F|  |TAMS 0x00000000a4f00000, 0x00000000a4f00000| Untracked 
| 592|0x00000000a5000000, 0x00000000a5000000, 0x00000000a5100000|  0%| F|  |TAMS 0x00000000a5000000, 0x00000000a5000000| Untracked 
| 593|0x00000000a5100000, 0x00000000a5100000, 0x00000000a5200000|  0%| F|  |TAMS 0x00000000a5100000, 0x00000000a5100000| Untracked 
| 594|0x00000000a5200000, 0x00000000a5200000, 0x00000000a5300000|  0%| F|  |TAMS 0x00000000a5200000, 0x00000000a5200000| Untracked 
| 595|0x00000000a5300000, 0x00000000a5300000, 0x00000000a5400000|  0%| F|  |TAMS 0x00000000a5300000, 0x00000000a5300000| Untracked 
| 596|0x00000000a5400000, 0x00000000a5400000, 0x00000000a5500000|  0%| F|  |TAMS 0x00000000a5400000, 0x00000000a5400000| Untracked 
| 597|0x00000000a5500000, 0x00000000a5500000, 0x00000000a5600000|  0%| F|  |TAMS 0x00000000a5500000, 0x00000000a5500000| Untracked 
| 598|0x00000000a5600000, 0x00000000a5600000, 0x00000000a5700000|  0%| F|  |TAMS 0x00000000a5600000, 0x00000000a5600000| Untracked 
| 599|0x00000000a5700000, 0x00000000a5700000, 0x00000000a5800000|  0%| F|  |TAMS 0x00000000a5700000, 0x00000000a5700000| Untracked 
| 600|0x00000000a5800000, 0x00000000a5800000, 0x00000000a5900000|  0%| F|  |TAMS 0x00000000a5800000, 0x00000000a5800000| Untracked 
| 601|0x00000000a5900000, 0x00000000a5900000, 0x00000000a5a00000|  0%| F|  |TAMS 0x00000000a5900000, 0x00000000a5900000| Untracked 
| 602|0x00000000a5a00000, 0x00000000a5a00000, 0x00000000a5b00000|  0%| F|  |TAMS 0x00000000a5a00000, 0x00000000a5a00000| Untracked 
| 603|0x00000000a5b00000, 0x00000000a5b00000, 0x00000000a5c00000|  0%| F|  |TAMS 0x00000000a5b00000, 0x00000000a5b00000| Untracked 
| 604|0x00000000a5c00000, 0x00000000a5c00000, 0x00000000a5d00000|  0%| F|  |TAMS 0x00000000a5c00000, 0x00000000a5c00000| Untracked 
| 605|0x00000000a5d00000, 0x00000000a5d00000, 0x00000000a5e00000|  0%| F|  |TAMS 0x00000000a5d00000, 0x00000000a5d00000| Untracked 
| 606|0x00000000a5e00000, 0x00000000a5e00000, 0x00000000a5f00000|  0%| F|  |TAMS 0x00000000a5e00000, 0x00000000a5e00000| Untracked 
| 607|0x00000000a5f00000, 0x00000000a5f00000, 0x00000000a6000000|  0%| F|  |TAMS 0x00000000a5f00000, 0x00000000a5f00000| Untracked 
| 608|0x00000000a6000000, 0x00000000a6000000, 0x00000000a6100000|  0%| F|  |TAMS 0x00000000a6000000, 0x00000000a6000000| Untracked 
| 609|0x00000000a6100000, 0x00000000a6100000, 0x00000000a6200000|  0%| F|  |TAMS 0x00000000a6100000, 0x00000000a6100000| Untracked 
| 610|0x00000000a6200000, 0x00000000a6200000, 0x00000000a6300000|  0%| F|  |TAMS 0x00000000a6200000, 0x00000000a6200000| Untracked 
| 611|0x00000000a6300000, 0x00000000a6300000, 0x00000000a6400000|  0%| F|  |TAMS 0x00000000a6300000, 0x00000000a6300000| Untracked 
| 612|0x00000000a6400000, 0x00000000a6400000, 0x00000000a6500000|  0%| F|  |TAMS 0x00000000a6400000, 0x00000000a6400000| Untracked 
| 613|0x00000000a6500000, 0x00000000a6500000, 0x00000000a6600000|  0%| F|  |TAMS 0x00000000a6500000, 0x00000000a6500000| Untracked 
| 614|0x00000000a6600000, 0x00000000a6700000, 0x00000000a6700000|100%| S|CS|TAMS 0x00000000a6600000, 0x00000000a6600000| Complete 
| 615|0x00000000a6700000, 0x00000000a6800000, 0x00000000a6800000|100%| S|CS|TAMS 0x00000000a6700000, 0x00000000a6700000| Complete 
| 616|0x00000000a6800000, 0x00000000a6900000, 0x00000000a6900000|100%| S|CS|TAMS 0x00000000a6800000, 0x00000000a6800000| Complete 
| 617|0x00000000a6900000, 0x00000000a6a00000, 0x00000000a6a00000|100%| S|CS|TAMS 0x00000000a6900000, 0x00000000a6900000| Complete 
| 618|0x00000000a6a00000, 0x00000000a6b00000, 0x00000000a6b00000|100%| S|CS|TAMS 0x00000000a6a00000, 0x00000000a6a00000| Complete 
| 619|0x00000000a6b00000, 0x00000000a6c00000, 0x00000000a6c00000|100%| S|CS|TAMS 0x00000000a6b00000, 0x00000000a6b00000| Complete 
| 620|0x00000000a6c00000, 0x00000000a6d00000, 0x00000000a6d00000|100%| S|CS|TAMS 0x00000000a6c00000, 0x00000000a6c00000| Complete 
| 621|0x00000000a6d00000, 0x00000000a6e00000, 0x00000000a6e00000|100%| S|CS|TAMS 0x00000000a6d00000, 0x00000000a6d00000| Complete 
| 622|0x00000000a6e00000, 0x00000000a6f00000, 0x00000000a6f00000|100%| S|CS|TAMS 0x00000000a6e00000, 0x00000000a6e00000| Complete 
| 623|0x00000000a6f00000, 0x00000000a7000000, 0x00000000a7000000|100%| S|CS|TAMS 0x00000000a6f00000, 0x00000000a6f00000| Complete 
| 624|0x00000000a7000000, 0x00000000a7100000, 0x00000000a7100000|100%| S|CS|TAMS 0x00000000a7000000, 0x00000000a7000000| Complete 
| 625|0x00000000a7100000, 0x00000000a7200000, 0x00000000a7200000|100%| S|CS|TAMS 0x00000000a7100000, 0x00000000a7100000| Complete 
| 626|0x00000000a7200000, 0x00000000a7300000, 0x00000000a7300000|100%| S|CS|TAMS 0x00000000a7200000, 0x00000000a7200000| Complete 
| 627|0x00000000a7300000, 0x00000000a7400000, 0x00000000a7400000|100%| S|CS|TAMS 0x00000000a7300000, 0x00000000a7300000| Complete 
| 628|0x00000000a7400000, 0x00000000a7500000, 0x00000000a7500000|100%| S|CS|TAMS 0x00000000a7400000, 0x00000000a7400000| Complete 
| 629|0x00000000a7500000, 0x00000000a7500000, 0x00000000a7600000|  0%| F|  |TAMS 0x00000000a7500000, 0x00000000a7500000| Untracked 
| 630|0x00000000a7600000, 0x00000000a7600000, 0x00000000a7700000|  0%| F|  |TAMS 0x00000000a7600000, 0x00000000a7600000| Untracked 
| 631|0x00000000a7700000, 0x00000000a7700000, 0x00000000a7800000|  0%| F|  |TAMS 0x00000000a7700000, 0x00000000a7700000| Untracked 
| 632|0x00000000a7800000, 0x00000000a7800000, 0x00000000a7900000|  0%| F|  |TAMS 0x00000000a7800000, 0x00000000a7800000| Untracked 
| 633|0x00000000a7900000, 0x00000000a7900000, 0x00000000a7a00000|  0%| F|  |TAMS 0x00000000a7900000, 0x00000000a7900000| Untracked 
| 634|0x00000000a7a00000, 0x00000000a7a00000, 0x00000000a7b00000|  0%| F|  |TAMS 0x00000000a7a00000, 0x00000000a7a00000| Untracked 
| 635|0x00000000a7b00000, 0x00000000a7b00000, 0x00000000a7c00000|  0%| F|  |TAMS 0x00000000a7b00000, 0x00000000a7b00000| Untracked 
| 636|0x00000000a7c00000, 0x00000000a7c00000, 0x00000000a7d00000|  0%| F|  |TAMS 0x00000000a7c00000, 0x00000000a7c00000| Untracked 
| 637|0x00000000a7d00000, 0x00000000a7d00000, 0x00000000a7e00000|  0%| F|  |TAMS 0x00000000a7d00000, 0x00000000a7d00000| Untracked 
| 638|0x00000000a7e00000, 0x00000000a7e00000, 0x00000000a7f00000|  0%| F|  |TAMS 0x00000000a7e00000, 0x00000000a7e00000| Untracked 
| 639|0x00000000a7f00000, 0x00000000a7f00000, 0x00000000a8000000|  0%| F|  |TAMS 0x00000000a7f00000, 0x00000000a7f00000| Untracked 
| 640|0x00000000a8000000, 0x00000000a8000000, 0x00000000a8100000|  0%| F|  |TAMS 0x00000000a8000000, 0x00000000a8000000| Untracked 
| 641|0x00000000a8100000, 0x00000000a8100000, 0x00000000a8200000|  0%| F|  |TAMS 0x00000000a8100000, 0x00000000a8100000| Untracked 
| 642|0x00000000a8200000, 0x00000000a8200000, 0x00000000a8300000|  0%| F|  |TAMS 0x00000000a8200000, 0x00000000a8200000| Untracked 
| 643|0x00000000a8300000, 0x00000000a8300000, 0x00000000a8400000|  0%| F|  |TAMS 0x00000000a8300000, 0x00000000a8300000| Untracked 
| 644|0x00000000a8400000, 0x00000000a8400000, 0x00000000a8500000|  0%| F|  |TAMS 0x00000000a8400000, 0x00000000a8400000| Untracked 
| 645|0x00000000a8500000, 0x00000000a8500000, 0x00000000a8600000|  0%| F|  |TAMS 0x00000000a8500000, 0x00000000a8500000| Untracked 
| 646|0x00000000a8600000, 0x00000000a8600000, 0x00000000a8700000|  0%| F|  |TAMS 0x00000000a8600000, 0x00000000a8600000| Untracked 
| 647|0x00000000a8700000, 0x00000000a8700000, 0x00000000a8800000|  0%| F|  |TAMS 0x00000000a8700000, 0x00000000a8700000| Untracked 
| 648|0x00000000a8800000, 0x00000000a8800000, 0x00000000a8900000|  0%| F|  |TAMS 0x00000000a8800000, 0x00000000a8800000| Untracked 
| 649|0x00000000a8900000, 0x00000000a8900000, 0x00000000a8a00000|  0%| F|  |TAMS 0x00000000a8900000, 0x00000000a8900000| Untracked 
| 650|0x00000000a8a00000, 0x00000000a8a00000, 0x00000000a8b00000|  0%| F|  |TAMS 0x00000000a8a00000, 0x00000000a8a00000| Untracked 
| 651|0x00000000a8b00000, 0x00000000a8b00000, 0x00000000a8c00000|  0%| F|  |TAMS 0x00000000a8b00000, 0x00000000a8b00000| Untracked 
| 652|0x00000000a8c00000, 0x00000000a8c00000, 0x00000000a8d00000|  0%| F|  |TAMS 0x00000000a8c00000, 0x00000000a8c00000| Untracked 
| 653|0x00000000a8d00000, 0x00000000a8d00000, 0x00000000a8e00000|  0%| F|  |TAMS 0x00000000a8d00000, 0x00000000a8d00000| Untracked 
| 654|0x00000000a8e00000, 0x00000000a8e00000, 0x00000000a8f00000|  0%| F|  |TAMS 0x00000000a8e00000, 0x00000000a8e00000| Untracked 
| 655|0x00000000a8f00000, 0x00000000a8f00000, 0x00000000a9000000|  0%| F|  |TAMS 0x00000000a8f00000, 0x00000000a8f00000| Untracked 
| 656|0x00000000a9000000, 0x00000000a9000000, 0x00000000a9100000|  0%| F|  |TAMS 0x00000000a9000000, 0x00000000a9000000| Untracked 
| 657|0x00000000a9100000, 0x00000000a9100000, 0x00000000a9200000|  0%| F|  |TAMS 0x00000000a9100000, 0x00000000a9100000| Untracked 
| 658|0x00000000a9200000, 0x00000000a9200000, 0x00000000a9300000|  0%| F|  |TAMS 0x00000000a9200000, 0x00000000a9200000| Untracked 
| 659|0x00000000a9300000, 0x00000000a9300000, 0x00000000a9400000|  0%| F|  |TAMS 0x00000000a9300000, 0x00000000a9300000| Untracked 
| 660|0x00000000a9400000, 0x00000000a9400000, 0x00000000a9500000|  0%| F|  |TAMS 0x00000000a9400000, 0x00000000a9400000| Untracked 
| 661|0x00000000a9500000, 0x00000000a9500000, 0x00000000a9600000|  0%| F|  |TAMS 0x00000000a9500000, 0x00000000a9500000| Untracked 
| 662|0x00000000a9600000, 0x00000000a9600000, 0x00000000a9700000|  0%| F|  |TAMS 0x00000000a9600000, 0x00000000a9600000| Untracked 
| 663|0x00000000a9700000, 0x00000000a9700000, 0x00000000a9800000|  0%| F|  |TAMS 0x00000000a9700000, 0x00000000a9700000| Untracked 
| 664|0x00000000a9800000, 0x00000000a9800000, 0x00000000a9900000|  0%| F|  |TAMS 0x00000000a9800000, 0x00000000a9800000| Untracked 
| 665|0x00000000a9900000, 0x00000000a9900000, 0x00000000a9a00000|  0%| F|  |TAMS 0x00000000a9900000, 0x00000000a9900000| Untracked 
| 666|0x00000000a9a00000, 0x00000000a9a00000, 0x00000000a9b00000|  0%| F|  |TAMS 0x00000000a9a00000, 0x00000000a9a00000| Untracked 

Card table byte_map: [0x0000013cad870000,0x0000013cadc70000] _byte_map_base: 0x0000013cad470000

Marking Bits (Prev, Next): (CMBitMap*) 0x0000013c96029c40, (CMBitMap*) 0x0000013c96029c80
 Prev Bits: [0x0000013cae070000, 0x0000013cb0070000)
 Next Bits: [0x0000013cb0070000, 0x0000013cb2070000)

Polling page: 0x0000013c95780000

Metaspace:

Usage:
  Non-class:    159.95 MB used.
      Class:     23.89 MB used.
       Both:    183.85 MB used.

Virtual space:
  Non-class space:      192.00 MB reserved,     161.50 MB ( 84%) committed,  3 nodes.
      Class space:      412.00 MB reserved,      25.56 MB (  6%) committed,  1 nodes.
             Both:      604.00 MB reserved,     187.06 MB ( 31%) committed. 

Chunk freelists:
   Non-Class:  2.06 MB
       Class:  2.38 MB
        Both:  4.44 MB

MaxMetaspaceSize: 512.00 MB
CompressedClassSpaceSize: 412.00 MB
Initial GC threshold: 21.00 MB
Current GC threshold: 311.81 MB
CDS: on
MetaspaceReclaimPolicy: balanced
 - commit_granule_bytes: 65536.
 - commit_granule_words: 8192.
 - virtual_space_node_default_size: 8388608.
 - enlarge_chunks_in_place: 1.
 - new_chunks_are_fully_committed: 0.
 - uncommit_free_chunks: 1.
 - use_allocation_guard: 0.


Internal statistics:

num_allocs_failed_limit: 14.
num_arena_births: 5924.
num_arena_deaths: 12.
num_vsnodes_births: 4.
num_vsnodes_deaths: 0.
num_space_committed: 2993.
num_space_uncommitted: 2.
num_chunks_returned_to_freelist: 52.
num_chunks_taken_from_freelist: 14520.
num_chunk_merges: 17.
num_chunk_splits: 9612.
num_chunks_enlarged: 6209.
num_inconsistent_stats: 0.

CodeHeap 'non-profiled nmethods': size=120000Kb used=18537Kb max_used=18537Kb free=101462Kb
 bounds [0x0000013ca59f0000, 0x0000013ca6c10000, 0x0000013cacf20000]
CodeHeap 'profiled nmethods': size=120000Kb used=49989Kb max_used=50549Kb free=70010Kb
 bounds [0x0000013c9df20000, 0x0000013ca10a0000, 0x0000013ca5450000]
CodeHeap 'non-nmethods': size=5760Kb used=2027Kb max_used=2111Kb free=3732Kb
 bounds [0x0000013ca5450000, 0x0000013ca56c0000, 0x0000013ca59f0000]
 total_blobs=26537 nmethods=25459 adapters=987
 compilation: enabled
              stopped_count=0, restarted_count=0
 full_count=0

Compilation events (20 events):
Event: 85.889 Thread 0x0000013cbf39cf00 nmethod 32711 0x0000013ca6b1da10 code [0x0000013ca6b1db80, 0x0000013ca6b1ddd8]
Event: 85.889 Thread 0x0000013cbf39cf00 32524       4       com.android.tools.r8.graph.v2::s0 (12 bytes)
Event: 85.890 Thread 0x0000013cb4d92520 nmethod 32712 0x0000013ca6b1d010 code [0x0000013ca6b1d1a0, 0x0000013ca6b1d638]
Event: 85.890 Thread 0x0000013cbf39cf00 nmethod 32524 0x0000013ca6b2f910 code [0x0000013ca6b2faa0, 0x0000013ca6b2fb58]
Event: 85.890 Thread 0x0000013cbf39cf00 32716       4       com.android.tools.r8.dex.z::b (36 bytes)
Event: 85.890 Thread 0x0000013cb4d92520 32719       4       com.android.tools.r8.graph.d6::b (8 bytes)
Event: 85.891 Thread 0x0000013cb4d92520 nmethod 32719 0x0000013ca6b2f610 code [0x0000013ca6b2f7a0, 0x0000013ca6b2f838]
Event: 85.891 Thread 0x0000013cb4d92520 32718       4       com.android.tools.r8.internal.xe0::<init> (26 bytes)
Event: 85.892 Thread 0x0000013cb4d92520 nmethod 32718 0x0000013ca6b2f290 code [0x0000013ca6b2f420, 0x0000013ca6b2f4f8]
Event: 85.892 Thread 0x0000013cb4d92520 32720       4       com.android.tools.r8.internal.xe0::hashCode (20 bytes)
Event: 85.893 Thread 0x0000013cbf39cf00 nmethod 32716 0x0000013ca6b2ee10 code [0x0000013ca6b2efa0, 0x0000013ca6b2f108]
Event: 85.893 Thread 0x0000013cbf39cf00 32600       4       com.android.tools.r8.internal.d21::a (15 bytes)
Event: 85.893 Thread 0x0000013cbf39cf00 nmethod 32600 0x0000013ca6b2eb10 code [0x0000013ca6b2ec80, 0x0000013ca6b2ed18]
Event: 85.893 Thread 0x0000013cbf39cf00 32573       4       com.android.tools.r8.graph.a0::a (2 bytes)
Event: 85.894 Thread 0x0000013cb4d92520 nmethod 32720 0x0000013ca6b2e790 code [0x0000013ca6b2e920, 0x0000013ca6b2ea08]
Event: 85.894 Thread 0x0000013cb4d92520 32520       4       com.android.tools.r8.internal.vg0::a (65 bytes)
Event: 85.894 Thread 0x0000013cbf39cf00 nmethod 32573 0x0000013ca6b2e490 code [0x0000013ca6b2e600, 0x0000013ca6b2e678]
Event: 85.894 Thread 0x0000013cbf39cf00 32418 %     4       com.android.tools.r8.dex.z::a @ 293 (1018 bytes)
Event: 85.900 Thread 0x0000013cb4d9e3a0 32723 %     2       com.android.tools.r8.internal.zf1::d @ 63 (186 bytes)
Event: 85.901 Thread 0x0000013cb4d9e3a0 nmethod 32723% 0x0000013c9ed73390 code [0x0000013c9ed735a0, 0x0000013c9ed73f28]

GC Heap History (20 events):
Event: 78.902 GC heap after
{Heap after GC invocations=103 (full 0):
 garbage-first heap   total 477184K, used 244755K [0x0000000080000000, 0x0000000100000000)
  region size 1024K, 10 young (10240K), 10 survivors (10240K)
 Metaspace       used 169550K, committed 172736K, reserved 618496K
  class space    used 21905K, committed 23552K, reserved 421888K
}
Event: 81.053 GC heap before
{Heap before GC invocations=103 (full 0):
 garbage-first heap   total 477184K, used 407571K [0x0000000080000000, 0x0000000100000000)
  region size 1024K, 170 young (174080K), 10 survivors (10240K)
 Metaspace       used 172868K, committed 176064K, reserved 618496K
  class space    used 22336K, committed 24000K, reserved 421888K
}
Event: 81.062 GC heap after
{Heap after GC invocations=104 (full 0):
 garbage-first heap   total 477184K, used 252767K [0x0000000080000000, 0x0000000100000000)
  region size 1024K, 17 young (17408K), 17 survivors (17408K)
 Metaspace       used 172868K, committed 176064K, reserved 618496K
  class space    used 22336K, committed 24000K, reserved 421888K
}
Event: 82.839 GC heap before
{Heap before GC invocations=104 (full 0):
 garbage-first heap   total 477184K, used 407391K [0x0000000080000000, 0x0000000100000000)
  region size 1024K, 169 young (173056K), 17 survivors (17408K)
 Metaspace       used 184053K, committed 187264K, reserved 618496K
  class space    used 23905K, committed 25536K, reserved 421888K
}
Event: 82.851 GC heap after
{Heap after GC invocations=105 (full 0):
 garbage-first heap   total 477184K, used 256521K [0x0000000080000000, 0x0000000100000000)
  region size 1024K, 12 young (12288K), 12 survivors (12288K)
 Metaspace       used 184053K, committed 187264K, reserved 618496K
  class space    used 23905K, committed 25536K, reserved 421888K
}
Event: 84.235 GC heap before
{Heap before GC invocations=105 (full 0):
 garbage-first heap   total 477184K, used 409097K [0x0000000080000000, 0x0000000100000000)
  region size 1024K, 162 young (165888K), 12 survivors (12288K)
 Metaspace       used 186673K, committed 189888K, reserved 618496K
  class space    used 24213K, committed 25856K, reserved 421888K
}
Event: 84.247 GC heap after
{Heap after GC invocations=106 (full 0):
 garbage-first heap   total 477184K, used 254887K [0x0000000080000000, 0x0000000100000000)
  region size 1024K, 11 young (11264K), 11 survivors (11264K)
 Metaspace       used 186673K, committed 189888K, reserved 618496K
  class space    used 24213K, committed 25856K, reserved 421888K
}
Event: 84.597 GC heap before
{Heap before GC invocations=106 (full 0):
 garbage-first heap   total 477184K, used 388007K [0x0000000080000000, 0x0000000100000000)
  region size 1024K, 111 young (113664K), 11 survivors (11264K)
 Metaspace       used 187346K, committed 190592K, reserved 618496K
  class space    used 24302K, committed 25984K, reserved 421888K
}
Event: 84.605 GC heap after
{Heap after GC invocations=107 (full 0):
 garbage-first heap   total 477184K, used 287618K [0x0000000080000000, 0x0000000100000000)
  region size 1024K, 17 young (17408K), 17 survivors (17408K)
 Metaspace       used 187346K, committed 190592K, reserved 618496K
  class space    used 24302K, committed 25984K, reserved 421888K
}
Event: 84.619 GC heap before
{Heap before GC invocations=107 (full 0):
 garbage-first heap   total 477184K, used 333698K [0x0000000080000000, 0x0000000100000000)
  region size 1024K, 37 young (37888K), 17 survivors (17408K)
 Metaspace       used 187348K, committed 190592K, reserved 618496K
  class space    used 24302K, committed 25984K, reserved 421888K
}
Event: 84.627 GC heap after
{Heap after GC invocations=108 (full 0):
 garbage-first heap   total 477184K, used 305510K [0x0000000080000000, 0x0000000100000000)
  region size 1024K, 15 young (15360K), 15 survivors (15360K)
 Metaspace       used 187348K, committed 190592K, reserved 618496K
  class space    used 24302K, committed 25984K, reserved 421888K
}
Event: 84.628 GC heap before
{Heap before GC invocations=108 (full 0):
 garbage-first heap   total 477184K, used 307558K [0x0000000080000000, 0x0000000100000000)
  region size 1024K, 17 young (17408K), 15 survivors (15360K)
 Metaspace       used 187348K, committed 190592K, reserved 618496K
  class space    used 24302K, committed 25984K, reserved 421888K
}
Event: 84.633 GC heap after
{Heap after GC invocations=109 (full 0):
 garbage-first heap   total 477184K, used 304532K [0x0000000080000000, 0x0000000100000000)
  region size 1024K, 7 young (7168K), 7 survivors (7168K)
 Metaspace       used 187348K, committed 190592K, reserved 618496K
  class space    used 24302K, committed 25984K, reserved 421888K
}
Event: 85.341 GC heap before
{Heap before GC invocations=110 (full 0):
 garbage-first heap   total 585728K, used 388500K [0x0000000080000000, 0x0000000100000000)
  region size 1024K, 79 young (80896K), 7 survivors (7168K)
 Metaspace       used 187654K, committed 191040K, reserved 618496K
  class space    used 24355K, committed 26112K, reserved 421888K
}
Event: 85.359 GC heap after
{Heap after GC invocations=111 (full 0):
 garbage-first heap   total 585728K, used 333481K [0x0000000080000000, 0x0000000100000000)
  region size 1024K, 10 young (10240K), 10 survivors (10240K)
 Metaspace       used 187654K, committed 191040K, reserved 618496K
  class space    used 24355K, committed 26112K, reserved 421888K
}
Event: 85.471 GC heap before
{Heap before GC invocations=111 (full 0):
 garbage-first heap   total 585728K, used 353961K [0x0000000080000000, 0x0000000100000000)
  region size 1024K, 28 young (28672K), 10 survivors (10240K)
 Metaspace       used 187714K, committed 191040K, reserved 618496K
  class space    used 24367K, committed 26112K, reserved 421888K
}
Event: 85.488 GC heap after
{Heap after GC invocations=112 (full 0):
 garbage-first heap   total 585728K, used 338794K [0x0000000080000000, 0x0000000100000000)
  region size 1024K, 4 young (4096K), 4 survivors (4096K)
 Metaspace       used 187714K, committed 191040K, reserved 618496K
  class space    used 24367K, committed 26112K, reserved 421888K
}
Event: 85.523 GC heap before
{Heap before GC invocations=112 (full 0):
 garbage-first heap   total 585728K, used 343914K [0x0000000080000000, 0x0000000100000000)
  region size 1024K, 11 young (11264K), 4 survivors (4096K)
 Metaspace       used 187714K, committed 191040K, reserved 618496K
  class space    used 24367K, committed 26112K, reserved 421888K
}
Event: 85.532 GC heap after
{Heap after GC invocations=113 (full 0):
 garbage-first heap   total 585728K, used 341589K [0x0000000080000000, 0x0000000100000000)
  region size 1024K, 7 young (7168K), 7 survivors (7168K)
 Metaspace       used 187714K, committed 191040K, reserved 618496K
  class space    used 24367K, committed 26112K, reserved 421888K
}
Event: 85.905 GC heap before
{Heap before GC invocations=113 (full 0):
 garbage-first heap   total 683008K, used 448085K [0x0000000080000000, 0x0000000100000000)
  region size 1024K, 115 young (117760K), 7 survivors (7168K)
 Metaspace       used 188260K, committed 191552K, reserved 618496K
  class space    used 24467K, committed 26176K, reserved 421888K
}

Dll operation events (17 events):
Event: 0.010 Loaded shared library C:\Program Files\Java\jdk-19\bin\java.dll
Event: 0.019 Loaded shared library C:\Program Files\Java\jdk-19\bin\jsvml.dll
Event: 0.060 Loaded shared library C:\Program Files\Java\jdk-19\bin\zip.dll
Event: 0.063 Loaded shared library C:\Program Files\Java\jdk-19\bin\instrument.dll
Event: 0.068 Loaded shared library C:\Program Files\Java\jdk-19\bin\net.dll
Event: 0.069 Loaded shared library C:\Program Files\Java\jdk-19\bin\nio.dll
Event: 0.071 Loaded shared library C:\Program Files\Java\jdk-19\bin\zip.dll
Event: 0.207 Loaded shared library C:\Program Files\Java\jdk-19\bin\jimage.dll
Event: 0.382 Loaded shared library C:\Program Files\Java\jdk-19\bin\verify.dll
Event: 0.406 Loaded shared library C:\Users\JONATHAN\.gradle\native\660c5614fbf4a5f2a75b1949f50a0caf5cd603558e7d8a26e50b933a0cfb79d1\windows-amd64\native-platform.dll
Event: 0.417 Loaded shared library C:\Users\JONATHAN\.gradle\native\0.2.8\x86_64-windows-gnu\gradle-fileevents.dll
Event: 1.198 Loaded shared library C:\Program Files\Java\jdk-19\bin\management.dll
Event: 1.199 Loaded shared library C:\Program Files\Java\jdk-19\bin\management_ext.dll
Event: 1.488 Loaded shared library C:\Program Files\Java\jdk-19\bin\extnet.dll
Event: 1.697 Loaded shared library C:\Program Files\Java\jdk-19\bin\sunmscapi.dll
Event: 35.258 Loaded shared library C:\Users\JONATHAN\AppData\Local\Temp\jna--487030951\jna9033359688466327935.dll
Event: 70.677 Loaded shared library C:\Program Files\Java\jdk-19\bin\rmi.dll

Deoptimization events (20 events):
Event: 85.865 Thread 0x0000013cbc10dc60 DEOPT PACKING pc=0x0000013c9f0a5ea2 sp=0x000000029c3fed60
Event: 85.865 Thread 0x0000013cbc10dc60 DEOPT UNPACKING pc=0x0000013ca54b7543 sp=0x000000029c3fe280 mode 0
Event: 85.870 Thread 0x0000013cbc10dc60 DEOPT PACKING pc=0x0000013c9f0a5ea2 sp=0x000000029c3fed70
Event: 85.870 Thread 0x0000013cbc10dc60 DEOPT UNPACKING pc=0x0000013ca54b7543 sp=0x000000029c3fe290 mode 0
Event: 85.876 Thread 0x0000013cc8c9a1e0 DEOPT PACKING pc=0x0000013c9f0a5ea2 sp=0x000000029d9fed60
Event: 85.876 Thread 0x0000013cc8c9a1e0 DEOPT UNPACKING pc=0x0000013ca54b7543 sp=0x000000029d9fe280 mode 0
Event: 85.882 Thread 0x0000013cbd77dc10 DEOPT PACKING pc=0x0000013c9f0a5ea2 sp=0x000000029c2fec70
Event: 85.882 Thread 0x0000013cbd77dc10 DEOPT UNPACKING pc=0x0000013ca54b7543 sp=0x000000029c2fe190 mode 0
Event: 85.885 Thread 0x0000013cc04d75e0 DEOPT PACKING pc=0x0000013ca0e0a30d sp=0x000000029d4fe9b0
Event: 85.885 Thread 0x0000013cc04d75e0 DEOPT UNPACKING pc=0x0000013ca54b7543 sp=0x000000029d4fdec8 mode 0
Event: 85.887 Thread 0x0000013cc8c98ca0 DEOPT PACKING pc=0x0000013c9f0a5ea2 sp=0x000000029dafecb0
Event: 85.887 Thread 0x0000013cc8c98ca0 DEOPT UNPACKING pc=0x0000013ca54b7543 sp=0x000000029dafe1d0 mode 0
Event: 85.892 Thread 0x0000013cc8c9ac80 DEOPT PACKING pc=0x0000013c9f0a5ea2 sp=0x000000029dcfe880
Event: 85.892 Thread 0x0000013cc8c9ac80 DEOPT UNPACKING pc=0x0000013ca54b7543 sp=0x000000029dcfdda0 mode 0
Event: 85.897 Thread 0x0000013cbd77dc10 DEOPT PACKING pc=0x0000013c9f0a5ea2 sp=0x000000029c2fec70
Event: 85.897 Thread 0x0000013cbd77dc10 DEOPT UNPACKING pc=0x0000013ca54b7543 sp=0x000000029c2fe190 mode 0
Event: 85.900 Thread 0x0000013cc8c9a730 DEOPT PACKING pc=0x0000013ca0e0a30d sp=0x000000029d7fe860
Event: 85.900 Thread 0x0000013cc8c9a730 DEOPT UNPACKING pc=0x0000013ca54b7543 sp=0x000000029d7fdd78 mode 0
Event: 85.901 Thread 0x0000013cc8c9a730 DEOPT PACKING pc=0x0000013c9f0a5ea2 sp=0x000000029d7fe990
Event: 85.902 Thread 0x0000013cc8c9a730 DEOPT UNPACKING pc=0x0000013ca54b7543 sp=0x000000029d7fdeb0 mode 0

Classes loaded (20 events):
Event: 84.296 Loading class java/nio/file/FileTreeIterator
Event: 84.297 Loading class java/nio/file/FileTreeIterator done
Event: 84.585 Loading class java/nio/BufferUnderflowException
Event: 84.585 Loading class java/nio/BufferUnderflowException done
Event: 84.926 Loading class sun/rmi/transport/DGCClient$EndpointEntry$CleanRequest
Event: 84.926 Loading class sun/rmi/transport/DGCClient$EndpointEntry$CleanRequest done
Event: 85.382 Loading class java/nio/channels/AsynchronousCloseException
Event: 85.382 Loading class java/nio/channels/AsynchronousCloseException done
Event: 85.384 Loading class java/lang/invoke/WrongMethodTypeException
Event: 85.384 Loading class java/lang/invoke/WrongMethodTypeException done
Event: 85.545 Loading class java/util/concurrent/ForkJoinTask$AdaptedCallable
Event: 85.546 Loading class java/util/concurrent/ForkJoinTask$AdaptedCallable done
Event: 85.569 Loading class java/util/AbstractList$RandomAccessSubList
Event: 85.569 Loading class java/util/AbstractList$SubList
Event: 85.570 Loading class java/util/AbstractList$SubList done
Event: 85.570 Loading class java/util/AbstractList$RandomAccessSubList done
Event: 85.570 Loading class java/util/AbstractList$SubList$1
Event: 85.571 Loading class java/util/AbstractList$SubList$1 done
Event: 85.594 Loading class java/nio/HeapShortBuffer
Event: 85.594 Loading class java/nio/HeapShortBuffer done

Classes unloaded (20 events):
Event: 84.869 Thread 0x0000013cb4d65db0 Unloading class 0x000000080269eb80 'jdk/internal/jimage/BasicImageReader$2'
Event: 84.869 Thread 0x0000013cb4d65db0 Unloading class 0x000000080269e960 'jdk/internal/jimage/BasicImageReader$1'
Event: 84.869 Thread 0x0000013cb4d65db0 Unloading class 0x000000080269e708 'jdk/internal/jimage/ImageReader$Resource'
Event: 84.869 Thread 0x0000013cb4d65db0 Unloading class 0x000000080269e4b0 'jdk/internal/jimage/ImageReader$LinkNode'
Event: 84.869 Thread 0x0000013cb4d65db0 Unloading class 0x000000080269e258 'jdk/internal/jimage/ImageReader$Directory'
Event: 84.869 Thread 0x0000013cb4d65db0 Unloading class 0x000000080269e000 'jdk/internal/jimage/ImageReader$Node'
Event: 84.869 Thread 0x0000013cb4d65db0 Unloading class 0x000000080269ddb0 'jdk/internal/jimage/ImageStrings'
Event: 84.869 Thread 0x0000013cb4d65db0 Unloading class 0x000000080269db00 'jdk/internal/jimage/ImageReader$SharedImageReader'
Event: 84.869 Thread 0x0000013cb4d65db0 Unloading class 0x000000080269d850 'jdk/internal/jimage/BasicImageReader'
Event: 84.869 Thread 0x0000013cb4d65db0 Unloading class 0x000000080269d640 'jdk/internal/jimage/ImageReader'
Event: 84.869 Thread 0x0000013cb4d65db0 Unloading class 0x000000080269d428 'jdk/internal/jrtfs/SystemImage$2'
Event: 84.869 Thread 0x0000013cb4d65db0 Unloading class 0x000000080269d220 'jdk/internal/jrtfs/SystemImage$$Lambda$3311+0x000000080269d220'
Event: 84.869 Thread 0x0000013cb4d65db0 Unloading class 0x000000080269d000 'jdk/internal/jrtfs/ExplodedImage'
Event: 84.869 Thread 0x0000013cb4d65db0 Unloading class 0x000000080269cd78 'jdk/internal/jrtfs/SystemImage$1'
Event: 84.869 Thread 0x0000013cb4d65db0 Unloading class 0x000000080269cb70 'jdk/internal/jrtfs/SystemImage'
Event: 84.869 Thread 0x0000013cb4d65db0 Unloading class 0x000000080269c920 'jdk/internal/jrtfs/JrtFileStore'
Event: 84.869 Thread 0x0000013cb4d65db0 Unloading class 0x000000080269c5b8 'jdk/internal/jrtfs/JrtPath'
Event: 84.869 Thread 0x0000013cb4d65db0 Unloading class 0x000000080269c2d0 'jdk/internal/jrtfs/JrtFileSystem'
Event: 84.869 Thread 0x0000013cb4d65db0 Unloading class 0x000000080269c000 'jdk/internal/jrtfs/JrtFileSystemProvider'
Event: 84.869 Thread 0x0000013cb4d65db0 Unloading class 0x0000000802514400 'java/lang/invoke/LambdaForm$DMH+0x0000000802514400'

Classes redefined (0 events):
No events

Internal exceptions (20 events):
Event: 84.290 Thread 0x0000013cbe4f29c0 Exception <a 'sun/nio/fs/WindowsException'{0x000000009d0fcd50}> (0x000000009d0fcd50) 
thrown [s\open\src\hotspot\share\prims\jni.cpp, line 517]
Event: 84.345 Thread 0x0000013cbb7beff0 Exception <a 'sun/nio/fs/WindowsException'{0x000000009c008978}> (0x000000009c008978) 
thrown [s\open\src\hotspot\share\prims\jni.cpp, line 517]
Event: 84.345 Thread 0x0000013cbb7beff0 Exception <a 'sun/nio/fs/WindowsException'{0x000000009c008b40}> (0x000000009c008b40) 
thrown [s\open\src\hotspot\share\prims\jni.cpp, line 517]
Event: 84.358 Thread 0x0000013cbb7beff0 Exception <a 'sun/nio/fs/WindowsException'{0x000000009c009a70}> (0x000000009c009a70) 
thrown [s\open\src\hotspot\share\prims\jni.cpp, line 517]
Event: 84.358 Thread 0x0000013cbb7beff0 Exception <a 'sun/nio/fs/WindowsException'{0x000000009c009c38}> (0x000000009c009c38) 
thrown [s\open\src\hotspot\share\prims\jni.cpp, line 517]
Event: 84.546 Thread 0x0000013cbb7bf540 Exception <a 'sun/nio/fs/WindowsException'{0x0000000098297768}> (0x0000000098297768) 
thrown [s\open\src\hotspot\share\prims\jni.cpp, line 517]
Event: 84.697 Thread 0x0000013cbe4f29c0 Exception <a 'java/lang/NoSuchMethodError'{0x000000009c176220}: static Lorg/gradle/api/internal/tasks/compile/DaemonJavaCompiler$JavaCompilerParameters;.<clinit>()V> (0x000000009c176220) 
thrown [s\open\src\hotspot\share\prims\jni.cpp, line 1107]
Event: 84.697 Thread 0x0000013cbe4f29c0 Exception <a 'java/lang/NoSuchMethodError'{0x000000009c179060}: static Lorg/gradle/api/internal/tasks/compile/daemon/CompilerWorkerExecutor$CompilerParameters;.<clinit>()V> (0x000000009c179060) 
thrown [s\open\src\hotspot\share\prims\jni.cpp, line 1107]
Event: 84.699 Thread 0x0000013cbe4f29c0 Exception <a 'java/lang/NoSuchMethodError'{0x000000009c18cdc8}: static Ljava/lang/Object;.<clinit>()V> (0x000000009c18cdc8) 
thrown [s\open\src\hotspot\share\prims\jni.cpp, line 1107]
Event: 84.701 Thread 0x0000013cbe4f29c0 Exception <a 'java/lang/NoSuchMethodError'{0x000000009c1a70b0}: static Ljava/util/AbstractList;.<clinit>()V> (0x000000009c1a70b0) 
thrown [s\open\src\hotspot\share\prims\jni.cpp, line 1107]
Event: 84.707 Thread 0x0000013cbe4f29c0 Exception <a 'java/lang/NoSuchMethodError'{0x000000009bf47590}: static Lorg/gradle/api/internal/tasks/compile/DefaultJavaCompileSpecFactory$DefaultForkingJavaCompileSpec;.<clinit>()V> (0x000000009bf47590) 
thrown [s\open\src\hotspot\share\prims\jni.cpp, line 1107]
Event: 84.708 Thread 0x0000013cbe4f29c0 Exception <a 'java/lang/NoSuchMethodError'{0x000000009bf50fd8}: static Lorg/gradle/api/internal/tasks/compile/DefaultJavaCompileSpec;.<clinit>()V> (0x000000009bf50fd8) 
thrown [s\open\src\hotspot\share\prims\jni.cpp, line 1107]
Event: 84.709 Thread 0x0000013cbe4f29c0 Exception <a 'java/lang/NoSuchMethodError'{0x000000009bf56990}: static Lorg/gradle/api/internal/tasks/compile/DefaultJvmLanguageCompileSpec;.<clinit>()V> (0x000000009bf56990) 
thrown [s\open\src\hotspot\share\prims\jni.cpp, line 1107]
Event: 84.715 Thread 0x0000013cbe4f29c0 Exception <a 'java/lang/NoSuchMethodError'{0x000000009bed9890}: static Lorg/gradle/api/internal/tasks/compile/MinimalJavaCompileOptions;.<clinit>()V> (0x000000009bed9890) 
thrown [s\open\src\hotspot\share\prims\jni.cpp, line 1107]
Event: 84.728 Thread 0x0000013cbe4f29c0 Exception <a 'java/lang/NoSuchMethodError'{0x000000009bd82f20}: static Lorg/gradle/api/internal/tasks/compile/MinimalJavaCompilerDaemonForkOptions;.<clinit>()V> (0x000000009bd82f20) 
thrown [s\open\src\hotspot\share\prims\jni.cpp, line 1107]
Event: 84.728 Thread 0x0000013cbe4f29c0 Exception <a 'java/lang/NoSuchMethodError'{0x000000009bd859c8}: static Lorg/gradle/api/internal/tasks/compile/MinimalCompilerDaemonForkOptions;.<clinit>()V> (0x000000009bd859c8) 
thrown [s\open\src\hotspot\share\prims\jni.cpp, line 1107]
Event: 84.824 Thread 0x0000013cbe4f29c0 Exception <a 'java/lang/NoSuchMethodError'{0x000000009af38428}: static Lorg/gradle/process/internal/worker/request/WorkerAction;.<clinit>()V> (0x000000009af38428) 
thrown [s\open\src\hotspot\share\prims\jni.cpp, line 1107]
Event: 85.382 Thread 0x0000013cbe4ee4b0 Exception <a 'java/io/IOException'{0x00000000a3700070}> (0x00000000a3700070) 
thrown [s\open\src\hotspot\share\prims\jni.cpp, line 517]
Event: 85.387 Thread 0x0000013cbe4f29c0 Exception <a 'sun/nio/fs/WindowsException'{0x00000000a38a8998}> (0x00000000a38a8998) 
thrown [s\open\src\hotspot\share\prims\jni.cpp, line 517]
Event: 85.574 Thread 0x0000013cc8c98200 Exception <a 'java/lang/NoSuchMethodError'{0x00000000a3966300}: 'long java.lang.invoke.DirectMethodHandle$Holder.invokeStatic(java.lang.Object, java.lang.Object, java.lang.Object)'> (0x00000000a3966300) 
thrown [s\open\src\hotspot\share\interpreter\linkResolver.cpp, line 774]

VM Operations (20 events):
Event: 84.939 Executing VM operation: HandshakeAllThreads done
Event: 85.047 Executing VM operation: G1PauseCleanup
Event: 85.047 Executing VM operation: G1PauseCleanup done
Event: 85.340 Executing VM operation: G1CollectForAllocation
Event: 85.359 Executing VM operation: G1CollectForAllocation done
Event: 85.359 Executing VM operation: HandshakeAllThreads
Event: 85.360 Executing VM operation: HandshakeAllThreads done
Event: 85.471 Executing VM operation: G1CollectForAllocation
Event: 85.488 Executing VM operation: G1CollectForAllocation done
Event: 85.523 Executing VM operation: G1TryInitiateConcMark
Event: 85.532 Executing VM operation: G1TryInitiateConcMark done
Event: 85.597 Executing VM operation: HandshakeAllThreads
Event: 85.598 Executing VM operation: HandshakeAllThreads done
Event: 85.602 Executing VM operation: HandshakeAllThreads
Event: 85.602 Executing VM operation: HandshakeAllThreads done
Event: 85.715 Executing VM operation: HandshakeAllThreads
Event: 85.715 Executing VM operation: HandshakeAllThreads done
Event: 85.809 Executing VM operation: G1PauseRemark
Event: 85.830 Executing VM operation: G1PauseRemark done
Event: 85.904 Executing VM operation: G1CollectForAllocation

Events (20 events):
Event: 85.430 Thread 0x0000013cb4da0d20 flushing nmethod 0x0000013ca0c25c10
Event: 85.430 Thread 0x0000013cb4da0d20 flushing nmethod 0x0000013ca0c2b210
Event: 85.430 Thread 0x0000013cb4da0d20 flushing nmethod 0x0000013ca0c32290
Event: 85.430 Thread 0x0000013cb4da0d20 flushing nmethod 0x0000013ca0c54590
Event: 85.430 Thread 0x0000013cb4da0d20 flushing nmethod 0x0000013ca0c55610
Event: 85.430 Thread 0x0000013cb4da0d20 flushing nmethod 0x0000013ca0c55b90
Event: 85.430 Thread 0x0000013cb4da0d20 flushing nmethod 0x0000013ca0c67b10
Event: 85.430 Thread 0x0000013cb4da0d20 flushing nmethod 0x0000013ca0c99a10
Event: 85.546 Thread 0x0000013cbd77dc10 Thread added: 0x0000013cbd77dc10
Event: 85.547 Thread 0x0000013cbc10dc60 Thread added: 0x0000013cbc10dc60
Event: 85.547 Thread 0x0000013cbdff3030 Thread added: 0x0000013cbdff3030
Event: 85.547 Thread 0x0000013cc04d75e0 Thread added: 0x0000013cc04d75e0
Event: 85.547 Thread 0x0000013cbe4ee4b0 Thread added: 0x0000013cbe4ee4b0
Event: 85.548 Thread 0x0000013cc8c98200 Thread added: 0x0000013cc8c98200
Event: 85.548 Thread 0x0000013cc8c9a730 Thread added: 0x0000013cc8c9a730
Event: 85.548 Thread 0x0000013cc8c97760 Thread added: 0x0000013cc8c97760
Event: 85.548 Thread 0x0000013cc8c9a1e0 Thread added: 0x0000013cc8c9a1e0
Event: 85.548 Thread 0x0000013cc8c98ca0 Thread added: 0x0000013cc8c98ca0
Event: 85.549 Thread 0x0000013cc8c98750 Thread added: 0x0000013cc8c98750
Event: 85.549 Thread 0x0000013cc8c9ac80 Thread added: 0x0000013cc8c9ac80


Dynamic libraries:
0x00007ff74c9d0000 - 0x00007ff74c9e0000 	C:\Program Files\Java\jdk-19\bin\java.exe
0x00007ffcb72a0000 - 0x00007ffcb7507000 	C:\WINDOWS\SYSTEM32\ntdll.dll
0x00007ffcb55a0000 - 0x00007ffcb566b000 	C:\WINDOWS\System32\KERNEL32.DLL
0x00007ffcb4530000 - 0x00007ffcb4932000 	C:\WINDOWS\System32\KERNELBASE.dll
0x00007ffcb4e60000 - 0x00007ffcb4fac000 	C:\WINDOWS\System32\ucrtbase.dll
0x00007ffca60c0000 - 0x00007ffca60d8000 	C:\Program Files\Java\jdk-19\bin\jli.dll
0x00007ffca5ef0000 - 0x00007ffca5f0b000 	C:\Program Files\Java\jdk-19\bin\VCRUNTIME140.dll
0x00007ffcb5290000 - 0x00007ffcb534c000 	C:\WINDOWS\System32\ADVAPI32.dll
0x00007ffcb6730000 - 0x00007ffcb67d9000 	C:\WINDOWS\System32\msvcrt.dll
0x00007ffcb5770000 - 0x00007ffcb5819000 	C:\WINDOWS\System32\sechost.dll
0x00007ffcb7130000 - 0x00007ffcb7248000 	C:\WINDOWS\System32\RPCRT4.dll
0x00007ffcb6f50000 - 0x00007ffcb711f000 	C:\WINDOWS\System32\USER32.dll
0x00007ffc9c8b0000 - 0x00007ffc9cb40000 	C:\WINDOWS\WinSxS\amd64_microsoft.windows.common-controls_6595b64144ccf1df_6.0.26100.9278_none_3e0d1ba8e3303201\COMCTL32.dll
0x00007ffcb4bf0000 - 0x00007ffcb4c17000 	C:\WINDOWS\System32\win32u.dll
0x00007ffcb5a60000 - 0x00007ffcb5a8b000 	C:\WINDOWS\System32\GDI32.dll
0x00007ffcb4940000 - 0x00007ffcb4a69000 	C:\WINDOWS\System32\gdi32full.dll
0x00007ffcb4c20000 - 0x00007ffcb4cc3000 	C:\WINDOWS\System32\msvcp_win.dll
0x00007ffcaaa60000 - 0x00007ffcaaa6b000 	C:\WINDOWS\SYSTEM32\VERSION.dll
0x00007ffcb53b0000 - 0x00007ffcb53e1000 	C:\WINDOWS\System32\IMM32.DLL
0x00007ffcae850000 - 0x00007ffcae85c000 	C:\Program Files\Java\jdk-19\bin\vcruntime140_1.dll
0x00007ffca4110000 - 0x00007ffca419e000 	C:\Program Files\Java\jdk-19\bin\msvcp140.dll
0x00007ffc19b60000 - 0x00007ffc1a820000 	C:\Program Files\Java\jdk-19\bin\server\jvm.dll
0x00007ffcab670000 - 0x00007ffcab67a000 	C:\WINDOWS\SYSTEM32\WSOCK32.dll
0x00007ffcb1570000 - 0x00007ffcb15a6000 	C:\WINDOWS\SYSTEM32\WINMM.dll
0x00007ffcb5510000 - 0x00007ffcb5590000 	C:\WINDOWS\System32\WS2_32.dll
0x00007ffcb3250000 - 0x00007ffcb326b000 	C:\WINDOWS\SYSTEM32\kernel.appcore.dll
0x00007ffca9da0000 - 0x00007ffca9daa000 	C:\Program Files\Java\jdk-19\bin\jimage.dll
0x00007ffcb18e0000 - 0x00007ffcb1b2c000 	C:\WINDOWS\SYSTEM32\DBGHELP.DLL
0x00007ffcb69d0000 - 0x00007ffcb6d55000 	C:\WINDOWS\System32\combase.dll
0x00007ffcb5980000 - 0x00007ffcb5a59000 	C:\WINDOWS\System32\OLEAUT32.dll
0x00007ffcb1530000 - 0x00007ffcb156b000 	C:\WINDOWS\SYSTEM32\dbgcore.DLL
0x00007ffcb4a70000 - 0x00007ffcb4b1c000 	C:\WINDOWS\System32\bcryptPrimitives.dll
0x00007ffca5ba0000 - 0x00007ffca5bae000 	C:\Program Files\Java\jdk-19\bin\instrument.dll
0x00007ffca5bf0000 - 0x00007ffca5c16000 	C:\Program Files\Java\jdk-19\bin\java.dll
0x00007ffc7ad50000 - 0x00007ffc7ae27000 	C:\Program Files\Java\jdk-19\bin\jsvml.dll
0x00007ffcb5f90000 - 0x00007ffcb6728000 	C:\WINDOWS\System32\SHELL32.dll
0x00007ffcb1ee0000 - 0x00007ffcb278e000 	C:\WINDOWS\SYSTEM32\windows.storage.dll
0x00007ffcb5670000 - 0x00007ffcb576b000 	C:\WINDOWS\System32\SHCORE.dll
0x00007ffcb4fc0000 - 0x00007ffcb5026000 	C:\WINDOWS\System32\shlwapi.dll
0x00007ffcb43c0000 - 0x00007ffcb43e9000 	C:\WINDOWS\SYSTEM32\profapi.dll
0x00007ffca3fc0000 - 0x00007ffca3fd8000 	C:\Program Files\Java\jdk-19\bin\zip.dll
0x00007ffca4000000 - 0x00007ffca4013000 	C:\Program Files\Java\jdk-19\bin\net.dll
0x00007ffcad1f0000 - 0x00007ffcad31a000 	C:\WINDOWS\SYSTEM32\WINHTTP.dll
0x00007ffcb37f0000 - 0x00007ffcb385c000 	C:\WINDOWS\system32\mswsock.dll
0x00007ffca3fe0000 - 0x00007ffca3ff6000 	C:\Program Files\Java\jdk-19\bin\nio.dll
0x00007ffca6210000 - 0x00007ffca6220000 	C:\Program Files\Java\jdk-19\bin\verify.dll
0x00007ffc9f630000 - 0x00007ffc9f657000 	C:\Users\JONATHAN\.gradle\native\660c5614fbf4a5f2a75b1949f50a0caf5cd603558e7d8a26e50b933a0cfb79d1\windows-amd64\native-platform.dll
0x00007ffc88180000 - 0x00007ffc881f7000 	C:\Users\JONATHAN\.gradle\native\0.2.8\x86_64-windows-gnu\gradle-fileevents.dll
0x00007ffca8e20000 - 0x00007ffca8e2a000 	C:\Program Files\Java\jdk-19\bin\management.dll
0x00007ffca7cd0000 - 0x00007ffca7cdb000 	C:\Program Files\Java\jdk-19\bin\management_ext.dll
0x00007ffcb67e0000 - 0x00007ffcb67e8000 	C:\WINDOWS\System32\PSAPI.DLL
0x00007ffcb2cc0000 - 0x00007ffcb2cf3000 	C:\WINDOWS\SYSTEM32\IPHLPAPI.DLL
0x00007ffcb5f80000 - 0x00007ffcb5f8a000 	C:\WINDOWS\System32\NSI.dll
0x00007ffcad3d0000 - 0x00007ffcad3ed000 	C:\WINDOWS\SYSTEM32\dhcpcsvc6.DLL
0x00007ffcad3a0000 - 0x00007ffcad3c5000 	C:\WINDOWS\SYSTEM32\dhcpcsvc.DLL
0x00007ffcb2d00000 - 0x00007ffcb2e58000 	C:\WINDOWS\SYSTEM32\DNSAPI.dll
0x00007ffcb35f0000 - 0x00007ffcb35fd000 	C:\WINDOWS\SYSTEM32\DSPARSE.dll
0x00007ffca7070000 - 0x00007ffca7078000 	C:\Program Files\Java\jdk-19\bin\extnet.dll
0x00007ffcb3c10000 - 0x00007ffcb3c2b000 	C:\WINDOWS\SYSTEM32\CRYPTSP.dll
0x00007ffcb31b0000 - 0x00007ffcb31e9000 	C:\WINDOWS\system32\rsaenh.dll
0x00007ffcb38a0000 - 0x00007ffcb38d4000 	C:\WINDOWS\SYSTEM32\USERENV.dll
0x00007ffcb4390000 - 0x00007ffcb43ba000 	C:\WINDOWS\SYSTEM32\bcrypt.dll
0x00007ffcb3be0000 - 0x00007ffcb3bec000 	C:\WINDOWS\SYSTEM32\CRYPTBASE.dll
0x00007ffca59b0000 - 0x00007ffca59be000 	C:\Program Files\Java\jdk-19\bin\sunmscapi.dll
0x00007ffcb4cd0000 - 0x00007ffcb4e4e000 	C:\WINDOWS\System32\CRYPT32.dll
0x00007ffcb3d80000 - 0x00007ffcb3db0000 	C:\WINDOWS\SYSTEM32\ncrypt.dll
0x00007ffcb3d30000 - 0x00007ffcb3d6f000 	C:\WINDOWS\SYSTEM32\NTASN1.dll
0x00007ffc6f4f0000 - 0x00007ffc6f4f8000 	C:\WINDOWS\system32\wshunix.dll
0x00007ffcab130000 - 0x00007ffcab13b000 	C:\Windows\System32\rasadhlp.dll
0x00007ffcada60000 - 0x00007ffcadae6000 	C:\WINDOWS\System32\fwpuclnt.dll
0x00007ffca5f30000 - 0x00007ffca5f71000 	C:\Users\JONATHAN\AppData\Local\Temp\jna--487030951\jna9033359688466327935.dll
0x00007ffcb3380000 - 0x00007ffcb33b6000 	C:\WINDOWS\SYSTEM32\ntmarta.dll
0x00007ffca6ff0000 - 0x00007ffca6ff7000 	C:\Program Files\Java\jdk-19\bin\rmi.dll
0x00007ffcb0c20000 - 0x00007ffcb0cbf000 	C:\WINDOWS\system32\apphelp.dll

dbghelp: loaded successfully - version: 4.0.5 - missing functions: none
symbol engine: initialized successfully - sym options: 0x614 - pdb path: .;C:\Program Files\Java\jdk-19\bin;C:\WINDOWS\SYSTEM32;C:\WINDOWS\WinSxS\amd64_microsoft.windows.common-controls_6595b64144ccf1df_6.0.26100.9278_none_3e0d1ba8e3303201;C:\Program Files\Java\jdk-19\bin\server;C:\Users\JONATHAN\.gradle\native\660c5614fbf4a5f2a75b1949f50a0caf5cd603558e7d8a26e50b933a0cfb79d1\windows-amd64;C:\Users\JONATHAN\.gradle\native\0.2.8\x86_64-windows-gnu;C:\Users\JONATHAN\AppData\Local\Temp\jna--487030951

VM Arguments:
jvm_args: --add-opens=java.base/java.lang=ALL-UNNAMED --add-opens=java.base/java.lang.invoke=ALL-UNNAMED --add-opens=java.base/java.util=ALL-UNNAMED --add-opens=java.prefs/java.util.prefs=ALL-UNNAMED --add-exports=jdk.compiler/com.sun.tools.javac.api=ALL-UNNAMED --add-exports=jdk.compiler/com.sun.tools.javac.util=ALL-UNNAMED --add-opens=java.base/java.util=ALL-UNNAMED --add-opens=java.prefs/java.util.prefs=ALL-UNNAMED --add-opens=java.base/java.nio.charset=ALL-UNNAMED --add-opens=java.base/java.net=ALL-UNNAMED --add-opens=java.base/java.util.concurrent=ALL-UNNAMED --add-opens=java.base/java.util.concurrent.atomic=ALL-UNNAMED --add-opens=java.xml/javax.xml.namespace=ALL-UNNAMED --add-opens=java.base/java.time=ALL-UNNAMED -XX:MaxMetaspaceSize=512m -Xmx2048m -Dfile.encoding=UTF-8 -Duser.country=US -Duser.language=en -Duser.variant -javaagent:C:\Users\JONATHAN\.gradle\wrapper\dists\gradle-9.4.1-bin\arn2x92ynaizyzdaamcbpbhtj\gradle-9.4.1\lib\agents\gradle-instrumentation-agent-9.4.1.jar 
java_command: org.gradle.launcher.daemon.bootstrap.GradleDaemon 9.4.1
java_class_path (initial): C:\Users\JONATHAN\.gradle\wrapper\dists\gradle-9.4.1-bin\arn2x92ynaizyzdaamcbpbhtj\gradle-9.4.1\lib\gradle-daemon-main-9.4.1.jar
Launcher Type: SUN_STANDARD

[Global flags]
     intx CICompilerCount                          = 4                                         {product} {ergonomic}
   size_t CompressedClassSpaceSize                 = 432013312                                 {product} {ergonomic}
     uint ConcGCThreads                            = 3                                         {product} {ergonomic}
     uint G1ConcRefinementThreads                  = 10                                        {product} {ergonomic}
   size_t G1HeapRegionSize                         = 1048576                                   {product} {ergonomic}
    uintx GCDrainStackTargetSize                   = 64                                        {product} {ergonomic}
   size_t InitialHeapSize                          = 266338304                                 {product} {ergonomic}
   size_t MarkStackSize                            = 4194304                                   {product} {ergonomic}
   size_t MaxHeapSize                              = 2147483648                                {product} {command line}
   size_t MaxMetaspaceSize                         = 536870912                                 {product} {command line}
   size_t MaxNewSize                               = 1287651328                                {product} {ergonomic}
   size_t MinHeapDeltaBytes                        = 1048576                                   {product} {ergonomic}
   size_t MinHeapSize                              = 8388608                                   {product} {ergonomic}
    uintx NonNMethodCodeHeapSize                   = 5839372                                {pd product} {ergonomic}
    uintx NonProfiledCodeHeapSize                  = 122909434                              {pd product} {ergonomic}
    uintx ProfiledCodeHeapSize                     = 122909434                              {pd product} {ergonomic}
    uintx ReservedCodeCacheSize                    = 251658240                              {pd product} {ergonomic}
     bool SegmentedCodeCache                       = true                                      {product} {ergonomic}
   size_t SoftMaxHeapSize                          = 2147483648                             {manageable} {ergonomic}
     bool UseCompressedClassPointers               = true                           {product lp64_product} {ergonomic}
     bool UseCompressedOops                        = true                           {product lp64_product} {ergonomic}
     bool UseG1GC                                  = true                                      {product} {ergonomic}
     bool UseLargePagesIndividualAllocation        = false                                  {pd product} {ergonomic}

Logging:
Log output configuration:
 #0: stdout all=warning uptime,level,tags foldmultilines=false
 #1: stderr all=off uptime,level,tags foldmultilines=false

Environment Variables:
JAVA_HOME=C:\Program Files\Java\jdk-19
PATH=D:\Qodum\node_modules\.bin;D:\Qodum\node_modules\.bin;D:\node_modules\.bin;C:\Users\JONATHAN\AppData\Roaming\npm\node_modules\npm\node_modules\@npmcli\run-script\lib\node-gyp-bin;c:\Users\JONATHAN\AppData\Roaming\Code\User\globalStorage\github.copilot-chat\debugCommand;c:\Users\JONATHAN\AppData\Roaming\Code\User\globalStorage\github.copilot-chat\copilotCli;C:\Program Files (x86)\VMware\VMware Workstation\bin\;C:\Program Files\nodejs;C:\WINDOWS\system32;C:\WINDOWS;C:\WINDOWS\System32\Wbem;C:\WINDOWS\System32\WindowsPowerShell\v1.0\;C:\WINDOWS\System32\OpenSSH\;C:\Windows\System32;C:\mingw64\bin;C:\Program Files\NVIDIA Corporation\NVIDIA App\NvDLISR;C:\Program Files (x86)\NVIDIA Corporation\PhysX\Common;C:\Program Files\dotnet\;C:\Program Files\nodejs\;C:\Program Files (x86)\Windows Kits\10\Windows Performance Toolkit\;C:\Users\JONATHAN\AppData\Local\pnpm\bin;C:\Program Files\Git\bin;C:\Program Files\Git\cmd;C:\Program Files\Java\jdk-19\bin;C:\Users\JONATHAN\AppData\Local\Android\Sdk\platform-tools;C:\Users\JONATHAN\AppData\Local\Microsoft\WindowsApps;C:\Users\JONATHAN\.fly\bin;C:\Users\JONATHAN\AppData\Local\Programs\Microsoft VS Code\bin;C:\Users\JONATHAN\AppData\Local\Microsoft\WindowsApps;C:\Users\JONATHAN\AppData\Roaming\npm;C:\Users\JONATHAN\AppData\Local\Python\bin;C:\Users\JONATHAN\AppData\Local\Android\Sdk\platform-tools;C:\Users\JONATHAN\AppData\Local\Android\Sdk\emulator;
USERNAME=JONATHAN
LANG=en_US.UTF-8
OS=Windows_NT
PROCESSOR_IDENTIFIER=Intel64 Family 6 Model 158 Stepping 10, GenuineIntel
TMP=C:\Users\JONATHAN\AppData\Local\Temp
TEMP=C:\Users\JONATHAN\AppData\Local\Temp



---------------  S Y S T E M  ---------------

OS:
 Windows 11 , 64 bit Build 26100 (10.0.26100.9444)
OS uptime: 1 days 15:21 hours
Hyper-V role detected

CPU: total 12 (initial active 12) (6 cores per cpu, 2 threads per core) family 6 model 158 stepping 10 microcode 0xf4, cx8, cmov, fxsr, ht, mmx, 3dnowpref, sse, sse2, sse3, ssse3, sse4.1, sse4.2, popcnt, lzcnt, tsc, tscinvbit, avx, avx2, aes, erms, clmul, bmi1, bmi2, adx, fma, vzeroupper, clflush, clflushopt, hv, rdtscp

Memory: 4k page, system-wide physical 16195M (2213M free)
TotalPageFile size 20291M (AvailPageFile size 82M)
current process WorkingSet (physical memory assigned to process): 1089M, peak: 1089M
current process commit charge ("private bytes"): 1202M, peak: 1479M

vm_info: Java HotSpot(TM) 64-Bit Server VM (19.0.1+10-21) for windows-amd64 JRE (19.0.1+10-21), built on 2022-09-14T12:45:06Z by "mach5one" with MS VC++ 17.1 (VS2022)

END.
